lead_hours,source,selected_source,selected_on_train,split,n_samples,n_train,n_test,train_rmse_mm,rmse_mm,bias_mm,acc,seeps,fss_7.5mm,pod_7.5mm,far_7.5mm,csi_7.5mm,ets_7.5mm,fss_64.5mm,pod_64.5mm,far_64.5mm,csi_64.5mm,ets_64.5mm,fss_115.6mm,pod_115.6mm,far_115.6mm,csi_115.6mm,ets_115.6mm,fss_204.5mm,pod_204.5mm,far_204.5mm,csi_204.5mm,ets_204.5mm
24,graphcast,,False,seasonal_block_split (single-season store; leave_one_year_out not usable),18,14,4,15.388355952014843,11.48862807988805,0.097820461911538,0.4007919611903656,1.3368608784773068,0.2428242874649097,0.572472901436854,0.47636615171777724,0.37642963699651916,0.26278754100881346,0.1339829194343508,0.1282051282051282,0.6428571428571429,0.10416666666666667,0.10195796869778825,0.0,0.0,1.0,0.0,-5.105365739392102e-05,0.0,0.0,nan,0.0,0.0
24,hres,,False,seasonal_block_split (single-season store; leave_one_year_out not usable),18,14,4,17.52552297839639,13.502336007890941,0.966107823799188,0.35106009034722757,1.385682399935731,0.2547622787437708,0.5570960423493824,0.5487954267047774,0.33208114199849736,0.206917031769824,0.19726440416222368,0.21153846153846154,0.7962962962962963,0.11578947368421053,0.11153088830902717,0.06251915415262033,0.11764705882352941,0.9354838709677419,0.043478260869565216,0.042885547219018126,0.0,0.0,1.0,0.0,-4.054218414260038e-05
24,ifs_ens_mean,,True,seasonal_block_split (single-season store; leave_one_year_out not usable),18,14,4,15.344990661212142,11.763709736780594,1.3121435122089284,0.42745650819045583,1.486092506966092,0.2488938629907771,0.619359717670784,0.5375494071146245,0.36010552542869706,0.23184118388993186,0.23918149052435766,0.21794871794871795,0.6761904761904762,0.14977973568281938,0.1464504962802884,0.05771873568483721,0.11764705882352941,0.6,0.1,0.09979319573415513,0.0,0.0,nan,0.0,0.0
24,best_single_member_on_train,ifs_ens_mean,False,seasonal_block_split (single-season store; leave_one_year_out not usable),18,14,4,15.344990661212142,11.763709736780594,1.3121435122089284,0.42745650819045583,1.486092506966092,0.2488938629907771,0.619359717670784,0.5375494071146245,0.36010552542869706,0.23184118388993186,0.23918149052435766,0.21794871794871795,0.6761904761904762,0.14977973568281938,0.1464504962802884,0.05771873568483721,0.11764705882352941,0.6,0.1,0.09979319573415513,0.0,0.0,nan,0.0,0.0
48,graphcast,,True,seasonal_block_split (single-season store; leave_one_year_out not usable),18,14,4,14.42087528002701,12.448817245199965,0.868246051028907,0.3503732209148856,1.5341525007354508,0.2255703206165699,0.6612359550561798,0.5234817813765182,0.38301334201106413,0.2701212927068312,0.07843981510795917,0.022857142857142857,0.9411764705882353,0.016736401673640166,0.014082910014513787,0.0,0.0,nan,0.0,0.0,0.0,0.0,nan,0.0,0.0
48,hres,,False,seasonal_block_split (single-season store; leave_one_year_out not usable),18,14,4,18.865148326649074,16.417989964484974,1.932444531116534,0.240147625870011,1.5345964993881525,0.22542834113185262,0.6095505617977528,0.5803519628698511,0.3307422648986435,0.2110934727037283,0.0864249065136099,0.05142857142857143,0.9590909090909091,0.023316062176165803,0.01802182330165435,0.050217286335103695,0.02702702702702703,0.9833333333333333,0.010416666666666666,0.00917813934084272,0.0017490161783997316,0.0,1.0,0.0,-4.729953443743961e-05
48,ifs_ens_mean,,False,seasonal_block_split (single-season store; leave_one_year_out not usable),18,14,4,14.89946397489459,13.782749232754158,1.9880057111016023,0.30841457380916376,1.616012116020653,0.22751771133293108,0.678932584269663,0.564111812443643,0.36139354066985646,0.2401656732809041,0.03179119754350046,0.017142857142857144,0.972972972972973,0.01060070671378092,0.0069161198794112436,0.0017273288093766492,0.0,1.0,0.0,-0.0006041383476816191,0.0,0.0,nan,0.0,0.0
48,best_single_member_on_train,graphcast,False,seasonal_block_split (single-season store; leave_one_year_out not usable),18,14,4,14.42087528002701,12.448817245199965,0.868246051028907,0.3503732209148856,1.5341525007354508,0.2255703206165699,0.6612359550561798,0.5234817813765182,0.38301334201106413,0.2701212927068312,0.07843981510795917,0.022857142857142857,0.9411764705882353,0.016736401673640166,0.014082910014513787,0.0,0.0,nan,0.0,0.0,0.0,0.0,nan,0.0,0.0
72,graphcast,,False,seasonal_block_split (single-season store; leave_one_year_out not usable),18,14,4,15.697647794496493,11.804121755460201,1.1022959806957133,0.44935277886429514,1.435737612332366,0.24167725131534734,0.6912769311613243,0.530010718113612,0.38845415620847484,0.2631630407573815,0.19670616022489518,0.1366906474820144,0.7956989247311828,0.0892018779342723,0.08620412656874868,0.0,0.0,nan,0.0,0.0,0.0,0.0,nan,0.0,0.0
72,hres,,False,seasonal_block_split (single-season store; leave_one_year_out not usable),18,14,4,20.841141848729595,17.965260074348905,1.9290769597569832,0.2826352971655572,1.36504365172355,0.23067003326501,0.5990541250656858,0.5631347001341254,0.3380281690140845,0.21270207472268174,0.13397777298894786,0.17266187050359713,0.9066147859922179,0.06451612903225806,0.059634893534106205,0.08306314651845004,0.16666666666666666,0.9518072289156626,0.038834951456310676,0.03782910289843804,0.017629774730656078,0.0,1.0,0.0,-9.980205924915584e-05
72,ifs_ens_mean,,True,seasonal_block_split (single-season store; leave_one_year_out not usable),18,14,4,15.235148682606551,13.847893108506671,1.6547455246865397,0.3167178565196721,1.4865691148397235,0.23620538145098546,0.6713084603258014,0.5554975643702157,0.36505215030718674,0.23596211656801477,0.04463410053627681,0.04316546762589928,0.9634146341463414,0.020202020202020204,0.016120024036387934,0.0,0.0,1.0,0.0,-0.00014416492467382686,0.0,0.0,nan,0.0,0.0
72,best_single_member_on_train,ifs_ens_mean,False,seasonal_block_split (single-season store; leave_one_year_out not usable),18,14,4,15.235148682606551,13.847893108506671,1.6547455246865397,0.3167178565196721,1.4865691148397235,0.23620538145098546,0.6713084603258014,0.5554975643702157,0.36505215030718674,0.23596211656801477,0.04463410053627681,0.04316546762589928,0.9634146341463414,0.020202020202020204,0.016120024036387934,0.0,0.0,1.0,0.0,-0.00014416492467382686,0.0,0.0,nan,0.0,0.0
96,graphcast,,True,seasonal_block_split (single-season store; leave_one_year_out not usable),17,14,3,16.025557405908938,12.705206161804977,-0.2076190901308012,0.4910847388239978,1.3927012509097103,0.23938773510743672,0.662052362323202,0.542809642560266,0.37068239258635216,0.21903549043610498,0.3626407338098596,0.08415841584158416,0.43333333333333335,0.07906976744186046,0.07719515697507444,0.00701549254603917,0.0,nan,0.0,0.0,0.0,0.0,nan,0.0,0.0
96,hres,,False,seasonal_block_split (single-season store; leave_one_year_out not usable),17,14,3,22.489669377375286,19.288480365039312,0.4816712239347063,0.26160312093575433,1.3286540077336324,0.23184602249318054,0.5212157688835389,0.5269052171537831,0.32977913175932977,0.19546663569334013,0.1888925354629325,0.11386138613861387,0.8789473684210526,0.06233062330623306,0.05524850462314733,0.011551044935568022,0.0,1.0,0.0,-0.001592315396190077,0.0,0.0,1.0,0.0,-6.828346743447632e-05
96,ifs_ens_mean,,False,seasonal_block_split (single-season store; leave_one_year_out not usable),17,14,3,16.158976281331608,14.47554304349476,0.2245651695365279,0.3324382939667254,1.4716663849634433,0.23444955990260952,0.5853144748721035,0.525146484375,0.355316039459262,0.21456059987223122,0.1473853262707091,0.0594059405940594,0.8620689655172413,0.04332129963898917,0.038926750241322014,0.0,0.0,1.0,0.0,-0.00019772248413586007,0.0,0.0,nan,0.0,0.0
96,best_single_member_on_train,graphcast,False,seasonal_block_split (single-season store; leave_one_year_out not usable),17,14,3,16.025557405908938,12.705206161804977,-0.2076190901308012,0.4910847388239978,1.3927012509097103,0.23938773510743672,0.662052362323202,0.542809642560266,0.37068239258635216,0.21903549043610498,0.3626407338098596,0.08415841584158416,0.43333333333333335,0.07906976744186046,0.07719515697507444,0.00701549254603917,0.0,nan,0.0,0.0,0.0,0.0,nan,0.0,0.0
120,graphcast,,True,seasonal_block_split (single-season store; leave_one_year_out not usable),17,14,3,15.221055045746006,14.831577752631487,0.7331744890156887,0.2782436146249246,1.709140296529327,0.21385505784747816,0.6558139534883721,0.6336198281031381,0.30729253981559096,0.16646300089603247,0.12560283687943263,0.03980099502487562,0.5555555555555556,0.037914691943127965,0.03672426228801778,0.0,0.0,nan,0.0,0.0,0.0,0.0,nan,0.0,0.0
120,hres,,False,seasonal_block_split (single-season store; leave_one_year_out not usable),17,14,3,21.742446474622117,17.6538419885793,0.7200767070463112,0.1973866864886586,1.5544115100415867,0.2030976577209912,0.5177101967799642,0.6490419597380548,0.264485468835679,0.1328440162928969,0.2804173629294352,0.08955223880597014,0.8317757009345794,0.06206896551724138,0.05702877111659636,0.061577646265637664,0.0,1.0,0.0,-0.001516658188892729,0.0,0.0,1.0,0.0,-0.00020596261778487205
120,ifs_ens_mean,,False,seasonal_block_split (single-season store; leave_one_year_out not usable),17,14,3,16.238231381868758,15.377904587214676,0.6475003179936321,0.2247748006104646,1.6896819205769407,0.20560724115684115,0.6139534883720931,0.6361323155216285,0.29611734253666955,0.15810151090217905,0.16967733490411685,0.04477611940298507,0.7857142857142857,0.038461538461538464,0.03595488755238847,0.0,0.0,1.0,0.0,-0.0005946318659421436,0.0,0.0,nan,0.0,0.0
120,best_single_member_on_train,graphcast,False,seasonal_block_split (single-season store; leave_one_year_out not usable),17,14,3,15.221055045746006,14.831577752631487,0.7331744890156887,0.2782436146249246,1.709140296529327,0.21385505784747816,0.6558139534883721,0.6336198281031381,0.30729253981559096,0.16646300089603247,0.12560283687943263,0.03980099502487562,0.5555555555555556,0.037914691943127965,0.03672426228801778,0.0,0.0,nan,0.0,0.0,0.0,0.0,nan,0.0,0.0
