lead_hours,region,bin,n_test_cells,crps_mm,mse_mm2,bias_mm,is_fallback
24,CI,dry,5043,0.9763749578795461,13.986902605604271,1.702798833894919,False
24,NE1,dry,1263,2.0226281171551035,41.88842500996702,0.8680160406698636,False
24,NE2,dry,468,3.5070544777330865,67.32160873257237,-0.6265110666458118,False
24,SI,dry,2408,2.6760858721158916,51.04151533812011,0.9855306003214971,False
24,WC,dry,518,3.67046862068202,102.67012577701983,-1.4703488702954772,False
24,WI,dry,3872,2.345339402389778,52.158997290097936,0.1556905939630071,False
24,CI,light,673,4.53731463303145,114.97998693449927,4.792831185805468,False
24,NE1,light,832,7.158124683771441,187.9118877061496,-0.3026774941355799,False
24,NE2,light,969,9.113671958994223,385.69755975496395,-2.219394172013969,False
24,SI,light,1582,9.160216305359967,337.36520987833416,-0.5373615582027093,False
24,WC,light,685,10.492987783046429,482.98029029238666,-3.3036018259963496,False
24,WI,light,164,10.409605006989983,419.0526570334046,-1.6267845608771863,False
24,CI,heavy,0,nan,nan,nan,True
24,NE1,heavy,1,28.78218650817871,828.4142601915846,-28.78218650817871,True
24,NE2,heavy,11,13.84504345647643,1330.9364977247285,34.30250938687521,False
24,SI,heavy,2,48.58964538574219,2578.2270235529286,-48.58964538574219,True
24,WC,heavy,9,87.87959734598796,9027.413857569689,-87.87959734598796,True
24,WI,heavy,0,nan,nan,nan,True
24,CI,very_heavy,0,nan,nan,nan,True
24,NE1,very_heavy,0,nan,nan,nan,True
24,NE2,very_heavy,0,nan,nan,nan,True
24,SI,very_heavy,0,nan,nan,nan,True
24,WC,very_heavy,0,nan,nan,nan,True
24,WI,very_heavy,0,nan,nan,nan,True
24,CI,extremely_heavy,0,nan,nan,nan,True
24,NE1,extremely_heavy,0,nan,nan,nan,True
24,NE2,extremely_heavy,0,nan,nan,nan,True
24,SI,extremely_heavy,0,nan,nan,nan,True
24,WC,extremely_heavy,0,nan,nan,nan,True
24,WI,extremely_heavy,0,nan,nan,nan,True
48,CI,dry,4661,1.1823934472010902,27.47978446554298,1.6947144976451336,False
48,NE1,dry,1279,3.649968406801899,93.16746608392775,0.4603223318304998,False
48,NE2,dry,486,1.9947774999400982,27.538840585512677,3.411326021480599,False
48,SI,dry,2500,2.8501039672076716,57.92145029480701,1.3251470598307047,False
48,WC,dry,504,1.5366215689734761,23.063776232186495,1.8803642693730862,False
48,WI,dry,3890,1.2817877892423009,35.13721047358464,0.8605779565420419,False
48,CI,light,1055,6.129978288998781,194.61663401573895,1.7610956617430327,False
48,NE1,light,797,13.326639646025606,739.3352057195438,-9.98365304871935,False
48,NE2,light,930,9.745336296485204,603.5996513307085,-2.7139525755592424,False
48,SI,light,1492,7.815739974402049,283.28786419169535,-2.215889213788729,False
48,WC,light,689,8.346176080965092,356.2668159753906,5.695658709309032,False
48,WI,light,146,9.410934341402067,345.17017267336195,1.0024711581484396,False
48,CI,heavy,0,nan,nan,nan,True
48,NE1,heavy,20,12.527482575178146,376.2738922172046,-12.527482575178146,True
48,NE2,heavy,32,17.487661313260766,1211.2856287947513,24.76874440744233,False
48,SI,heavy,0,nan,nan,nan,True
48,WC,heavy,19,29.604786672090228,1997.0468571188578,-29.604786672090228,True
48,WI,heavy,0,nan,nan,nan,True
48,CI,very_heavy,0,nan,nan,nan,True
48,NE1,very_heavy,0,nan,nan,nan,True
48,NE2,very_heavy,0,nan,nan,nan,True
48,SI,very_heavy,0,nan,nan,nan,True
48,WC,very_heavy,0,nan,nan,nan,True
48,WI,very_heavy,0,nan,nan,nan,True
48,CI,extremely_heavy,0,nan,nan,nan,True
48,NE1,extremely_heavy,0,nan,nan,nan,True
48,NE2,extremely_heavy,0,nan,nan,nan,True
48,SI,extremely_heavy,0,nan,nan,nan,True
48,WC,extremely_heavy,0,nan,nan,nan,True
48,WI,extremely_heavy,0,nan,nan,nan,True
72,CI,dry,4548,0.927216325259025,16.21383674149094,1.3679067591511802,False
72,NE1,dry,1066,2.7022759946957287,57.236798841895826,2.479544450590878,False
72,NE2,dry,358,2.082376839176613,30.283127388957137,3.184124231934131,False
72,SI,dry,2555,4.169467810751567,114.6420566935738,-2.057893428598721,False
72,WC,dry,535,1.719255647209445,22.423597101243317,-0.1622342252280141,False
72,WI,dry,3819,0.9660621856854371,15.570690596479848,0.8271825407209145,False
72,CI,light,1138,7.737430561483811,266.9834851697037,1.0813990541053462,False
72,NE1,light,1002,8.717051772907775,358.0716715435218,-0.5402407724438744,False
72,NE2,light,1073,9.10009717850997,361.15937082993617,-3.9803604096818845,False
72,SI,light,1437,6.763407966785631,230.53193609921266,-1.5538847713806014,False
72,WC,light,677,8.235805249531381,425.37632224667374,2.191529581284886,False
72,WI,light,217,7.923955293952246,230.18307232867724,-1.6967284137966703,False
72,CI,heavy,30,19.080633434653283,619.7899632354795,-19.080633434653283,True
72,NE1,heavy,28,94.3388905780656,11274.44054332128,-94.3388905780656,True
72,NE2,heavy,17,12.994060732657843,275.3039029631022,-1.3350584831495302,False
72,SI,heavy,0,nan,nan,nan,True
72,WC,heavy,0,nan,nan,nan,True
72,WI,heavy,0,nan,nan,nan,True
72,CI,very_heavy,0,nan,nan,nan,True
72,NE1,very_heavy,0,nan,nan,nan,True
72,NE2,very_heavy,0,nan,nan,nan,True
72,SI,very_heavy,0,nan,nan,nan,True
72,WC,very_heavy,0,nan,nan,nan,True
72,WI,very_heavy,0,nan,nan,nan,True
72,CI,extremely_heavy,0,nan,nan,nan,True
72,NE1,extremely_heavy,0,nan,nan,nan,True
72,NE2,extremely_heavy,0,nan,nan,nan,True
72,SI,extremely_heavy,0,nan,nan,nan,True
72,WC,extremely_heavy,0,nan,nan,nan,True
72,WI,extremely_heavy,0,nan,nan,nan,True
96,CI,dry,3273,2.8313682051857634,76.22225654169243,-0.5952059308300751,False
96,NE1,dry,769,2.376947757522876,38.24071179976006,1.6013267027647864,False
96,NE2,dry,163,9.470942567709171,305.832484846139,-7.877631377274112,False
96,SI,dry,1762,2.0237679845907683,41.64965165405124,1.682498656149477,False
96,WC,dry,346,3.0043874635913355,60.9980681832852,2.067760746957473,False
96,WI,dry,2848,2.0213967412846796,56.59704504479534,-0.5917859504358942,False
96,CI,light,1008,8.771121912362755,478.4757664759265,-2.429460469210664,False
96,NE1,light,787,10.328056773015984,530.1571308080844,-1.780433175050397,False
96,NE2,light,911,11.21550004355397,571.5731656791246,-3.7218630513812303,False
96,SI,light,1232,6.125953750030061,208.1792587046098,3.4111660674598214,False
96,WC,light,563,6.886508791694328,226.60498377655935,4.2510495329985645,False
96,WI,light,179,3.855326471569189,97.30092725869888,6.457400356343444,False
96,CI,heavy,6,86.81331253051758,7757.114901187121,-86.81331253051758,True
96,NE1,heavy,15,92.29467544555663,8889.43226448363,-92.29467544555663,True
96,NE2,heavy,12,9.004713712822532,320.27372605146735,12.600883314314556,False
96,SI,heavy,0,nan,nan,nan,True
96,WC,heavy,0,nan,nan,nan,True
96,WI,heavy,0,nan,nan,nan,True
96,CI,very_heavy,0,nan,nan,nan,True
96,NE1,very_heavy,1,111.45730590820312,12422.731040314771,-111.45730590820312,True
96,NE2,very_heavy,0,nan,nan,nan,True
96,SI,very_heavy,0,nan,nan,nan,True
96,WC,very_heavy,0,nan,nan,nan,True
96,WI,very_heavy,0,nan,nan,nan,True
96,CI,extremely_heavy,0,nan,nan,nan,True
96,NE1,extremely_heavy,0,nan,nan,nan,True
96,NE2,extremely_heavy,0,nan,nan,nan,True
96,SI,extremely_heavy,0,nan,nan,nan,True
96,WC,extremely_heavy,0,nan,nan,nan,True
96,WI,extremely_heavy,0,nan,nan,nan,True
120,CI,dry,3703,3.1152027754275244,158.01307166057438,-0.2150504420124692,False
120,NE1,dry,813,6.7594497894352426,339.55062670173623,-3.340959328164177,False
120,NE2,dry,277,4.914795121313777,103.57464615286005,-1.600326207380269,False
120,SI,dry,1055,2.3407267835676704,62.84215595637771,5.1184496935403425,False
120,WC,dry,325,2.695409350602821,46.082504135359926,3.934110393768252,False
120,WI,dry,2706,0.5029514765557336,8.612396927414302,1.6439390955603617,False
120,CI,light,584,5.881028493909655,232.31155272876566,0.10369344193634178,False
120,NE1,light,759,14.26208498938879,1024.8096235122428,-6.7924293744784965,False
120,NE2,light,784,9.666669187191767,778.7023607850911,-0.1594767837889661,False
120,SI,light,1939,5.4441366177482955,163.31518567707036,4.096161933083271,False
120,WC,light,584,6.7715894045174645,235.79394790359896,5.542574468015179,False
120,WI,light,321,6.2317037242740385,326.0702938476567,4.0534958221830895,False
120,CI,heavy,0,nan,nan,nan,True
120,NE1,heavy,0,nan,nan,nan,True
120,NE2,heavy,25,13.972365001109868,568.2616864227876,16.31992376599093,False
120,SI,heavy,0,nan,nan,nan,True
120,WC,heavy,0,nan,nan,nan,True
120,WI,heavy,0,nan,nan,nan,True
120,CI,very_heavy,0,nan,nan,nan,True
120,NE1,very_heavy,0,nan,nan,nan,True
120,NE2,very_heavy,0,nan,nan,nan,True
120,SI,very_heavy,0,nan,nan,nan,True
120,WC,very_heavy,0,nan,nan,nan,True
120,WI,very_heavy,0,nan,nan,nan,True
120,CI,extremely_heavy,0,nan,nan,nan,True
120,NE1,extremely_heavy,0,nan,nan,nan,True
120,NE2,extremely_heavy,0,nan,nan,nan,True
120,SI,extremely_heavy,0,nan,nan,nan,True
120,WC,extremely_heavy,0,nan,nan,nan,True
120,WI,extremely_heavy,0,nan,nan,nan,True
