lead_hours,region,is_fallback,tier1_rmse_mm,tier1_bias_mm,tier1_acc,tier1_seeps,equal_rmse_mm,equal_bias_mm,equal_acc,equal_seeps
24,CI,False,6.524631387063231,2.2460731651996784,0.4630019623335105,0.37589923092419064,6.434519696127294,2.173932953915434,0.4644524760532448,0.3664121627189498
24,NE1,False,10.567268533952435,1.9180184474911033,0.5141033144651729,0.16692556779510592,11.295517490062734,2.058818381238851,0.4694611501693841,0.16416503682247297
24,NE2,False,18.56526929469865,4.053300193205564,0.23939171128344358,0.12757005540694238,19.134738146576133,4.324968693978179,0.24379398553691153,0.12800980976026818
24,SI,False,13.474337282911948,-0.24238255914096624,0.43419672927033454,0.40873644592291436,13.56730272911,0.07437955417544061,0.44745263960032333,0.4031475708271108
24,WC,False,19.797100213088374,-0.016074223222209087,0.44555148919459736,0.11950596057548266,19.226629576265633,-1.1679201963572077,0.4705260038976724,0.1133382233809232
24,WI,False,8.496001650532271,-1.7410811725108295,0.19575367005399288,0.21045237541575615,8.566355721198606,-1.7921208892426186,0.1783907531441286,0.20065580527869203
48,CI,False,8.943919404458137,2.370846415948612,0.32061506956705843,0.47411758109551055,9.321147160681587,2.3813467075843366,0.28948875125720985,0.4713771735057583
48,NE1,False,18.775942427341324,-1.7477786205215138,0.2534288531570618,0.13808572673893987,19.13099169714036,-1.6422001525269485,0.24980839889497602,0.13452866763536298
48,NE2,False,22.47687488537709,5.57047202261647,0.31367869505966006,0.1131440724969299,24.779411911380993,6.896101291620188,0.2532548140265309,0.1237750693286588
48,SI,False,11.36889680209404,0.823403957477999,0.45757817856884314,0.5006201989428407,11.567655422969631,0.9227056235453144,0.4434045832261556,0.5004266606301735
48,WC,False,16.31744668144973,3.7669011046487872,0.4516080978936935,0.16781824225272376,20.492070180356993,5.9384343754644675,0.3606989249420211,0.16833282551128956
48,WI,False,6.713168929001015,-0.3320121755531321,0.35673917770475655,0.18858935866900042,6.9242731701433495,-0.3730947559516043,0.3188561695844413,0.1755260968956937
72,CI,False,13.792600352393707,3.4976914514246156,0.28816718956959536,0.4459015014155497,14.003560760639498,3.3613412564859826,0.2910386721963503,0.4198194809150673
72,NE1,False,15.134076150014474,-1.459520732972068,0.6404925952073558,0.11193979022093013,14.778347519041503,-1.07866580110632,0.637258147301808,0.1170904498320996
72,NE2,False,17.374107333448904,4.902664967414012,0.4919882017431674,0.10641881907339076,19.2629852503217,5.443493369758677,0.45628147366873106,0.11041097284278756
72,SI,False,12.653927023726057,-0.6856524437908653,0.3397095237806674,0.3828613809712397,12.928972161561433,-0.5222068747145823,0.3220369068743179,0.3845522508922891
72,WC,False,16.74935668879803,3.9077140599349134,0.38315920430113914,0.18645233726678428,18.555915565341547,4.486766907552395,0.3464954534750421,0.17808401340102903
72,WI,False,5.517550319896074,0.2993496115088856,0.331213813965146,0.22071773089908442,5.218816246891125,0.17584177020981265,0.40780959873330597,0.22244947462460204
96,CI,False,14.044493030732795,-0.1320214794988435,0.3937843426756147,0.37329961080985224,14.833954714609812,-0.26096995498208636,0.3927671859103437,0.3161844914851607
96,NE1,False,18.076826901882825,-1.4944967069209254,0.561090005891707,0.14476554538652112,17.394130697891054,-1.122727122064107,0.6012955178154327,0.13992140996452707
96,NE2,False,23.674449246075934,0.06361786351889459,0.18023176747293707,0.1282191984615573,25.568027679122668,1.07754879561553,0.19565120071743541,0.1255554093453063
96,SI,False,10.202985728455943,1.225730068111979,0.49150521741683456,0.4467407917255413,10.351584168007939,0.7497783632280804,0.4533983098243231,0.4088441901131001
96,WC,False,12.01981909336577,2.1663387462577655,0.503902752416977,0.15233789066178066,14.420599872565806,3.314487996304542,0.3828239392222914,0.14518475444536716
96,WI,False,7.575809537955516,-0.3442651675629,0.03131422630754795,0.24559992040030612,7.875858235043956,-0.40902336945546275,-0.0075568474938144765,0.20636219801351735
120,CI,False,12.84517564757659,-1.039231046442161,0.22310164875226202,0.3251798932206332,12.462808199292386,-1.4152370459606793,0.3591480146425722,0.30165680270690126
120,NE1,False,25.80416194310633,-5.641244763697317,0.3848709423559025,0.11890929609981678,25.59367376442197,-5.6230741311581545,0.39017605014682927,0.1235592381996468
120,NE2,False,24.69538031628332,3.139817066896816,0.3257090528774993,0.11837155849723704,28.133661335365467,4.856456027854178,0.24084738938107358,0.13390202678388458
120,SI,False,10.990374595958725,3.7572369894501163,0.16570918908777396,0.581512739031023,10.885706435409393,3.2070093381729556,0.1568817679062738,0.5464019218406628
120,WC,False,12.655950027534399,2.8776703718206162,0.4259776242734539,0.1675139735606822,15.124972807105433,5.4304931868754975,0.345161546845771,0.19642409128447355
120,WI,False,6.3968248357449085,1.6072403588532203,0.2995499662810748,0.3720090220996132,6.529623699033109,1.589148989465495,0.31724943367444586,0.3461330252837047
