method,lead_hours,n_days,lag1_autocorrelation_mse
best_single_member_on_train,24,4,-0.4089247450672525
best_single_member_on_train,48,4,-0.44071880789725165
best_single_member_on_train,72,4,-0.40880687723899384
best_single_member_on_train,96,3,-0.12029781053040657
best_single_member_on_train,120,3,-0.10858487203598922
climatology,24,4,-0.049438295289205
climatology,48,4,-0.10050631581511704
climatology,72,4,-0.348708465755533
climatology,96,3,-0.10034900124089452
climatology,120,3,-0.10760816418417388
graphcast,24,4,-0.3057050882990653
graphcast,48,4,-0.44071880789725165
graphcast,72,4,-0.3625888371024997
graphcast,96,3,-0.12029781053040657
graphcast,120,3,-0.10858487203598922
hres,24,4,-0.5439162291805306
hres,48,4,-0.44351027868373494
hres,72,4,-0.3602100640153867
hres,96,3,-0.04782603944970449
hres,120,3,-0.24345098457346587
ifs_ens_mean,24,4,-0.4089247450672525
ifs_ens_mean,48,4,-0.47656378717047243
ifs_ens_mean,72,4,-0.40880687723899384
ifs_ens_mean,96,3,-0.1462638742682754
ifs_ens_mean,120,3,-0.12926093744465694
phase2_lagged_graphcast,24,4,-0.30201920702690505
phase2_lagged_graphcast,48,4,-0.44727195014463694
phase2_lagged_graphcast,72,4,-0.3759111297600412
phase2_lagged_graphcast,96,3,-0.12057291761836039
phase2_lagged_graphcast,120,3,-0.11578791658409741
tier0,24,4,-0.4363411637850533
tier0,48,4,-0.46889508561039484
tier0,72,4,-0.38286714301062624
tier0,96,3,-0.1202848436441532
tier0,120,3,-0.14149195546178447
tier1_regional,24,4,-0.41021236244007714
tier1_regional,48,4,-0.48679708155519974
tier1_regional,72,4,-0.39463699303200817
tier1_regional,96,3,-0.1500650007291803
tier1_regional,120,3,-0.1111133196052893
tier2_bma,24,4,-0.16821509434702692
tier2_bma,48,4,-0.18309288394464704
tier2_bma,72,4,-0.36655733682578484
tier2_bma,96,3,-0.1290155714971977
tier2_bma,120,3,-0.11503091297291025
tier2_emos_graphcast,24,4,-0.10723375781185342
tier2_emos_graphcast,48,4,-0.21368758556013984
tier2_emos_graphcast,72,4,-0.35477959864900094
tier2_emos_graphcast,96,3,-0.10548335084566994
tier2_emos_graphcast,120,3,-0.10675586873715212
tier2_emos_ifs_ens,24,4,-0.15268231241268113
tier2_emos_ifs_ens,48,4,-0.34951360291583233
tier2_emos_ifs_ens,72,4,-0.37145612410364215
tier2_emos_ifs_ens,96,3,-0.13775538258163111
tier2_emos_ifs_ens,120,3,-0.11573380737735241
tier3_regime_conditioned,24,4,-0.32771663180344296
tier3_regime_conditioned,48,4,-0.47431448635717854
tier3_regime_conditioned,72,4,-0.39267645151982333
tier3_regime_conditioned,96,3,-0.14278340832468978
tier3_regime_conditioned,120,3,-0.11898864315801248
