source,lead_hours,n_samples,baseline_mean_rmse_mm,baseline_std_rmse_mm,baseline_n_samples,rolling_mean_of_per_sample_rmse_mm,rolling_domain_wide_rmse_mm,drift_threshold_mm,is_drift,reason
graphcast,24,122,13.390991750407558,4.371854835822357,122,10.904663599622548,12.324590477300816,22.134701422052274,False,rolling rmse_mm=10.905 vs. baseline mean=13.391 + 2.0*std=4.372 = threshold 22.135 (n=122 historical samples)
graphcast,48,121,12.946988269777327,4.016748388606888,121,10.773475339130473,11.960070454660846,20.980485046991102,False,rolling rmse_mm=10.773 vs. baseline mean=12.947 + 2.0*std=4.017 = threshold 20.980 (n=121 historical samples)
graphcast,72,120,12.960483753107715,3.970881790734765,120,10.97317872597809,12.225617176982059,20.902247334577247,False,rolling rmse_mm=10.973 vs. baseline mean=12.960 + 2.0*std=3.971 = threshold 20.902 (n=120 historical samples)
graphcast,96,119,12.990224635874972,3.9636085212383403,119,10.791265821183314,12.016881878134187,20.91744167835165,False,rolling rmse_mm=10.791 vs. baseline mean=12.990 + 2.0*std=3.964 = threshold 20.917 (n=119 historical samples)
graphcast,120,118,13.018352970335732,3.8361791352004775,118,10.709818156504127,11.905886484218982,20.690711240736686,False,rolling rmse_mm=10.710 vs. baseline mean=13.018 + 2.0*std=3.836 = threshold 20.691 (n=118 historical samples)
hres,24,122,16.395772422575575,5.538164215585738,122,12.59196117390331,14.205382203588437,27.47210085374705,False,rolling rmse_mm=12.592 vs. baseline mean=16.396 + 2.0*std=5.538 = threshold 27.472 (n=122 historical samples)
hres,48,121,17.197588739509385,5.639357278218678,121,12.359729656967405,13.590042560623788,28.476303295946742,False,rolling rmse_mm=12.360 vs. baseline mean=17.198 + 2.0*std=5.639 = threshold 28.476 (n=121 historical samples)
hres,72,120,17.577403551280167,5.617042756704014,120,12.875989332748247,14.299890874314787,28.811489064688196,False,rolling rmse_mm=12.876 vs. baseline mean=17.577 + 2.0*std=5.617 = threshold 28.811 (n=120 historical samples)
hres,96,119,17.303380650874725,5.2096321694523935,119,13.020475941095174,14.66822368335435,27.72264498977951,False,rolling rmse_mm=13.020 vs. baseline mean=17.303 + 2.0*std=5.210 = threshold 27.723 (n=119 historical samples)
hres,120,118,17.31974714274041,5.161856787541678,118,13.067663132503094,14.568673127122267,27.643460717823768,False,rolling rmse_mm=13.068 vs. baseline mean=17.320 + 2.0*std=5.162 = threshold 27.643 (n=118 historical samples)
ifs_ens_mean,24,122,13.809800010888669,4.367148735398355,122,10.954042376778682,12.198322025970349,22.544097481685377,False,rolling rmse_mm=10.954 vs. baseline mean=13.810 + 2.0*std=4.367 = threshold 22.544 (n=122 historical samples)
ifs_ens_mean,48,121,13.392422662356816,4.114446259096551,121,10.663364624481009,11.728595620759746,21.62131518054992,False,rolling rmse_mm=10.663 vs. baseline mean=13.392 + 2.0*std=4.114 = threshold 21.621 (n=121 historical samples)
ifs_ens_mean,72,120,13.151393355377452,3.9115562288478403,120,10.65719018985517,11.820485879173557,20.974505813073133,False,rolling rmse_mm=10.657 vs. baseline mean=13.151 + 2.0*std=3.912 = threshold 20.975 (n=120 historical samples)
ifs_ens_mean,96,119,13.14525042152861,3.909115903378828,119,10.559385586117557,11.76624494223909,20.963482228286267,False,rolling rmse_mm=10.559 vs. baseline mean=13.145 + 2.0*std=3.909 = threshold 20.963 (n=119 historical samples)
ifs_ens_mean,120,118,13.186047167252074,3.975665253890266,118,10.185504462845289,11.276270216460786,21.137377675032607,False,rolling rmse_mm=10.186 vs. baseline mean=13.186 + 2.0*std=3.976 = threshold 21.137 (n=118 historical samples)
