claim,summary,method_a,method_b,metric,threshold,n_leads_improved,n_leads_significant,leads_significant,evidence_rows,status,reason
H1-RMSE,"A WEAVR blend beats the best single member (chosen on train), on RMSE",(not yet declared),best_single_member_on_train,rmse_mm,,0,0,,0,NOT_YET_TESTED,Awaiting step 07 (headline configuration must be declared first); not in results/per_day/: None.
H1-CRPS,"A WEAVR blend beats the best single member (chosen on train), on CRPS",(not yet declared),best_single_member_on_train,crps_mm,,0,0,,0,NOT_YET_TESTED,Awaiting step 07 (headline configuration must be declared first); not in results/per_day/: None.
H2,The multi-source combiner beats the best single-source EMOS on CRPS,tier2_bma,(not yet declared),crps_mm,,0,0,,0,NOT_YET_TESTED,"Awaiting step 07 (train-fold selection of the single-source EMOS); not in results/per_day/: None. The comparator must be selected on the training fold, and today's per-day scores cover the test split only."
H3,P(>=64.5mm) has BSS > 0 vs climatology and higher SEDI than the best member,(not yet declared),climatology,brier,64.5,0,0,,0,NOT_YET_TESTED,Awaiting step 07 (a blend with calibrated exceedance probabilities); not in results/per_day/: None.
H4,Adding NEPS-G improves CRPS at 24 h,neps_g_blend,blend_without_neps_g,crps_mm,,0,0,,0,NOT_YET_TESTED,"Awaiting step 08; not in results/per_day/: neps_g_blend, blend_without_neps_g."
H5,WEAVR vs HEPPI's published NEPS-G EMOS on CRPS at 24 h,weavr_blend,heppi_neps_g_emos,crps_mm,,0,0,,0,NOT_YET_TESTED,"Report-either-way result, produced by step 08. No pass/fail is defined for it."
H6,Independence-aware weights beat OLS fit_region_weights on RMSE,independence_weighted,tier1_regional,rmse_mm,,0,0,,0,NOT_YET_TESTED,Awaiting step 09; not in results/per_day/: independence_weighted.
H7,Tail repair improves tw-CRPS or SEDI without harming Brier at 7.5mm,tail_repaired,(not yet declared),twcrps_64.5_mm,,0,0,,0,NOT_YET_TESTED,"Awaiting step 11, 12; not in results/per_day/: tail_repaired, None."
H8,District Orange/Red warnings beat the same rule on the best raw ensemble,district_warnings_weavr,district_warnings_raw,csi,64.5,0,0,,0,NOT_YET_TESTED,"Awaiting step 14; not in results/per_day/: district_warnings_weavr, district_warnings_raw."
H9,Event replay: first lead at which Orange and Red are issued,event_replay,(not yet declared),,,0,0,,0,NOT_YET_TESTED,"Report-either-way result, produced by step 19. No pass/fail is defined for it."
H10,A stacked combiner beats both EMOS and BMA on CRPS,tier2b_stacked,(not yet declared),crps_mm,,0,0,,0,NOT_YET_TESTED,"Awaiting step 13; not in results/per_day/: tier2b_stacked, None."
H11,Online weights beat static Tier 1 weights on a sequential replay,online_weights,tier1_regional,rmse_mm,,0,0,,0,NOT_YET_TESTED,Awaiting step 21; not in results/per_day/: online_weights.
