lead_hours,source,fold,selected_source,selected_on_train,split,n_samples,n_train,n_test,train_rmse_mm,rmse_mm,bias_mm,acc,seeps,fss_7.5mm,pod_7.5mm,far_7.5mm,csi_7.5mm,ets_7.5mm,fss_64.5mm,pod_64.5mm,far_64.5mm,csi_64.5mm,ets_64.5mm,fss_115.6mm,pod_115.6mm,far_115.6mm,csi_115.6mm,ets_115.6mm,fss_204.5mm,pod_204.5mm,far_204.5mm,csi_204.5mm,ets_204.5mm
24,graphcast,2018,,True,leave_one_year_out,244,122,122,15.016339902051412,14.081019490447108,0.9583075548402251,0.3760627681317673,1.6945439821957162,0.2699417813519581,0.6520827016528858,0.5420417136674417,0.36803230162988176,0.2350905016812264,0.16056608417300777,0.0923790776152981,0.7964053300278897,0.06785788060318117,0.06392541873938547,0.0630315327697657,0.02218821729150727,0.9099378881987578,0.018125,0.01766707051095793,0.0,0.0,1.0,0.0,-1.7588409179275283e-06
24,graphcast,2020,,True,leave_one_year_out,244,122,122,14.081019490447108,15.016339902051412,0.5264088513700814,0.3883887969797661,1.7848062757845184,0.2620966656951442,0.6010749904626955,0.5297074296557275,0.3584201290154851,0.1997565611791712,0.25183873871938467,0.17390243902439023,0.6702127659574468,0.12849162011173185,0.12352888773127287,0.259981519078736,0.10248815165876778,0.6986062717770035,0.08281474389660125,0.08206019301536639,0.17596983374278719,0.041176470588235294,0.8055555555555556,0.035175879396984924,0.0351232899502786
24,graphcast,pooled,,False,leave_one_year_out,244,244,244,14.548679696249259,14.55619411014247,0.7423582031051533,0.383492537586589,1.7396751289901173,0.26573196918130326,0.624229505879377,0.5356380873843634,0.3629148067407177,0.21717655760975413,0.21387209371716376,0.13603709508881923,0.7241424976824262,0.10024061597690087,0.09578238827876438,0.18734093068419,0.0674457429048414,0.7745535714285714,0.05475738682569802,0.05414768436307056,0.12848859038004257,0.023255813953488372,0.8108108108108109,0.021148036253776436,0.021118850653662202
24,hres,2018,,False,leave_one_year_out,244,122,122,17.851297197480005,17.298589896797818,1.87167776466401,0.31158087491121306,1.6785668438575088,0.2843177922400568,0.6314646518450532,0.5581213980560255,0.35128580350752425,0.21659593345080586,0.19079708169790366,0.14341957255343082,0.8608078602620087,0.07600596125186289,0.06960239794441615,0.08882918797122807,0.045906656465187455,0.9656160458452722,0.020053475935828877,0.018727830613846915,0.022572323567348174,0.015267175572519083,0.9933110367892977,0.004672897196261682,0.004511437763741332
24,hres,2020,,False,leave_one_year_out,244,122,122,17.298589896797818,17.851297197480005,1.3580626690558855,0.31545222924095323,1.7978616294372693,0.2766020144937197,0.593710828928007,0.5545606018788269,0.3413789591608107,0.17736249336447868,0.2615290782887597,0.19939024390243903,0.7842723314421428,0.11559671945701358,0.1086556327692196,0.2121096062114829,0.11315165876777251,0.8993677555321391,0.05625920471281296,0.054678186096806816,0.09296093991549015,0.03529411764705882,0.9819277108433735,0.012096774193548387,0.011897507022225957
24,hres,pooled,,False,leave_one_year_out,244,244,244,17.57494354713891,17.577116146432456,1.6148702168599478,0.313921024041815,1.7382142366473892,0.2801427243908675,0.6108488548141701,0.5562386667351279,0.3459573455022743,0.19679418726562703,0.22913236186974117,0.1733934169278997,0.8218957536727712,0.09632128863735306,0.0896410646203111,0.1571845016313056,0.08380634390651086,0.9311007411474059,0.03929857523093784,0.037842097430128195,0.06289233917783421,0.026578073089700997,0.9873217115689382,0.008658008658008658,0.008477405668306574
24,ifs_ens_mean,2018,,False,leave_one_year_out,244,122,122,15.092678738472177,14.478474942020256,2.075649986464017,0.3903898811112193,1.817294287967241,0.2830268445661369,0.7087085856640635,0.5644512265752086,0.3694165488430504,0.2277653235334942,0.20302272571687474,0.1375140607424072,0.7783318223028105,0.09273658259055566,0.08792710988710113,0.08534957266422849,0.029074215761285386,0.9267822736030829,0.021252796420581657,0.020594280166251866,0.00014920919128613708,0.0,1.0,0.0,-3.3384546138369464e-05
24,ifs_ens_mean,2020,,False,leave_one_year_out,244,122,122,14.478474942020256,15.092678738472177,1.5743501515095593,0.3902516676514346,1.9343787954355052,0.2759163836197237,0.6767807509946047,0.55317981469821,0.36824001245431565,0.19582272489888433,0.26818373353763336,0.17841463414634146,0.6827840416305291,0.12891003612653099,0.12373504714767412,0.21412008502876523,0.08649289099526067,0.7645161290322581,0.06753006475485661,0.06672941153614166,0.13858132164795212,0.01764705882352941,0.9,0.015228426395939087,0.015183242069541615
24,ifs_ens_mean,pooled,,False,leave_one_year_out,244,244,244,14.785576840246216,14.788765806338246,1.825000068986788,0.39058957721750903,1.8758365417013734,0.27915700641618857,0.6912741192094367,0.5584971287785013,0.3687866273196889,0.21199077829861604,0.23893639082968265,0.15941745036572622,0.7294991134751773,0.11148664078556748,0.1064899330917515,0.16092833306012766,0.06143572621035059,0.8384547848990342,0.04658227848101266,0.04585208559561033,0.09095808844288189,0.009966777408637873,0.9423076923076923,0.008571428571428572,0.00853213885698434
24,best_single_member_on_train,2018,graphcast,False,leave_one_year_out,244,122,122,15.016339902051412,14.081019490447108,0.9583075548402251,0.3760627681317673,1.6945439821957162,0.2699417813519581,0.6520827016528858,0.5420417136674417,0.36803230162988176,0.2350905016812264,0.16056608417300777,0.0923790776152981,0.7964053300278897,0.06785788060318117,0.06392541873938547,0.0630315327697657,0.02218821729150727,0.9099378881987578,0.018125,0.01766707051095793,0.0,0.0,1.0,0.0,-1.7588409179275283e-06
24,best_single_member_on_train,2020,graphcast,False,leave_one_year_out,244,122,122,14.081019490447108,15.016339902051412,0.5264088513700814,0.3883887969797661,1.7848062757845184,0.2620966656951442,0.6010749904626955,0.5297074296557275,0.3584201290154851,0.1997565611791712,0.25183873871938467,0.17390243902439023,0.6702127659574468,0.12849162011173185,0.12352888773127287,0.259981519078736,0.10248815165876778,0.6986062717770035,0.08281474389660125,0.08206019301536639,0.17596983374278719,0.041176470588235294,0.8055555555555556,0.035175879396984924,0.0351232899502786
24,best_single_member_on_train,pooled,pooled,False,leave_one_year_out,244,244,244,14.548679696249259,14.55619411014247,0.7423582031051533,0.383492537586589,1.7396751289901173,0.26573196918130326,0.624229505879377,0.5356380873843634,0.3629148067407177,0.21717655760975413,0.21387209371716376,0.13603709508881923,0.7241424976824262,0.10024061597690087,0.09578238827876438,0.18734093068419,0.0674457429048414,0.7745535714285714,0.05475738682569802,0.05414768436307056,0.12848859038004257,0.023255813953488372,0.8108108108108109,0.021148036253776436,0.021118850653662202
48,graphcast,2018,,True,leave_one_year_out,242,121,121,14.585064288455332,13.550846166215548,1.1918519059119819,0.4039355435109915,1.8034025996496996,0.26158801431359546,0.6942822364416956,0.5447853753235548,0.3792040824577402,0.24202104697846683,0.17722780580125097,0.08777605851737234,0.7181571815718157,0.07173238303253247,0.06872146254561462,0.0842117636193428,0.011476664116296864,0.868421052631579,0.010668563300142247,0.010481183803577527,0.0,0.0,nan,0.0,0.0
48,graphcast,2020,,True,leave_one_year_out,242,121,121,13.550846166215548,14.585064288455332,1.0031361004265897,0.39799170547091633,1.953423987361033,0.2656079042989147,0.6661450934370989,0.5347925483223182,0.3772512806162504,0.21056413708372781,0.2748306338393117,0.14817527157329427,0.634996993385448,0.11780688985929161,0.1136185612401512,0.18526698197952285,0.04917061611374408,0.7035714285714286,0.04403183023872679,0.04360332111719169,0.005080213903743358,0.0,nan,0.0,0.0
48,graphcast,pooled,,False,leave_one_year_out,242,242,242,14.067955227335439,14.07745595125081,1.0974940031692857,0.4018568773596565,1.8784132935053663,0.2637361884897992,0.678943804503571,0.5394946852376735,0.37815710895190546,0.2264542099674839,0.23203336155965926,0.12011501764475233,0.6682310469314079,0.09671648074089666,0.09310201364805121,0.14772417127394943,0.032721202003338896,0.751269035532995,0.02977818292312367,0.02946726321435073,0.003035264986620767,0.0,nan,0.0,0.0
48,hres,2018,,False,leave_one_year_out,242,121,121,19.118026894151846,18.09133990675175,1.5426531143726343,0.2908546811618414,1.5606340117409332,0.25892838822799147,0.5939252874508578,0.5458187627361695,0.34656306840268947,0.21670644430971905,0.1931710423323495,0.15276410184273456,0.8673182651191204,0.07643581081081081,0.06962726890192715,0.09035265056889608,0.0504973221117062,0.9680387409200969,0.019963702359346643,0.01853193697217829,0.037310109357217236,0.015267175572519083,0.9948186528497409,0.003883495145631068,0.0037086954774951672
48,hres,2020,,False,leave_one_year_out,242,121,121,18.09133990675175,19.118026894151846,1.4656222783774304,0.2725818556521401,1.7713501007110164,0.2637885537052348,0.592884643099792,0.5467252207583699,0.3456815317207851,0.18356028381257994,0.23811496082428885,0.16843647015745147,0.8342143200384431,0.09116733831010107,0.08379113981126916,0.1549231853104478,0.07997630331753554,0.9425531914893617,0.034588777863182166,0.03283228480849492,0.06103482368449997,0.011764705882352941,0.9955654101995566,0.0032310177705977385,0.0030103553620009493
48,hres,pooled,,False,leave_one_year_out,242,242,242,18.604683400451798,18.61176418219323,1.5041376963750324,0.28209945716904655,1.665992056225975,0.26157231492370225,0.5933579998428726,0.5463129560712723,0.3460823419538976,0.20041674816451102,0.21649049490463257,0.16115540452228466,0.8506269307650373,0.08403475890270914,0.07693505879154612,0.1270514782592711,0.0671118530884808,0.9544733861834654,0.027881814398668332,0.02628609406762123,0.05155053838596302,0.013289036544850499,0.995221027479092,0.003527336860670194,0.0033295017368246407
48,ifs_ens_mean,2018,,False,leave_one_year_out,242,121,121,15.296817652377426,14.005204262663847,1.5201569030487982,0.3922061246986002,1.6914975841236102,0.27213165305836107,0.690655174115441,0.5489779038166135,0.3752222986800597,0.23737885012126023,0.1987543566595329,0.10451540301026867,0.758295380611581,0.07870762711864407,0.07488078117784894,0.040569975614624054,0.00612088752869166,0.9473684210526315,0.005513439007580979,0.005270073043573352,0.0,0.0,nan,0.0,0.0
48,ifs_ens_mean,2020,,False,leave_one_year_out,242,121,121,14.005204262663847,15.296817652377426,1.3573506948360168,0.36125378712268125,1.8874537043494972,0.2673722964215588,0.6709353317823392,0.5451356255525055,0.37189733679753806,0.20202054674912762,0.25490845247052907,0.14036372513120957,0.7231584015406837,0.10270608198624631,0.09780591775824296,0.16025089590240815,0.04561611374407583,0.8632326820603907,0.03541858325666973,0.03466452924567041,0.0018044277881879012,0.0,1.0,0.0,-3.6202458406176126e-05
48,ifs_ens_mean,pooled,,False,leave_one_year_out,242,242,242,14.651010957520636,14.6652374124837,1.4387537989424075,0.3768457602488245,1.7894756442365538,0.2695340049297533,0.6799052746175631,0.5469190957229331,0.3734263176603784,0.21987057912374872,0.2309256950763411,0.12370931904326232,0.7381018262313226,0.09172844890245675,0.08735833288116382,0.12045682759894283,0.028380634390651086,0.8811188811188811,0.023448275862068966,0.022932581615727643,0.0010617445279320625,0.0,1.0,0.0,-1.9091080522810578e-05
48,best_single_member_on_train,2018,graphcast,False,leave_one_year_out,242,121,121,14.585064288455332,13.550846166215548,1.1918519059119819,0.4039355435109915,1.8034025996496996,0.26158801431359546,0.6942822364416956,0.5447853753235548,0.3792040824577402,0.24202104697846683,0.17722780580125097,0.08777605851737234,0.7181571815718157,0.07173238303253247,0.06872146254561462,0.0842117636193428,0.011476664116296864,0.868421052631579,0.010668563300142247,0.010481183803577527,0.0,0.0,nan,0.0,0.0
48,best_single_member_on_train,2020,graphcast,False,leave_one_year_out,242,121,121,13.550846166215548,14.585064288455332,1.0031361004265897,0.39799170547091633,1.953423987361033,0.2656079042989147,0.6661450934370989,0.5347925483223182,0.3772512806162504,0.21056413708372781,0.2748306338393117,0.14817527157329427,0.634996993385448,0.11780688985929161,0.1136185612401512,0.18526698197952285,0.04917061611374408,0.7035714285714286,0.04403183023872679,0.04360332111719169,0.005080213903743358,0.0,nan,0.0,0.0
48,best_single_member_on_train,pooled,pooled,False,leave_one_year_out,242,242,242,14.067955227335439,14.07745595125081,1.0974940031692857,0.4018568773596565,1.8784132935053663,0.2637361884897992,0.678943804503571,0.5394946852376735,0.37815710895190546,0.2264542099674839,0.23203336155965926,0.12011501764475233,0.6682310469314079,0.09671648074089666,0.09310201364805121,0.14772417127394943,0.032721202003338896,0.751269035532995,0.02977818292312367,0.02946726321435073,0.003035264986620767,0.0,nan,0.0,0.0
72,graphcast,2018,,True,leave_one_year_out,240,120,120,14.726838331764403,13.550300444107922,1.1282341307018187,0.3907665687095294,1.8282077141893773,0.2617599690733894,0.6979586432880158,0.5472118440264536,0.3786031689034517,0.24027802119281017,0.15200006697770052,0.06377586935097845,0.7163431433938635,0.054929065114587124,0.05258105578836876,0.044366447134913445,0.0076511094108645756,0.8484848484848485,0.007336757153338224,0.0072235478411874655,0.0,0.0,nan,0.0,0.0
72,graphcast,2020,,True,leave_one_year_out,240,120,120,13.550300444107922,14.726838331764403,1.2335998977611797,0.3739765620826904,2.0464722433449785,0.26922964425913987,0.6927441089074701,0.5475136201347796,0.37685425359948876,0.20399671184140386,0.2658729452850729,0.12149074414613216,0.6311871976181616,0.10057850400893129,0.09695904125693545,0.08836298421369404,0.01896858328393598,0.7538461538461538,0.017927170868347338,0.017709717029340304,0.0010789149198517922,0.0,1.0,0.0,-1.7912681577955517e-06
72,graphcast,pooled,,False,leave_one_year_out,240,240,240,14.138569387936162,14.150802263043545,1.1809170142314993,0.38322975411733146,1.937339978767178,0.26578900826807494,0.6951171293977655,0.547375776968627,0.37765139116202945,0.2224377974462624,0.21522400480536497,0.0946264744429882,0.6629318394024276,0.07977900552486188,0.07677493566073841,0.0715286750351306,0.014028056112224449,0.7857142857142857,0.013341804320203304,0.013176078631124761,0.0006072435480372063,0.0,1.0,0.0,-8.97918591592077e-07
72,hres,2018,,False,leave_one_year_out,240,120,120,20.324289995377185,18.445957782780187,1.202236936910813,0.276807114572477,1.5006378368027034,0.24666883060142475,0.5615096275579019,0.5417378561443553,0.3374877530822446,0.21095496008767536,0.18821135194312877,0.1486695762353935,0.8704612365063789,0.074371434608071,0.06751978938470153,0.09241283777589904,0.0504973221117062,0.9697386519944979,0.01928696668614845,0.017812779799113117,0.02806797291844132,0.0,1.0,0.0,-0.00018462132822226812
72,hres,2020,,False,leave_one_year_out,240,120,120,18.445957782780187,20.324289995377185,1.620527728864027,0.24726931783042225,1.7657740078018633,0.26052110915470383,0.5839610254992744,0.5476686239769619,0.34208949665217425,0.18048868348076774,0.22518408408893598,0.16501164643864166,0.8561351004702864,0.0832560153398899,0.0753917890826556,0.14238883631221178,0.0954356846473029,0.943804537521815,0.036665907538146206,0.03475155287604905,0.05918320462297,0.023529411764705882,0.9938176197836167,0.004920049200492005,0.004677425329414985
72,hres,pooled,,False,leave_one_year_out,240,240,240,19.385123889078685,19.407860808707103,1.41138233288742,0.2622199321945237,1.6332059223022832,0.254225041088747,0.5737438855856093,0.5450462824723799,0.340024592889486,0.1963212330264562,0.20749849348687432,0.15740498034076017,0.862805574594471,0.07910162681946914,0.0717438204576484,0.12169721607813433,0.0758183032732131,0.9550138723741578,0.02905414053500576,0.027359761881180545,0.04762248518738588,0.013289036544850499,0.9964189794091316,0.002828854314002829,0.0026152008072236467
72,ifs_ens_mean,2018,,False,leave_one_year_out,240,120,120,15.52095958914642,13.716118877129293,1.1388540326715664,0.39059503108373805,1.6360888615142488,0.26794400194711454,0.6799943732364647,0.545037812939444,0.3747303909274552,0.23808024012113413,0.19624664103085876,0.08418977896663382,0.7200374531835206,0.06920495313042473,0.0662509138592526,0.009273956419690754,0.0007651109410864575,0.989247311827957,0.0007147962830593281,0.0005583355759230713,0.0,0.0,nan,0.0,0.0
72,ifs_ens_mean,2020,,False,leave_one_year_out,240,120,120,13.716118877129293,15.52095958914642,1.3277136844214303,0.33689849257582144,1.893150536623402,0.26745574671318717,0.67501900352429,0.545146795185211,0.37314111305928954,0.20257275251972612,0.23517936821541963,0.11425769277920804,0.761148129164531,0.08376022288127977,0.07901343361360315,0.14256135496089573,0.03971547125074096,0.8716475095785441,0.03127917833800187,0.030561064005870126,0.0013589797198412246,0.0,1.0,0.0,-5.5962937634936955e-05
72,ifs_ens_mean,pooled,,False,leave_one_year_out,240,240,240,14.618539233137856,14.64636650537359,1.2332838585464985,0.3625106476076153,1.7646196990688252,0.26767679706570113,0.6772831854074959,0.5450970076963739,0.3738655780095701,0.22062030318963916,0.21928363817991192,0.10026212319790301,0.7466048360384233,0.07739781464993929,0.0735073280863877,0.09986011514241078,0.022712090848363394,0.8894308943089431,0.019203614798079638,0.01874392976619263,0.0008900756564307333,0.0,1.0,0.0,-3.039769244148435e-05
72,best_single_member_on_train,2018,graphcast,False,leave_one_year_out,240,120,120,14.726838331764403,13.550300444107922,1.1282341307018187,0.3907665687095294,1.8282077141893773,0.2617599690733894,0.6979586432880158,0.5472118440264536,0.3786031689034517,0.24027802119281017,0.15200006697770052,0.06377586935097845,0.7163431433938635,0.054929065114587124,0.05258105578836876,0.044366447134913445,0.0076511094108645756,0.8484848484848485,0.007336757153338224,0.0072235478411874655,0.0,0.0,nan,0.0,0.0
72,best_single_member_on_train,2020,graphcast,False,leave_one_year_out,240,120,120,13.550300444107922,14.726838331764403,1.2335998977611797,0.3739765620826904,2.0464722433449785,0.26922964425913987,0.6927441089074701,0.5475136201347796,0.37685425359948876,0.20399671184140386,0.2658729452850729,0.12149074414613216,0.6311871976181616,0.10057850400893129,0.09695904125693545,0.08836298421369404,0.01896858328393598,0.7538461538461538,0.017927170868347338,0.017709717029340304,0.0010789149198517922,0.0,1.0,0.0,-1.7912681577955517e-06
72,best_single_member_on_train,pooled,pooled,False,leave_one_year_out,240,240,240,14.138569387936162,14.150802263043545,1.1809170142314993,0.38322975411733146,1.937339978767178,0.26578900826807494,0.6951171293977655,0.547375776968627,0.37765139116202945,0.2224377974462624,0.21522400480536497,0.0946264744429882,0.6629318394024276,0.07977900552486188,0.07677493566073841,0.0715286750351306,0.014028056112224449,0.7857142857142857,0.013341804320203304,0.013176078631124761,0.0006072435480372063,0.0,1.0,0.0,-8.97918591592077e-07
96,graphcast,2018,,True,leave_one_year_out,238,119,119,14.741491669590271,13.576601569453072,1.0629412165298044,0.3837343154094458,1.8426932932687878,0.26295910968999736,0.6977762999293404,0.5465746912846663,0.3789947534292345,0.24018335799541943,0.1421077494511872,0.05872412336290663,0.7044649184975195,0.05151327980234713,0.049375416087856734,0.036937495004395915,0.00612088752869166,0.8367346938775511,0.005934718100890208,0.005848900676900294,0.0,0.0,nan,0.0,0.0
96,graphcast,2020,,True,leave_one_year_out,238,119,119,13.576601569453072,14.741491669590271,1.1612483839679997,0.3614293156667115,2.053587059365118,0.2669003480659523,0.6922927168433861,0.5551917157701466,0.37138338623588696,0.19595201560564704,0.23855080934360928,0.10220687954629515,0.6568708609271523,0.08548154258610023,0.08211161687945556,0.048840386594025675,0.0112893642305407,0.7121212121212122,0.010982658959537572,0.0108672663953155,0.0,0.0,nan,0.0,0.0
96,graphcast,pooled,,False,leave_one_year_out,238,238,238,14.159046619521671,14.171021255016784,1.112094800248902,0.3733647544354036,1.9481401763169528,0.26509633049347703,0.694790246857489,0.5512911736586391,0.3748266374716339,0.21810594585114373,0.19562436011076512,0.08190901919537208,0.6744186046511628,0.07002753891979992,0.06725505004291138,0.04404252020192867,0.009030100334448161,0.7652173913043478,0.008771929824561403,0.008671322548926177,0.0,0.0,nan,0.0,0.0
96,hres,2018,,False,leave_one_year_out,238,119,119,20.845002056719288,18.064306790369937,0.8031510666540853,0.25606415601295107,1.5031510013342715,0.23405001940966852,0.5246269587264641,0.5500916070804788,0.31961227197682546,0.19454982915229127,0.16465091732350334,0.12970004224757076,0.8776242359819293,0.0671968480957245,0.06054117394470351,0.06969769003648818,0.03902065799540933,0.9739663093415007,0.015863141524105753,0.014437025934959635,0.00624117923788603,0.007633587786259542,0.9970238095238095,0.002145922746781116,0.0019746423999238718
96,hres,2020,,False,leave_one_year_out,238,119,119,18.064306790369937,20.845002056719288,1.5218121334654267,0.22913841006685162,1.757910623959097,0.2535319954669989,0.5595619676690422,0.5509510604226068,0.33178049775938195,0.17189080391799358,0.20918233355389904,0.16681050425348293,0.8630428180989979,0.08132475806936347,0.07321453337494495,0.1375970886423986,0.09209744503862151,0.9493629532832407,0.033776421878404884,0.03180156755734342,0.05564980118659757,0.041176470588235294,0.988976377952756,0.008771929824561403,0.008528237749187925
96,hres,pooled,,False,leave_one_year_out,238,238,238,19.45465442354461,19.5042724878581,1.162481600059756,0.24236668774913364,1.6305308126466842,0.24466299041892636,0.5436506133575647,0.5505737196942666,0.3263200954491222,0.1841896328911548,0.18861786044246076,0.14948724691033394,0.8693478885377764,0.07494314998516956,0.06755155843065733,0.10956319526157543,0.06889632107023412,0.9589641434262948,0.026396719630958482,0.024692559156806185,0.037663901907170394,0.026578073089700997,0.9917610710607621,0.006329113924050633,0.006120336390922552
96,ifs_ens_mean,2018,,False,leave_one_year_out,238,119,119,15.584197732888379,13.709499715649203,0.7899707303660548,0.36495180026561125,1.6367850344654842,0.26067994455101795,0.6674591628912258,0.5479944830692149,0.36892454442698425,0.23189919726382224,0.15169803775698887,0.05858329812702436,0.7444717444717445,0.05004210273066282,0.047635743163330684,0.002007988061797694,0.0,1.0,0.0,-8.919202601904961e-05,0.0,0.0,nan,0.0,0.0
96,ifs_ens_mean,2020,,False,leave_one_year_out,238,119,119,13.709499715649203,15.584197732888379,1.2168504457951712,0.3169382223176508,1.9135456611067239,0.26334429148055716,0.666441856422736,0.54997206428501,0.3672972796909907,0.19576950207683005,0.22187895427355986,0.10282332634693626,0.7656645125035122,0.0769656699889258,0.07247615134252082,0.1428567819326998,0.040998217468805706,0.8641732283464567,0.032516493873704054,0.03180772381334752,0.0013228859265287385,0.0,1.0,0.0,-6.351213442631944e-05
96,ifs_ens_mean,pooled,,False,leave_one_year_out,238,238,238,14.646848724268791,14.676811667238033,1.003410588080613,0.339200107725666,1.775165347786104,0.2621330531158974,0.6669051946085113,0.54907276562628,0.36803725859327496,0.21413461689564464,0.19299723646326616,0.08217196949776492,0.7590129169076537,0.0652775601859105,0.06176536021807105,0.09844641148904731,0.023076923076923078,0.8765652951699463,0.019827586206896553,0.019399720902810304,0.0008744492651261426,0.0,1.0,0.0,-3.48759887628532e-05
96,best_single_member_on_train,2018,graphcast,False,leave_one_year_out,238,119,119,14.741491669590271,13.576601569453072,1.0629412165298044,0.3837343154094458,1.8426932932687878,0.26295910968999736,0.6977762999293404,0.5465746912846663,0.3789947534292345,0.24018335799541943,0.1421077494511872,0.05872412336290663,0.7044649184975195,0.05151327980234713,0.049375416087856734,0.036937495004395915,0.00612088752869166,0.8367346938775511,0.005934718100890208,0.005848900676900294,0.0,0.0,nan,0.0,0.0
96,best_single_member_on_train,2020,graphcast,False,leave_one_year_out,238,119,119,13.576601569453072,14.741491669590271,1.1612483839679997,0.3614293156667115,2.053587059365118,0.2669003480659523,0.6922927168433861,0.5551917157701466,0.37138338623588696,0.19595201560564704,0.23855080934360928,0.10220687954629515,0.6568708609271523,0.08548154258610023,0.08211161687945556,0.048840386594025675,0.0112893642305407,0.7121212121212122,0.010982658959537572,0.0108672663953155,0.0,0.0,nan,0.0,0.0
96,best_single_member_on_train,pooled,pooled,False,leave_one_year_out,238,238,238,14.159046619521671,14.171021255016784,1.112094800248902,0.3733647544354036,1.9481401763169528,0.26509633049347703,0.694790246857489,0.5512911736586391,0.3748266374716339,0.21810594585114373,0.19562436011076512,0.08190901919537208,0.6744186046511628,0.07002753891979992,0.06725505004291138,0.04404252020192867,0.009030100334448161,0.7652173913043478,0.008771929824561403,0.008671322548926177,0.0,0.0,nan,0.0,0.0
120,graphcast,2018,,True,leave_one_year_out,236,118,118,14.656070018618616,13.567205691004538,1.1337868679037353,0.38647134582577797,1.8784672399717146,0.26321174016785776,0.7065678319810345,0.552110231553994,0.3776457151015455,0.23629914699219334,0.14553863058689986,0.057412893214839895,0.6885998469778117,0.0509450494429841,0.04892394085257793,0.05063412208045581,0.007656967840735069,0.8076923076923077,0.00741839762611276,0.007326760977381868,0.0,0.0,nan,0.0,0.0
120,graphcast,2020,,True,leave_one_year_out,236,118,118,13.567205691004538,14.656070018618616,1.0969928279778844,0.3592934456037669,2.062262444482736,0.26649884007719615,0.6909275534857663,0.5613272982730717,0.36671226053924666,0.18941467876247084,0.23691997792322406,0.0947054436987323,0.602711157455683,0.08280808519886981,0.07998093106366803,0.0370003043377074,0.00955223880597015,0.6097560975609756,0.009411764705882352,0.00933843476813635,0.0,0.0,nan,0.0,0.0
120,graphcast,pooled,,False,leave_one_year_out,236,236,236,14.111637854811576,14.122136146006335,1.11538984794081,0.3734779810426294,1.970364842227225,0.26498198451938126,0.698062766812267,0.5571187652817643,0.3716812185458394,0.2127303325577833,0.19464748735101356,0.0772381896266931,0.6375193798449612,0.06800069803967192,0.0655699830182512,0.04283757470777194,0.00872190540087219,0.7204301075268817,0.00853018372703412,0.008447556741095895,0.0,0.0,nan,0.0,0.0
120,hres,2018,,False,leave_one_year_out,236,118,118,21.178611970808902,18.066338961896477,0.6281375150755082,0.24671298193710364,1.484215805871896,0.23507234509935038,0.5145998196934789,0.5439737245067797,0.31886599217925643,0.19536655127116978,0.15625711161534206,0.12991959373677528,0.875506893755069,0.06789031402034498,0.061240521713902395,0.06484599676377689,0.03598774885145482,0.9755590223608944,0.0147705845380264,0.013343681564815474,0.015012831479897404,0.007633587786259542,0.996969696969697,0.002173913043478261,0.0020020575950520187
120,hres,2020,,False,leave_one_year_out,236,118,118,18.066338961896477,21.178611970808902,1.3509204780917428,0.20727394719625866,1.7324034854474555,0.24961708386773052,0.5334360446794355,0.5574740022076338,0.31904101728564666,0.16072211615855272,0.1822105792275479,0.14752672135222472,0.8765599001663894,0.07204855842185129,0.06399414569101948,0.1228150041311723,0.09432835820895523,0.9482984293193717,0.034550623223267005,0.03256638235519495,0.03856555484707902,0.0058823529411764705,0.9986130374479889,0.0011235955056179776,0.0008714670888347207
120,hres,pooled,,False,leave_one_year_out,236,236,236,19.62247546635269,19.684082509685698,0.9895289965836256,0.22578297747290432,1.6083096456596757,0.24296627628935885,0.5248428163950782,0.5515354052708477,0.3189627040975734,0.17837728618311868,0.17017918045193425,0.1392798149983482,0.8761020336193723,0.07017076661895409,0.0628107631212109,0.1003202047028795,0.06876886950687688,0.9588270737095802,0.026434558349451968,0.024724441048225326,0.03255405206246631,0.006644518272425249,0.9980970504281637,0.0014814814814814814,0.0012670635631056493
120,ifs_ens_mean,2018,,False,leave_one_year_out,236,118,118,15.61660215879358,13.767490900032216,0.5642536688879584,0.3442298571884597,1.625930882246812,0.2590557419328351,0.6575177802263849,0.5494594749184922,0.36490655894152635,0.22758178677398358,0.12726820687927687,0.053463111863450416,0.7302491103202847,0.046703635243376465,0.04455489076476796,0.003459049319348595,0.0,1.0,0.0,-7.800136715775078e-05,0.0,0.0,nan,0.0,0.0
120,ifs_ens_mean,2020,,False,leave_one_year_out,236,118,118,13.767490900032216,15.61660215879358,1.0171590923586817,0.29438810230828316,1.903973983234667,0.2594591774304591,0.649385482684968,0.5574681925341937,0.3571885303996795,0.18508761114928562,0.22482552603131778,0.09806114839671887,0.7458937198067633,0.07614360162130862,0.07204409454548527,0.13582035589968522,0.036417910447761194,0.8699360341151386,0.02928468554968795,0.02861341631898281,0.0,0.0,1.0,0.0,-4.672687409123102e-05
120,ifs_ens_mean,pooled,,False,leave_one_year_out,236,236,236,14.692046529412899,14.721108461466246,0.79070638062332,0.31724560899287935,1.7649524327407395,0.25927520277448424,0.6530954983224863,0.5538254607515636,0.36069245750484785,0.20633588855516302,0.18310201027348794,0.07717211760819292,0.741019955654102,0.06321372517183525,0.060032336857403557,0.09331615806738847,0.020462931902046292,0.8810916179337231,0.017768715409263034,0.017367689125126023,0.0,0.0,1.0,0.0,-2.4994639161971547e-05
120,best_single_member_on_train,2018,graphcast,False,leave_one_year_out,236,118,118,14.656070018618616,13.567205691004538,1.1337868679037353,0.38647134582577797,1.8784672399717146,0.26321174016785776,0.7065678319810345,0.552110231553994,0.3776457151015455,0.23629914699219334,0.14553863058689986,0.057412893214839895,0.6885998469778117,0.0509450494429841,0.04892394085257793,0.05063412208045581,0.007656967840735069,0.8076923076923077,0.00741839762611276,0.007326760977381868,0.0,0.0,nan,0.0,0.0
120,best_single_member_on_train,2020,graphcast,False,leave_one_year_out,236,118,118,13.567205691004538,14.656070018618616,1.0969928279778844,0.3592934456037669,2.062262444482736,0.26649884007719615,0.6909275534857663,0.5613272982730717,0.36671226053924666,0.18941467876247084,0.23691997792322406,0.0947054436987323,0.602711157455683,0.08280808519886981,0.07998093106366803,0.0370003043377074,0.00955223880597015,0.6097560975609756,0.009411764705882352,0.00933843476813635,0.0,0.0,nan,0.0,0.0
120,best_single_member_on_train,pooled,pooled,False,leave_one_year_out,236,236,236,14.111637854811576,14.122136146006335,1.11538984794081,0.3734779810426294,1.970364842227225,0.26498198451938126,0.698062766812267,0.5571187652817643,0.3716812185458394,0.2127303325577833,0.19464748735101356,0.0772381896266931,0.6375193798449612,0.06800069803967192,0.0655699830182512,0.04283757470777194,0.00872190540087219,0.7204301075268817,0.00853018372703412,0.008447556741095895,0.0,0.0,nan,0.0,0.0
