lead_hours,threshold,n_test_days,brier_delta,brier_ci_lo,brier_ci_hi,brier_improved,sedi_delta,sedi_ci_lo,sedi_ci_hi,sedi_improved,bootstrap_degenerate
24,115.6,244,-1.4773311982309279e-05,-3.543469408508725e-05,-2.384283947827387e-06,True,0.08870220673500723,0.0717769500686482,0.10255682883039197,False,False
24,204.5,244,-7.292433504965592e-07,-1.652506504753599e-06,-7.979291521789463e-08,True,0.15576726650649683,0.11722243907766094,0.18720212970967132,False,False
48,115.6,242,-1.34018902538547e-05,-3.3509879144317e-05,-4.357329655555951e-07,True,0.08795607073200329,0.07052117955575159,0.1031032870937639,False,False
48,204.5,242,-5.130393301898753e-07,-1.2954561460805351e-06,4.613205104889111e-08,False,0.1623726218964821,0.12502027852182002,0.19235826505663653,False,False
72,115.6,240,-1.1835438560961172e-05,-3.211317098225092e-05,1.0351885638945248e-06,False,0.08677116247058048,0.07140625547377888,0.10009391272000784,False,False
72,204.5,240,-5.76589152446666e-07,-1.5325421599322746e-06,8.427309052721612e-08,False,0.15283513293471618,0.12161416754715702,0.17894470686478853,False,False
96,115.6,238,-8.928735314117273e-06,-2.51466566510808e-05,2.626224767758061e-06,False,0.07592835992313493,0.06419324340529475,0.08609776716087578,False,False
96,204.5,238,-6.494357453240871e-07,-1.748601277178471e-06,6.536392135538816e-08,False,0.1340689034062843,0.10032765981404473,0.16455331681256935,False,False
120,115.6,236,-8.10798888581756e-06,-2.331023548618138e-05,3.1358252960176598e-06,False,0.0708781534514753,0.05943874945347731,0.08083425940104332,False,False
120,204.5,236,-1.0431434792577005e-06,-2.2271509571022114e-06,-1.655032800178927e-07,True,0.10604052292720162,0.07365287748478201,0.136660825106106,False,False
