variant,lead_hours,fold,split,n_train,n_test,scope,source,method,rmse_mm,mae_mm,twcrps_64.5_mm,brier_7.5,sedi_115.6,csi_64.5
raw,24,2018,leave_one_year_out,122,122,tier1_blend,blend,raw,13.920541465981007,7.177831415500968,0.46527312778901914,0.2630448595755496,0.327376888304843,0.08808022330197457
same_period,24,2018,leave_one_year_out,122,122,single_source,graphcast,qm,18.286085442104667,8.64890188764505,0.9055192997042568,0.27200171323948175,0.43462492369653716,0.10292780505546463
same_period,24,2018,leave_one_year_out,122,122,single_source,hres,qm,19.731445561937978,9.42487036263013,1.1253696011692045,0.2716967189581245,0.3941233425888389,0.09262158723945592
same_period,24,2018,leave_one_year_out,122,122,single_source,ifs_ens_mean,qm,19.552128798837163,9.341788877663882,1.1386238600642344,0.2628838903715,0.4884607411353677,0.11326341145179906
same_period,24,2018,leave_one_year_out,122,122,tier1_blend,blend,qm,18.063927563755144,8.851003557357407,0.9140801867522161,0.2692638247600759,0.4762852133203183,0.11488996856244642
climatology,24,2018,leave_one_year_out,122,122,single_source,graphcast,qm,19.92061007332324,8.51688842826246,1.0265544375185165,0.23998719777090602,0.44264524406868294,0.10170433493886624
climatology,24,2018,leave_one_year_out,122,122,single_source,hres,qm,20.488147070869744,9.224296722160513,1.2007523550783412,0.23966667137336853,0.4023402257507335,0.0929
climatology,24,2018,leave_one_year_out,122,122,single_source,ifs_ens_mean,qm,21.578956940291903,9.214794387677381,1.322056047628637,0.23133110235664564,0.49981176039765096,0.112915581430979
climatology,24,2018,leave_one_year_out,122,122,tier1_blend,blend,qm,19.11840750532965,8.678487227218056,1.0342607474568333,0.23684453293043967,0.4834774999904696,0.11342970389368151
raw,24,2020,leave_one_year_out,122,122,tier1_blend,blend,raw,14.71569922689312,7.9733427910767345,0.5386774079584505,0.31316511580839956,0.5262728571820967,0.13795654184003697
same_period,24,2020,leave_one_year_out,122,122,single_source,graphcast,qm,19.99933539010006,9.785112222766701,1.2050330845525676,0.30137106225554566,0.6554081632881381,0.14414414414414414
same_period,24,2020,leave_one_year_out,122,122,single_source,hres,qm,20.061877241762968,10.25993348623874,1.145075086066694,0.30420826214446756,0.5280788503881829,0.1279648326167818
same_period,24,2020,leave_one_year_out,122,122,single_source,ifs_ens_mean,qm,19.305396216970344,9.965289284596153,1.0987160035139114,0.30176218918117503,0.6226188231964024,0.1480545229244114
same_period,24,2020,leave_one_year_out,122,122,tier1_blend,blend,qm,18.75319639743065,9.67237158169224,1.0384011384165952,0.30519666953775476,0.6419008693571275,0.15440751824434293
climatology,24,2020,leave_one_year_out,122,122,single_source,graphcast,qm,22.812555732824887,10.614662183270593,1.5833504910538125,0.31991970366605016,0.6724012927620504,0.1380586783657801
climatology,24,2020,leave_one_year_out,122,122,single_source,hres,qm,22.001652688494435,11.035795726314076,1.4340195618745044,0.32234365513054036,0.5751701654221668,0.1248891254213234
climatology,24,2020,leave_one_year_out,122,122,single_source,ifs_ens_mean,qm,21.81053730561931,10.817105378351325,1.4343040198415333,0.3199794787798346,0.6551212663264758,0.14307692307692307
climatology,24,2020,leave_one_year_out,122,122,tier1_blend,blend,qm,21.13994792447441,10.501220827663355,1.3656355682520107,0.32408089879178964,0.6737756847340468,0.14835776133120496
raw,48,2018,leave_one_year_out,121,121,tier1_blend,blend,raw,13.427750649265672,6.955646120355661,0.4183408043003282,0.27360615789086545,0.2757870890921176,0.06919850885368127
same_period,48,2018,leave_one_year_out,121,121,single_source,graphcast,qm,17.64477825352869,8.484277036314573,0.8542750583306509,0.27294746857819446,0.5259389409422285,0.12038871007675167
same_period,48,2018,leave_one_year_out,121,121,single_source,hres,qm,20.26657842705785,9.28981046896639,1.237393366716674,0.27232342214724176,0.3868382212312022,0.09273418077771002
same_period,48,2018,leave_one_year_out,121,121,single_source,ifs_ens_mean,qm,19.595264060684652,9.268797512132787,1.1914947603105381,0.26237854229397567,0.5211704931366696,0.11656798990585267
same_period,48,2018,leave_one_year_out,121,121,tier1_blend,blend,qm,17.376365785591606,8.539517524469025,0.8364708484261093,0.2724026736711726,0.5139914912166899,0.1254625978280653
climatology,48,2018,leave_one_year_out,121,121,single_source,graphcast,qm,18.193185264866,8.282268896025604,0.9169375620111553,0.2414120058940355,0.5358602643431492,0.11977786192098952
climatology,48,2018,leave_one_year_out,121,121,single_source,hres,qm,21.145373984968455,9.141423751137609,1.314492336256221,0.2405407136908194,0.40117077767828135,0.09237466513585917
climatology,48,2018,leave_one_year_out,121,121,single_source,ifs_ens_mean,qm,20.972444221301664,9.13280931316945,1.3271914992054312,0.23151173468298206,0.534058810462527,0.11705751666255246
climatology,48,2018,leave_one_year_out,121,121,tier1_blend,blend,qm,17.764532175671008,8.31594469234244,0.9061265058661803,0.2408292461851306,0.5262663788835018,0.1269635126777984
raw,48,2020,leave_one_year_out,121,121,tier1_blend,blend,raw,14.552875432603845,7.950409509847437,0.5280788218787825,0.32142424954264276,0.40765237271080035,0.11044921875
same_period,48,2020,leave_one_year_out,121,121,single_source,graphcast,qm,19.77099266658075,9.842624463124697,1.2141442063947427,0.29701810209209784,0.6324623036766259,0.1525018306077618
same_period,48,2020,leave_one_year_out,121,121,single_source,hres,qm,20.94266093361639,10.719265927599196,1.2709754928060397,0.31045716739867557,0.4913502445317925,0.11150002302767927
same_period,48,2020,leave_one_year_out,121,121,single_source,ifs_ens_mean,qm,21.205773139703872,10.668762095644169,1.3815535103192707,0.3050514541705521,0.6052536681561375,0.1285861805773807
same_period,48,2020,leave_one_year_out,121,121,tier1_blend,blend,qm,19.179483647210184,9.94911135777703,1.108343710810948,0.30533524106462795,0.6345752151748763,0.1516530178950561
climatology,48,2020,leave_one_year_out,121,121,single_source,graphcast,qm,23.38747995857188,10.78467824319323,1.6824425792871527,0.3164152684941974,0.6651560649912819,0.1470363889262799
climatology,48,2020,leave_one_year_out,121,121,single_source,hres,qm,23.30812605836032,11.538961158573256,1.606458005688036,0.3278749439425972,0.5297783767211636,0.10921443736730362
climatology,48,2020,leave_one_year_out,121,121,single_source,ifs_ens_mean,qm,25.815973730091457,11.755714249040333,1.9469536769987477,0.32364186853263666,0.628743300118872,0.12688520503552286
climatology,48,2020,leave_one_year_out,121,121,tier1_blend,blend,qm,22.486911347697436,10.89351849125203,1.5527935027401143,0.3252976084547614,0.658639723066914,0.1451130242622347
raw,72,2018,leave_one_year_out,120,120,tier1_blend,blend,raw,13.283457245902946,6.888027692112797,0.40913516307884384,0.2736577662934252,0.25852443324349866,0.057402565060390986
same_period,72,2018,leave_one_year_out,120,120,single_source,graphcast,qm,17.78413611466722,8.470579582942841,0.863151858014059,0.26855201454684663,0.4739124229538203,0.1153385071613351
same_period,72,2018,leave_one_year_out,120,120,single_source,hres,qm,19.856332830180484,9.116101901945497,1.167811650989393,0.27556273327591163,0.3760317415579854,0.09528063123418193
same_period,72,2018,leave_one_year_out,120,120,single_source,ifs_ens_mean,qm,18.97903551288362,9.043163426103913,1.1160806260554543,0.26198535745047374,0.5266855373786289,0.11967871485943775
same_period,72,2018,leave_one_year_out,120,120,tier1_blend,blend,qm,17.082342196834816,8.39683266924733,0.8027818699092452,0.2711154177433247,0.4865292426067658,0.12824456835223996
climatology,72,2018,leave_one_year_out,120,120,single_source,graphcast,qm,18.162778846293318,8.242030456446876,0.9014368028454058,0.23861804957412194,0.48664364850309355,0.11483938093380154
climatology,72,2018,leave_one_year_out,120,120,single_source,hres,qm,20.458811434636537,8.949312155935308,1.2183849974561312,0.2441726481002967,0.39336890162250215,0.0938808454825203
climatology,72,2018,leave_one_year_out,120,120,single_source,ifs_ens_mean,qm,19.600330930414525,8.833283604594536,1.1729132748749793,0.23215427313618528,0.5295250390145583,0.1202964945694137
climatology,72,2018,leave_one_year_out,120,120,tier1_blend,blend,qm,17.185241589026237,8.130026085319,0.8282276662203003,0.24072016460905352,0.4969991716736796,0.126810406972934
raw,72,2020,leave_one_year_out,120,120,tier1_blend,blend,raw,14.716405823742036,8.075400950566756,0.5328926098918099,0.32372858646760455,0.326445230552371,0.09053866030610216
same_period,72,2020,leave_one_year_out,120,120,single_source,graphcast,qm,20.669064919591804,10.292120881094315,1.3078771074165942,0.3014719111876734,0.6363396549135237,0.13774968861004752
same_period,72,2020,leave_one_year_out,120,120,single_source,hres,qm,22.068205558114812,11.28826863996134,1.4068419392570335,0.3123136185280888,0.4893366480278715,0.09841388784813289
same_period,72,2020,leave_one_year_out,120,120,single_source,ifs_ens_mean,qm,22.851608267117648,11.363886978935104,1.6208264333551599,0.3063862570580917,0.5792619181287045,0.1192096687703667
same_period,72,2020,leave_one_year_out,120,120,tier1_blend,blend,qm,19.93657531902119,10.519291187383832,1.1991624314838651,0.31235477079146334,0.6115033981502997,0.13995169082125603
climatology,72,2020,leave_one_year_out,120,120,single_source,graphcast,qm,23.924240507103672,11.218020424645319,1.7538368604461674,0.32108622834721035,0.6569399242484376,0.13366230422656084
climatology,72,2020,leave_one_year_out,120,120,single_source,hres,qm,24.68499815269321,12.12967379603674,1.7985921228421071,0.3285314384151593,0.5103459431315882,0.09717044072053688
climatology,72,2020,leave_one_year_out,120,120,single_source,ifs_ens_mean,qm,28.243073784207336,12.543742276017152,2.3019107965920216,0.3233649153028998,0.6016670077804146,0.11576715497301465
climatology,72,2020,leave_one_year_out,120,120,tier1_blend,blend,qm,23.136636537120655,11.498076983329504,1.6512373965552192,0.3313537180591444,0.6325936437617717,0.1355758976182012
raw,96,2018,leave_one_year_out,119,119,tier1_blend,blend,raw,13.250615197106237,6.84120790914977,0.40847667946554983,0.2764196807060464,0.27470272394442646,0.04308009802657036
same_period,96,2018,leave_one_year_out,119,119,single_source,graphcast,qm,18.388737611159453,8.658827485985555,0.9361593486805502,0.2667337391459599,0.4479643937866547,0.10897205229698932
same_period,96,2018,leave_one_year_out,119,119,single_source,hres,qm,19.803496672415758,9.250617045548832,1.1026085962057246,0.27975207309452627,0.34150969168629064,0.08560049653460225
same_period,96,2018,leave_one_year_out,119,119,single_source,ifs_ens_mean,qm,18.804325137228762,8.982965777423532,1.0779456752790553,0.2655003775842809,0.4608153722938192,0.11594280799827994
same_period,96,2018,leave_one_year_out,119,119,tier1_blend,blend,qm,17.11487308868572,8.384152758947018,0.8125322106383694,0.2722703551704919,0.4556163311775588,0.12065466448445172
climatology,96,2018,leave_one_year_out,119,119,single_source,graphcast,qm,19.279869851574684,8.456773175228264,1.0041454285068945,0.23738784057981502,0.45556593657301014,0.10808305524657026
climatology,96,2018,leave_one_year_out,119,119,single_source,hres,qm,19.908613860640035,9.018008111214955,1.1041282435483002,0.24833802599420476,0.3443812741533369,0.08381870168378693
climatology,96,2018,leave_one_year_out,119,119,single_source,ifs_ens_mean,qm,19.08312646061187,8.717884232414923,1.0981533001574042,0.23464269428701715,0.4668990073998321,0.11561172120743889
climatology,96,2018,leave_one_year_out,119,119,tier1_blend,blend,qm,17.26399611757835,8.107224654688038,0.8313095569107605,0.24221126865905707,0.4689804618310629,0.11967904256765946
raw,96,2020,leave_one_year_out,119,119,tier1_blend,blend,raw,14.684421395177754,8.099843640065762,0.5259207782821671,0.32833957010883597,0.3563237270943439,0.08095781071835804
same_period,96,2020,leave_one_year_out,119,119,single_source,graphcast,qm,20.30161283025652,10.364348710411361,1.2620046091303478,0.30725516735548647,0.6136012760103527,0.1334601664684899
same_period,96,2020,leave_one_year_out,119,119,single_source,hres,qm,23.29654934342521,11.782757833762798,1.5797377506314894,0.31486813502317373,0.4955625260892109,0.09063184235220519
same_period,96,2020,leave_one_year_out,119,119,single_source,ifs_ens_mean,qm,24.363448643296564,11.879472977147444,1.8327131156635663,0.3083360475973334,0.581672976410879,0.11065118240006132
same_period,96,2020,leave_one_year_out,119,119,tier1_blend,blend,qm,20.1479690925439,10.693172241927686,1.2294464335461968,0.3168788617945025,0.6077498334429753,0.13209411764705883
climatology,96,2020,leave_one_year_out,119,119,single_source,graphcast,qm,23.151286481013045,11.25702288559302,1.6681344052949918,0.3257937111106286,0.6305090972290244,0.12996181511411065
climatology,96,2020,leave_one_year_out,119,119,single_source,hres,qm,26.219803746034923,12.626324894449105,2.019081104194955,0.33024944689331376,0.5124395347120171,0.09049182774833943
climatology,96,2020,leave_one_year_out,119,119,single_source,ifs_ens_mean,qm,30.26447935852806,13.141804902212058,2.6203651912596237,0.32445708688298747,0.6057445730226385,0.10964532871972318
climatology,96,2020,leave_one_year_out,119,119,tier1_blend,blend,qm,23.535111685715677,11.693051113984808,1.7069242179483555,0.3351153381249139,0.6272380189072726,0.13021607908319482
raw,120,2018,leave_one_year_out,118,118,tier1_blend,blend,raw,13.263537696046406,6.876838491620945,0.4108076287856619,0.27884202689090354,0.2436522954509589,0.039968956150562666
same_period,120,2018,leave_one_year_out,118,118,single_source,graphcast,qm,19.142762975167628,8.967860112104331,1.0336416187047472,0.2701406833189779,0.46100871019337,0.11079448307306508
same_period,120,2018,leave_one_year_out,118,118,single_source,hres,qm,20.0816135971337,9.339893619184513,1.135247386865864,0.28185715606553857,0.3507722533239101,0.08338033946977078
same_period,120,2018,leave_one_year_out,118,118,single_source,ifs_ens_mean,qm,19.123075902029132,9.137558051320484,1.107205653550922,0.26576835671566984,0.4410711463241646,0.10643631805547986
same_period,120,2018,leave_one_year_out,118,118,tier1_blend,blend,qm,17.475469943985157,8.551372930054495,0.8471348856255271,0.27356652408550974,0.4510611446606915,0.11634184882802212
climatology,120,2018,leave_one_year_out,118,118,single_source,graphcast,qm,20.64702040012733,8.81282450689135,1.1489092699403527,0.24017479573911063,0.46519137176272946,0.1088383542374868
climatology,120,2018,leave_one_year_out,118,118,single_source,hres,qm,20.521270304166308,9.114127195253543,1.1632525124219593,0.24959731772239982,0.34647306256098875,0.08292990949273837
climatology,120,2018,leave_one_year_out,118,118,single_source,ifs_ens_mean,qm,19.410222128238093,8.852821835887951,1.1344683536294644,0.23456741460945904,0.4447752062022158,0.10657253319885696
climatology,120,2018,leave_one_year_out,118,118,tier1_blend,blend,qm,17.91823054682741,8.28596350391986,0.9023909733269221,0.24295537161126438,0.4609430386206668,0.11677888866217778
raw,120,2020,leave_one_year_out,118,118,tier1_blend,blend,raw,14.662620851350148,8.110830113999343,0.5202199271416871,0.329164902650647,0.37434536174727456,0.07522311942201446
same_period,120,2020,leave_one_year_out,118,118,single_source,graphcast,qm,19.537698882538464,10.175592333851009,1.143915593634248,0.30536309532499256,0.6259135424270482,0.13338946951310118
same_period,120,2020,leave_one_year_out,118,118,single_source,hres,qm,23.70394533806298,11.936755689928972,1.6009234285238974,0.3149281984651844,0.49347446913625376,0.0847906305150008
same_period,120,2020,leave_one_year_out,118,118,single_source,ifs_ens_mean,qm,23.91598167638923,12.001863926701528,1.7743841244137544,0.30969308554382785,0.5662248617845027,0.09928134149587436
same_period,120,2020,leave_one_year_out,118,118,tier1_blend,blend,qm,19.397244799641808,10.47143679471392,1.0950430345435704,0.3183121894723524,0.6196754223125189,0.13217866909753875
climatology,120,2020,leave_one_year_out,118,118,single_source,graphcast,qm,21.7173495754217,10.9748919848712,1.4747348877382658,0.32295264651065475,0.6460242094474187,0.13243824850299402
climatology,120,2020,leave_one_year_out,118,118,single_source,hres,qm,27.109310544523876,12.77494101319174,2.0756635024564156,0.328916237220008,0.5060876685737041,0.08381425568507549
climatology,120,2020,leave_one_year_out,118,118,single_source,ifs_ens_mean,qm,29.481063573912667,13.197291602727661,2.5214582143655027,0.3255857749748171,0.5891815559442504,0.09812883873732324
climatology,120,2020,leave_one_year_out,118,118,tier1_blend,blend,qm,22.215177405051406,11.36363539876093,1.5018671864071524,0.3354024632963012,0.6345651080058048,0.12827728530556728
