lead_hours,fold,split,arm,threshold,n_train,n_test,brier,climatology_brier,brier_skill_score,sedi,rmse_of_mean_mm,false_zero_cells,threshold_u,tail_shape_xi,fit_bins,n_bins_total,cells_csgd,cells_csgd+gpd_tail,cells_fallback
24,2018,leave_one_year_out,csgd_only,115.6,122,122,0.0006528651001174593,0.0006070092632951059,-0.07554388309237381,0.2729077644743265,13.365812832703158,0,64.5,0.11908653917713717,dry;extremely_heavy;heavy;light;very_heavy,5,,,
24,2018,leave_one_year_out,raw_ifs_ens_member_counting,115.6,122,122,0.0009246310181066821,0.0006070092632951061,-0.523256849635851,0.3270121101112481,,2087404,,,,0,,,
24,2018,leave_one_year_out,raw_ifs_ens_member_counting,204.5,122,122,8.333667509166301e-05,6.169453938650858e-05,-0.35079499612711507,0.2240476455049521,,2116864,,,,0,,,
24,2018,leave_one_year_out,csgd_gpd_tail,115.6,122,122,0.0006249158496565573,0.0006070092632951059,-0.02949969208747616,0.18038345879902093,13.365812832703158,0,64.5,0.11908653917713717,dry;extremely_heavy;heavy;light;very_heavy,5,0.0,2124630.0,0.0
24,2018,leave_one_year_out,raw_ifs_ens_member_counting,115.6,122,122,0.0009246310181066821,0.0006070092632951061,-0.523256849635851,0.3270121101112481,,2087404,,,,0,,,
24,2018,leave_one_year_out,raw_ifs_ens_member_counting,204.5,122,122,8.333667509166301e-05,6.169453938650858e-05,-0.35079499612711507,0.2240476455049521,,2116864,,,,0,,,
24,2018,leave_one_year_out,csgd_only,204.5,122,122,6.322473853399312e-05,6.16945393865086e-05,-0.024802829597251996,0.2860116388692218,13.365812832703158,0,64.5,0.11908653917713717,dry;extremely_heavy;heavy;light;very_heavy,5,,,
24,2018,leave_one_year_out,raw_ifs_ens_member_counting,115.6,122,122,0.0009246310181066821,0.0006070092632951061,-0.523256849635851,0.3270121101112481,,2087404,,,,0,,,
24,2018,leave_one_year_out,raw_ifs_ens_member_counting,204.5,122,122,8.333667509166301e-05,6.169453938650858e-05,-0.35079499612711507,0.2240476455049521,,2116864,,,,0,,,
24,2018,leave_one_year_out,csgd_gpd_tail,204.5,122,122,6.183167349632743e-05,6.16945393865086e-05,-0.0022227916957076044,0.13930788539994188,13.365812832703158,0,64.5,0.11908653917713717,dry;extremely_heavy;heavy;light;very_heavy,5,0.0,2124630.0,0.0
24,2018,leave_one_year_out,raw_ifs_ens_member_counting,115.6,122,122,0.0009246310181066821,0.0006070092632951061,-0.523256849635851,0.3270121101112481,,2087404,,,,0,,,
24,2018,leave_one_year_out,raw_ifs_ens_member_counting,204.5,122,122,8.333667509166301e-05,6.169453938650858e-05,-0.35079499612711507,0.2240476455049521,,2116864,,,,0,,,
24,2020,leave_one_year_out,csgd_only,115.6,122,122,0.0007801665839650229,0.0007771182136699819,-0.003922659695035247,0.30997614310699945,14.317098127669723,1,64.5,0.09891609634067335,dry;extremely_heavy;heavy;light;very_heavy,5,,,
24,2020,leave_one_year_out,raw_ifs_ens_member_counting,115.6,122,122,0.0011027296046841096,0.000777118213669982,-0.41899853238082074,0.4104629863487495,,2079969,,,,0,,,
24,2020,leave_one_year_out,raw_ifs_ens_member_counting,204.5,122,122,0.00011594715315137223,7.904143635441268e-05,-0.46691606958505383,0.36469727582593575,,2114247,,,,0,,,
24,2020,leave_one_year_out,csgd_gpd_tail,115.6,122,122,0.0007785692104613062,0.0007771182136699819,-0.0018671506674279303,0.22911012604512174,14.317098127669723,0,64.5,0.09891609634067335,dry;extremely_heavy;heavy;light;very_heavy,5,0.0,2124630.0,0.0
24,2020,leave_one_year_out,raw_ifs_ens_member_counting,115.6,122,122,0.0011027296046841096,0.000777118213669982,-0.41899853238082074,0.4104629863487495,,2079969,,,,0,,,
24,2020,leave_one_year_out,raw_ifs_ens_member_counting,204.5,122,122,0.00011594715315137223,7.904143635441268e-05,-0.46691606958505383,0.36469727582593575,,2114247,,,,0,,,
24,2020,leave_one_year_out,csgd_only,204.5,122,122,7.98551497995199e-05,7.904143635441265e-05,-0.010294770472776493,0.33402952582385526,14.317098127669723,1,64.5,0.09891609634067335,dry;extremely_heavy;heavy;light;very_heavy,5,,,
24,2020,leave_one_year_out,raw_ifs_ens_member_counting,115.6,122,122,0.0011027296046841096,0.000777118213669982,-0.41899853238082074,0.4104629863487495,,2079969,,,,0,,,
24,2020,leave_one_year_out,raw_ifs_ens_member_counting,204.5,122,122,0.00011594715315137223,7.904143635441268e-05,-0.46691606958505383,0.36469727582593575,,2114247,,,,0,,,
24,2020,leave_one_year_out,csgd_gpd_tail,204.5,122,122,7.978972813619244e-05,7.904143635441265e-05,-0.009467082283582728,0.18083933907511118,14.317098127669723,0,64.5,0.09891609634067335,dry;extremely_heavy;heavy;light;very_heavy,5,0.0,2124630.0,0.0
24,2020,leave_one_year_out,raw_ifs_ens_member_counting,115.6,122,122,0.0011027296046841096,0.000777118213669982,-0.41899853238082074,0.4104629863487495,,2079969,,,,0,,,
24,2020,leave_one_year_out,raw_ifs_ens_member_counting,204.5,122,122,0.00011594715315137223,7.904143635441268e-05,-0.46691606958505383,0.36469727582593575,,2114247,,,,0,,,
48,2018,leave_one_year_out,csgd_only,115.6,121,121,0.0006551668562119751,0.0006119341828564114,-0.07064922105472271,0.26807557654370895,13.331819130212073,0,64.5,0.11901313525573085,dry;extremely_heavy;heavy;light;very_heavy,5,,,
48,2018,leave_one_year_out,raw_ifs_ens_member_counting,115.6,121,121,0.0007924349437527732,0.0006119341828564116,-0.2949676059177029,0.2857664865225118,,2055362,,,,0,,,
48,2018,leave_one_year_out,raw_ifs_ens_member_counting,204.5,121,121,7.19835422583837e-05,6.220091104362319e-05,-0.15727472557274425,0.22386064719877913,,2095112,,,,0,,,
48,2018,leave_one_year_out,csgd_gpd_tail,115.6,121,121,0.0006300207004236731,0.0006119341828564114,-0.029556311894257448,0.1793643384887099,13.331819130212073,0,64.5,0.11901313525573085,dry;extremely_heavy;heavy;light;very_heavy,5,0.0,2107215.0,0.0
48,2018,leave_one_year_out,raw_ifs_ens_member_counting,115.6,121,121,0.0007924349437527732,0.0006119341828564116,-0.2949676059177029,0.2857664865225118,,2055362,,,,0,,,
48,2018,leave_one_year_out,raw_ifs_ens_member_counting,204.5,121,121,7.19835422583837e-05,6.220091104362319e-05,-0.15727472557274425,0.22386064719877913,,2095112,,,,0,,,
48,2018,leave_one_year_out,csgd_only,204.5,121,121,6.345029355099209e-05,6.220091104362319e-05,-0.020086241284997808,0.28352250516124244,13.331819130212073,0,64.5,0.11901313525573085,dry;extremely_heavy;heavy;light;very_heavy,5,,,
48,2018,leave_one_year_out,raw_ifs_ens_member_counting,115.6,121,121,0.0007924349437527732,0.0006119341828564116,-0.2949676059177029,0.2857664865225118,,2055362,,,,0,,,
48,2018,leave_one_year_out,raw_ifs_ens_member_counting,204.5,121,121,7.19835422583837e-05,6.220091104362319e-05,-0.15727472557274425,0.22386064719877913,,2095112,,,,0,,,
48,2018,leave_one_year_out,csgd_gpd_tail,204.5,121,121,6.234859927869e-05,6.220091104362319e-05,-0.0023743741464372636,0.137564926345747,13.331819130212073,0,64.5,0.11901313525573085,dry;extremely_heavy;heavy;light;very_heavy,5,0.0,2107215.0,0.0
48,2018,leave_one_year_out,raw_ifs_ens_member_counting,115.6,121,121,0.0007924349437527732,0.0006119341828564116,-0.2949676059177029,0.2857664865225118,,2055362,,,,0,,,
48,2018,leave_one_year_out,raw_ifs_ens_member_counting,204.5,121,121,7.19835422583837e-05,6.220091104362319e-05,-0.15727472557274425,0.22386064719877913,,2095112,,,,0,,,
48,2020,leave_one_year_out,csgd_only,115.6,121,121,0.0007867153519989713,0.0007834489923252947,-0.0041692052777833055,0.3108571805424185,14.329161142834256,0,64.5,0.09865231585257239,dry;extremely_heavy;heavy;light;very_heavy,5,,,
48,2020,leave_one_year_out,raw_ifs_ens_member_counting,115.6,121,121,0.001031052645316211,0.0007834489923252947,-0.3160431060815114,0.37717237772946144,,2054064,,,,0,,,
48,2020,leave_one_year_out,raw_ifs_ens_member_counting,204.5,121,121,0.00010499526626376521,7.969117079638598e-05,-0.3175269633323894,0.29931451469512504,,2093460,,,,0,,,
48,2020,leave_one_year_out,csgd_gpd_tail,115.6,121,121,0.0007850577272795641,0.0007834489923252947,-0.0020534010127379876,0.22884743178829975,14.329161142834256,0,64.5,0.09865231585257239,dry;extremely_heavy;heavy;light;very_heavy,5,0.0,2107215.0,0.0
48,2020,leave_one_year_out,raw_ifs_ens_member_counting,115.6,121,121,0.001031052645316211,0.0007834489923252947,-0.3160431060815114,0.37717237772946144,,2054064,,,,0,,,
48,2020,leave_one_year_out,raw_ifs_ens_member_counting,204.5,121,121,0.00010499526626376521,7.969117079638598e-05,-0.3175269633323894,0.29931451469512504,,2093460,,,,0,,,
48,2020,leave_one_year_out,csgd_only,204.5,121,121,8.038780140338716e-05,7.969117079638597e-05,-0.008741628464477236,0.34223353396305045,14.329161142834256,0,64.5,0.09865231585257239,dry;extremely_heavy;heavy;light;very_heavy,5,,,
48,2020,leave_one_year_out,raw_ifs_ens_member_counting,115.6,121,121,0.001031052645316211,0.0007834489923252947,-0.3160431060815114,0.37717237772946144,,2054064,,,,0,,,
48,2020,leave_one_year_out,raw_ifs_ens_member_counting,204.5,121,121,0.00010499526626376521,7.969117079638598e-05,-0.3175269633323894,0.29931451469512504,,2093460,,,,0,,,
48,2020,leave_one_year_out,csgd_gpd_tail,204.5,121,121,8.046341701530952e-05,7.969117079638597e-05,-0.00969048655210103,0.17838141199434276,14.329161142834256,0,64.5,0.09865231585257239,dry;extremely_heavy;heavy;light;very_heavy,5,0.0,2107215.0,0.0
48,2020,leave_one_year_out,raw_ifs_ens_member_counting,115.6,121,121,0.001031052645316211,0.0007834489923252947,-0.3160431060815114,0.37717237772946144,,2054064,,,,0,,,
48,2020,leave_one_year_out,raw_ifs_ens_member_counting,204.5,121,121,0.00010499526626376521,7.969117079638598e-05,-0.3175269633323894,0.29931451469512504,,2093460,,,,0,,,
72,2018,leave_one_year_out,csgd_only,115.6,120,120,0.0006611545718282722,0.0006169411844104053,-0.07166548211580404,0.2661868074056284,13.30015463201215,0,64.5,0.11916529267722561,dry;extremely_heavy;heavy;light;very_heavy,5,,,
72,2018,leave_one_year_out,raw_ifs_ens_member_counting,115.6,120,120,0.0007478348167288735,0.0006169411844104054,-0.21216549587876798,0.27449700080034195,,2029910,,,,0,,,
72,2018,leave_one_year_out,raw_ifs_ens_member_counting,204.5,120,120,6.94340128241937e-05,6.271572222835636e-05,-0.10712290885170961,0.24675040129051382,,2075925,,,,0,,,
72,2018,leave_one_year_out,csgd_gpd_tail,115.6,120,120,0.0006358387304213159,0.0006169411844104053,-0.03063103337633466,0.1797458206718818,13.30015463201215,0,64.5,0.11916529267722561,dry;extremely_heavy;heavy;light;very_heavy,5,0.0,2089800.0,0.0
72,2018,leave_one_year_out,raw_ifs_ens_member_counting,115.6,120,120,0.0007478348167288735,0.0006169411844104054,-0.21216549587876798,0.27449700080034195,,2029910,,,,0,,,
72,2018,leave_one_year_out,raw_ifs_ens_member_counting,204.5,120,120,6.94340128241937e-05,6.271572222835636e-05,-0.10712290885170961,0.24675040129051382,,2075925,,,,0,,,
72,2018,leave_one_year_out,csgd_only,204.5,120,120,6.425500343411684e-05,6.271572222835637e-05,-0.024543785052107747,0.2844103309235694,13.30015463201215,0,64.5,0.11916529267722561,dry;extremely_heavy;heavy;light;very_heavy,5,,,
72,2018,leave_one_year_out,raw_ifs_ens_member_counting,115.6,120,120,0.0007478348167288735,0.0006169411844104054,-0.21216549587876798,0.27449700080034195,,2029910,,,,0,,,
72,2018,leave_one_year_out,raw_ifs_ens_member_counting,204.5,120,120,6.94340128241937e-05,6.271572222835636e-05,-0.10712290885170961,0.24675040129051382,,2075925,,,,0,,,
72,2018,leave_one_year_out,csgd_gpd_tail,204.5,120,120,6.288653091001051e-05,6.271572222835637e-05,-0.002723538461890218,0.13753034004528567,13.30015463201215,0,64.5,0.11916529267722561,dry;extremely_heavy;heavy;light;very_heavy,5,0.0,2089800.0,0.0
72,2018,leave_one_year_out,raw_ifs_ens_member_counting,115.6,120,120,0.0007478348167288735,0.0006169411844104054,-0.21216549587876798,0.27449700080034195,,2029910,,,,0,,,
72,2018,leave_one_year_out,raw_ifs_ens_member_counting,204.5,120,120,6.94340128241937e-05,6.271572222835636e-05,-0.10712290885170961,0.24675040129051382,,2075925,,,,0,,,
72,2020,leave_one_year_out,csgd_only,115.6,120,120,0.0007891652338606438,0.0007894078152015445,0.000307295337377389,0.3106553213580519,14.323267453498806,0,64.5,0.09865214452777607,dry;extremely_heavy;heavy;light;very_heavy,5,,,
72,2020,leave_one_year_out,raw_ifs_ens_member_counting,115.6,120,120,0.0010387487797875394,0.0007894078152015446,-0.3158582418167917,0.3502368794373053,,2027026,,,,0,,,
72,2020,leave_one_year_out,raw_ifs_ens_member_counting,204.5,120,120,0.00010920489999042972,8.03517341457255e-05,-0.3590857888938186,0.2441777772726092,,2072757,,,,0,,,
72,2020,leave_one_year_out,csgd_gpd_tail,115.6,120,120,0.0007908101981456778,0.0007894078152015445,-0.0017764999498710576,0.22893409592769592,14.323267453498806,0,64.5,0.09865214452777607,dry;extremely_heavy;heavy;light;very_heavy,5,0.0,2089800.0,0.0
72,2020,leave_one_year_out,raw_ifs_ens_member_counting,115.6,120,120,0.0010387487797875394,0.0007894078152015446,-0.3158582418167917,0.3502368794373053,,2027026,,,,0,,,
72,2020,leave_one_year_out,raw_ifs_ens_member_counting,204.5,120,120,0.00010920489999042972,8.03517341457255e-05,-0.3590857888938186,0.2441777772726092,,2072757,,,,0,,,
72,2020,leave_one_year_out,csgd_only,204.5,120,120,8.090700034796051e-05,8.03517341457255e-05,-0.006910444536616822,0.3310128480025977,14.323267453498806,0,64.5,0.09865214452777607,dry;extremely_heavy;heavy;light;very_heavy,5,,,
72,2020,leave_one_year_out,raw_ifs_ens_member_counting,115.6,120,120,0.0010387487797875394,0.0007894078152015446,-0.3158582418167917,0.3502368794373053,,2027026,,,,0,,,
72,2020,leave_one_year_out,raw_ifs_ens_member_counting,204.5,120,120,0.00010920489999042972,8.03517341457255e-05,-0.3590857888938186,0.2441777772726092,,2072757,,,,0,,,
72,2020,leave_one_year_out,csgd_gpd_tail,204.5,120,120,8.112229456717352e-05,8.03517341457255e-05,-0.009589841832791546,0.17929239539590408,14.323267453498806,0,64.5,0.09865214452777607,dry;extremely_heavy;heavy;light;very_heavy,5,0.0,2089800.0,0.0
72,2020,leave_one_year_out,raw_ifs_ens_member_counting,115.6,120,120,0.0010387487797875394,0.0007894078152015446,-0.3158582418167917,0.3502368794373053,,2027026,,,,0,,,
72,2020,leave_one_year_out,raw_ifs_ens_member_counting,204.5,120,120,0.00010920489999042972,8.03517341457255e-05,-0.3590857888938186,0.2441777772726092,,2072757,,,,0,,,
96,2018,leave_one_year_out,csgd_only,115.6,119,119,0.000662816540048333,0.0006220323372510208,-0.06556604915035735,0.2520250106311966,13.333259925412689,0,64.5,0.11901170993936708,dry;extremely_heavy;heavy;light;very_heavy,5,,,
96,2018,leave_one_year_out,raw_ifs_ens_member_counting,115.6,119,119,0.0007491270203171707,0.0006220323372510212,-0.20432166537808216,0.23377938706118243,,2007292,,,,0,,,
96,2018,leave_one_year_out,raw_ifs_ens_member_counting,204.5,119,119,6.942532396248765e-05,6.323918570190858e-05,-0.0978212826733531,0.19942119908647415,,2058036,,,,0,,,
96,2018,leave_one_year_out,csgd_gpd_tail,115.6,119,119,0.0006411509051487342,0.0006220323372510208,-0.030735649503697893,0.17572300833506396,13.333259925412689,0,64.5,0.11901170993936708,dry;extremely_heavy;heavy;light;very_heavy,5,0.0,2072385.0,0.0
96,2018,leave_one_year_out,raw_ifs_ens_member_counting,115.6,119,119,0.0007491270203171707,0.0006220323372510212,-0.20432166537808216,0.23377938706118243,,2007292,,,,0,,,
96,2018,leave_one_year_out,raw_ifs_ens_member_counting,204.5,119,119,6.942532396248765e-05,6.323918570190858e-05,-0.0978212826733531,0.19942119908647415,,2058036,,,,0,,,
96,2018,leave_one_year_out,csgd_only,204.5,119,119,6.499676894779121e-05,6.32391857019086e-05,-0.027792629306888195,0.27565906425517045,13.333259925412689,0,64.5,0.11901170993936708,dry;extremely_heavy;heavy;light;very_heavy,5,,,
96,2018,leave_one_year_out,raw_ifs_ens_member_counting,115.6,119,119,0.0007491270203171707,0.0006220323372510212,-0.20432166537808216,0.23377938706118243,,2007292,,,,0,,,
96,2018,leave_one_year_out,raw_ifs_ens_member_counting,204.5,119,119,6.942532396248765e-05,6.323918570190858e-05,-0.0978212826733531,0.19942119908647415,,2058036,,,,0,,,
96,2018,leave_one_year_out,csgd_gpd_tail,204.5,119,119,6.342423038370304e-05,6.32391857019086e-05,-0.0029261079145876945,0.13503893330266284,13.333259925412689,0,64.5,0.11901170993936708,dry;extremely_heavy;heavy;light;very_heavy,5,0.0,2072385.0,0.0
96,2018,leave_one_year_out,raw_ifs_ens_member_counting,115.6,119,119,0.0007491270203171707,0.0006220323372510212,-0.20432166537808216,0.23377938706118243,,2007292,,,,0,,,
96,2018,leave_one_year_out,raw_ifs_ens_member_counting,204.5,119,119,6.942532396248765e-05,6.323918570190858e-05,-0.0978212826733531,0.19942119908647415,,2058036,,,,0,,,
96,2020,leave_one_year_out,csgd_only,115.6,119,119,0.0007936993202928038,0.0007940265619564306,0.0004121293660761527,0.29098634883992097,14.439518448404531,116,64.5,0.09840111061744047,dry;extremely_heavy;heavy;light;very_heavy,5,,,
96,2020,leave_one_year_out,raw_ifs_ens_member_counting,115.6,119,119,0.0010185769536065934,0.0007940265619564307,-0.28279959690124845,0.3421852781082361,,2000347,,,,0,,,
96,2020,leave_one_year_out,raw_ifs_ens_member_counting,204.5,119,119,0.00010985371926548397,8.102339940009595e-05,-0.3558270830260164,0.23880568989479126,,2052800,,,,0,,,
96,2020,leave_one_year_out,csgd_gpd_tail,115.6,119,119,0.0007975074845641682,0.0007940265619564306,-0.0043838868553223165,0.2198869120444596,14.439518448404531,0,64.5,0.09840111061744047,dry;extremely_heavy;heavy;light;very_heavy,5,0.0,2072385.0,0.0
96,2020,leave_one_year_out,raw_ifs_ens_member_counting,115.6,119,119,0.0010185769536065934,0.0007940265619564307,-0.28279959690124845,0.3421852781082361,,2000347,,,,0,,,
96,2020,leave_one_year_out,raw_ifs_ens_member_counting,204.5,119,119,0.00010985371926548397,8.102339940009595e-05,-0.3558270830260164,0.23880568989479126,,2052800,,,,0,,,
96,2020,leave_one_year_out,csgd_only,204.5,119,119,8.156264117633955e-05,8.102339940009598e-05,-0.006655383262565762,0.29920415589073657,14.439518448404531,116,64.5,0.09840111061744047,dry;extremely_heavy;heavy;light;very_heavy,5,,,
96,2020,leave_one_year_out,raw_ifs_ens_member_counting,115.6,119,119,0.0010185769536065934,0.0007940265619564307,-0.28279959690124845,0.3421852781082361,,2000347,,,,0,,,
96,2020,leave_one_year_out,raw_ifs_ens_member_counting,204.5,119,119,0.00010985371926548397,8.102339940009595e-05,-0.3558270830260164,0.23880568989479126,,2052800,,,,0,,,
96,2020,leave_one_year_out,csgd_gpd_tail,204.5,119,119,8.183630824977955e-05,8.102339940009598e-05,-0.010033013372709787,0.17175638516836741,14.439518448404531,0,64.5,0.09840111061744047,dry;extremely_heavy;heavy;light;very_heavy,5,0.0,2072385.0,0.0
96,2020,leave_one_year_out,raw_ifs_ens_member_counting,115.6,119,119,0.0010185769536065934,0.0007940265619564307,-0.28279959690124845,0.3421852781082361,,2000347,,,,0,,,
96,2020,leave_one_year_out,raw_ifs_ens_member_counting,204.5,119,119,0.00010985371926548397,8.102339940009595e-05,-0.3558270830260164,0.23880568989479126,,2052800,,,,0,,,
120,2018,leave_one_year_out,csgd_only,115.6,118,118,0.0006675511202485337,0.0006267236875395863,-0.06514423105536227,0.2472145429019295,13.380355487582124,0,64.5,0.11790491239307062,dry;extremely_heavy;heavy;light;very_heavy,5,,,
120,2018,leave_one_year_out,raw_ifs_ens_member_counting,115.6,118,118,0.0007465732346457612,0.0006267236875395866,-0.19123187696428712,0.22399535263019646,,1985319,,,,0,,,
120,2018,leave_one_year_out,raw_ifs_ens_member_counting,204.5,118,118,6.910718891273351e-05,6.377152143772442e-05,-0.08366849895873352,0.20288495730091058,,2040618,,,,0,,,
120,2018,leave_one_year_out,csgd_gpd_tail,115.6,118,118,0.0006463017064452776,0.0006267236875395863,-0.031238677099554524,0.1723576793218893,13.380355487582124,0,64.5,0.11790491239307062,dry;extremely_heavy;heavy;light;very_heavy,5,0.0,2054970.0,0.0
120,2018,leave_one_year_out,raw_ifs_ens_member_counting,115.6,118,118,0.0007465732346457612,0.0006267236875395866,-0.19123187696428712,0.22399535263019646,,1985319,,,,0,,,
120,2018,leave_one_year_out,raw_ifs_ens_member_counting,204.5,118,118,6.910718891273351e-05,6.377152143772442e-05,-0.08366849895873352,0.20288495730091058,,2040618,,,,0,,,
120,2018,leave_one_year_out,csgd_only,204.5,118,118,6.62805925107034e-05,6.377152143772442e-05,-0.0393446951932801,0.22226659861248227,13.380355487582124,0,64.5,0.11790491239307062,dry;extremely_heavy;heavy;light;very_heavy,5,,,
120,2018,leave_one_year_out,raw_ifs_ens_member_counting,115.6,118,118,0.0007465732346457612,0.0006267236875395866,-0.19123187696428712,0.22399535263019646,,1985319,,,,0,,,
120,2018,leave_one_year_out,raw_ifs_ens_member_counting,204.5,118,118,6.910718891273351e-05,6.377152143772442e-05,-0.08366849895873352,0.20288495730091058,,2040618,,,,0,,,
120,2018,leave_one_year_out,csgd_gpd_tail,204.5,118,118,6.399329888075198e-05,6.377152143772442e-05,-0.0034776878146798307,0.12759872491218172,13.380355487582124,0,64.5,0.11790491239307062,dry;extremely_heavy;heavy;light;very_heavy,5,0.0,2054970.0,0.0
120,2018,leave_one_year_out,raw_ifs_ens_member_counting,115.6,118,118,0.0007465732346457612,0.0006267236875395866,-0.19123187696428712,0.22399535263019646,,1985319,,,,0,,,
120,2018,leave_one_year_out,raw_ifs_ens_member_counting,204.5,118,118,6.910718891273351e-05,6.377152143772442e-05,-0.08366849895873352,0.20288495730091058,,2040618,,,,0,,,
120,2020,leave_one_year_out,csgd_only,115.6,118,118,0.0007968511316916591,0.0007971632012218757,0.0003914750828164504,0.2762051918131364,14.483647426022044,76,64.5,0.09794676956058397,dry;extremely_heavy;heavy;light;very_heavy,5,,,
120,2020,leave_one_year_out,raw_ifs_ens_member_counting,115.6,118,118,0.0010058568251604645,0.000797163201221876,-0.2617953558552466,0.3301873090588564,,1975164,,,,0,,,
120,2020,leave_one_year_out,raw_ifs_ens_member_counting,204.5,118,118,0.00010882708750006083,8.170644881132015e-05,-0.3319277619245058,0.20814551489448893,,2033209,,,,0,,,
120,2020,leave_one_year_out,csgd_gpd_tail,115.6,118,118,0.0008018845677232798,0.0007971632012218757,-0.00592271004753786,0.21169813759883152,14.483647426022044,0,64.5,0.09794676956058397,dry;extremely_heavy;heavy;light;very_heavy,5,0.0,2054970.0,0.0
120,2020,leave_one_year_out,raw_ifs_ens_member_counting,115.6,118,118,0.0010058568251604645,0.000797163201221876,-0.2617953558552466,0.3301873090588564,,1975164,,,,0,,,
120,2020,leave_one_year_out,raw_ifs_ens_member_counting,204.5,118,118,0.00010882708750006083,8.170644881132015e-05,-0.3319277619245058,0.20814551489448893,,2033209,,,,0,,,
120,2020,leave_one_year_out,csgd_only,204.5,118,118,8.236125460161329e-05,8.170644881132017e-05,-0.008014126177545933,0.28071660202871734,14.483647426022044,76,64.5,0.09794676956058397,dry;extremely_heavy;heavy;light;very_heavy,5,,,
120,2020,leave_one_year_out,raw_ifs_ens_member_counting,115.6,118,118,0.0010058568251604645,0.000797163201221876,-0.2617953558552466,0.3301873090588564,,1975164,,,,0,,,
120,2020,leave_one_year_out,raw_ifs_ens_member_counting,204.5,118,118,0.00010882708750006083,8.170644881132015e-05,-0.3319277619245058,0.20814551489448893,,2033209,,,,0,,,
120,2020,leave_one_year_out,csgd_gpd_tail,204.5,118,118,8.256226127304931e-05,8.170644881132017e-05,-0.010474233970263702,0.16384837201577268,14.483647426022044,0,64.5,0.09794676956058397,dry;extremely_heavy;heavy;light;very_heavy,5,0.0,2054970.0,0.0
120,2020,leave_one_year_out,raw_ifs_ens_member_counting,115.6,118,118,0.0010058568251604645,0.000797163201221876,-0.2617953558552466,0.3301873090588564,,1975164,,,,0,,,
120,2020,leave_one_year_out,raw_ifs_ens_member_counting,204.5,118,118,0.00010882708750006083,8.170644881132015e-05,-0.3319277619245058,0.20814551489448893,,2033209,,,,0,,,
