variant,lead_hours,scope,n_test_days,rmse_delta_mm,rmse_ci_lo,rmse_ci_hi,rmse_significant,rmse_worse,twcrps_64.5_delta,twcrps_64.5_ci_lo,twcrps_64.5_ci_hi,twcrps_64.5_improved,sedi_115.6_delta,sedi_115.6_ci_lo,sedi_115.6_ci_hi,sedi_115.6_improved,brier_7.5_delta,brier_7.5_ci_lo,brier_7.5_ci_hi,brier_7.5_degraded,h7_lead_improved,bootstrap_degenerate
same_period,24,tier1_blend,244,4.088148545570302,3.755161306644801,4.512147404666834,True,True,0.47426539471067086,0.40138798195267955,0.5774367556915615,False,-0.11241864467925688,-0.1582221611991581,-0.07192347084846998,True,-0.0008747405430593047,-0.003535109642620164,0.0022637059158536186,False,True,False
climatology,24,tier1_blend,244,5.830900062767867,5.130924681148003,6.828469525649065,True,True,0.6979728899806872,0.5694072876160338,0.8925289214474559,False,-0.13593419790194894,-0.17821330723452625,-0.09864173494009087,True,-0.00764227183085997,-0.013808504304278912,-0.0014090512230365215,False,True,False
same_period,48,tier1_blend,242,4.298526884384932,3.93634242209134,4.836976968524534,True,True,0.4991974665289732,0.4175006890669468,0.6294156420452625,False,-0.21279097335519398,-0.25801242438718724,-0.1744789587261143,True,-0.008646246348853803,-0.011504034946600137,-0.005349584641339478,False,True,False
climatology,48,tier1_blend,242,6.262139079939738,5.337612603052936,7.556591878067847,True,True,0.7562501912135917,0.5881921463829733,0.9929464473229807,False,-0.23187562043095405,-0.2781964563541278,-0.1909449443977683,True,-0.014451776396808114,-0.020649275228204013,-0.007743140828059817,False,True,False
same_period,72,tier1_blend,240,4.546140972930122,4.113487396051895,5.146887767570891,True,True,0.5299582642112284,0.4345482615928386,0.6673028797654174,False,-0.25557335312377083,-0.34644567711100527,-0.17447786441044721,True,-0.006958082113120878,-0.00944432481577185,-0.003948954445401519,False,True,False
climatology,72,tier1_blend,240,6.361105125234534,5.334854425554786,7.699615390426083,True,True,0.7687186449024328,0.5848716389478479,1.0279449368988705,False,-0.27144081302229495,-0.35998470054943504,-0.19015605431601165,True,-0.012656235046415998,-0.019528274236769037,-0.005126268063929588,False,True,False
same_period,96,tier1_blend,238,4.707136435697548,4.18217692985064,5.390368200510522,True,True,0.5537905932184245,0.44461714004755826,0.6989045665879933,False,-0.2169287567538178,-0.29672491596615364,-0.1430172292982924,True,-0.007805016924944008,-0.010244850739606813,-0.004861596662782217,False,True,False
climatology,96,tier1_blend,238,6.653221759162635,5.478964562490594,8.22378611364873,True,True,0.8019181585556995,0.6037683082109846,1.0914524952571334,False,-0.2326453902688565,-0.310099824994354,-0.15785695828861646,True,-0.01371632201545575,-0.020936855362299965,-0.006102316895750592,False,True,False
same_period,120,tier1_blend,236,4.480789121338006,3.9827880663338755,5.113673819557977,True,True,0.5055751821208742,0.40819449161661997,0.6329086458236391,False,-0.21192908115185027,-0.2983134126819924,-0.13290882244225197,True,-0.00806410799184415,-0.010681256903993764,-0.00523814824547314,False,True,False
climatology,120,tier1_blend,236,6.200799504530352,5.1615772985590285,7.535934877054297,True,True,0.7366153019033629,0.5585057496943875,0.9763750433275886,False,-0.2245036836193952,-0.3073815569818646,-0.1505270076757939,True,-0.014824547316992454,-0.02234984573984047,-0.007284516318972946,False,True,False
