lead_hours,fold,n_train,n_test,split,tier0_rmse_mm,tier0_bias_mm,tier1_rmse_mm,tier1_bias_mm,emos_graphcast_crps_mm,emos_graphcast_rmse_mm,emos_graphcast_bias_mm,emos_graphcast_n_test_cells,emos_ifs_ens_crps_mm,emos_ifs_ens_rmse_mm,emos_ifs_ens_bias_mm,emos_ifs_ens_n_test_cells,bma_crps_mm,bma_rmse_mm,bma_bias_mm,bma_n_test_cells
24,2018,122,122,leave_one_year_out,14.236604812524888,1.6791046582780627,13.421851467844242,1.3971692573172283,4.20178846472572,13.027355691909305,0.31854247844071454,564250,4.2295321487963635,13.08597921389988,0.5509997252687681,564250,4.386323647237657,12.949111427701487,0.46797116727457033,564250
24,2020,122,122,leave_one_year_out,14.982058288618617,1.2840565408099125,14.275858451762499,1.1018257520487083,4.889618617589079,14.0012758668851,-0.39142035852012763,564250,4.928620332506913,14.078816088633229,-0.7290914664194226,564250,5.106853939155493,14.204893605044333,-0.29650462265412914,564250
24,pooled,244,244,leave_one_year_out,14.614085451227739,1.4815805995439877,13.855436322246069,1.2494975046829682,4.5457035411574,13.523086227339913,-0.03643894003970656,1128500,4.579076240651638,13.591466338187677,-0.08904587057532723,1128500,4.746588793196575,13.591513696010068,0.08573327231022061,1128500
48,2018,121,121,leave_one_year_out,14.118863265862233,1.380988807709288,13.303228768769552,1.155550715855501,4.209200889741577,13.043857207699235,0.21080027303109647,559625,4.236320065854136,13.088152622446154,0.3265662430486122,559625,4.372442173033262,12.959869425118386,0.3268998147086426,559625
48,2020,121,121,leave_one_year_out,15.278100663833666,1.2772706306221517,14.396092295164074,1.1147631849673922,4.898258853245832,14.052781123785847,-0.287936311165878,559625,4.959401589981216,14.226806343205318,-0.5070688579334055,559625,5.115197106404349,14.271155252462485,-0.06287401960521283,559625
48,pooled,242,242,leave_one_year_out,14.709905842906485,1.3291297191657199,13.860435942731026,1.1351569504114465,4.5537298714937045,13.557707552677904,-0.0385680190673908,1119250,4.597860827917676,13.669340836256723,-0.09025130744239669,1119250,4.743819639718804,13.631289149526651,0.1320128975517149,1119250
72,2018,120,120,leave_one_year_out,13.968686722459323,1.1445581191287055,13.167182375536276,1.0833514522041774,4.211403893037434,13.05505553372003,0.16054515015017587,555000,4.24293164434497,13.114073213121454,0.10593498502372747,555000,4.363589511489675,12.942933553384137,0.26585446141196023,555000
72,2020,120,120,leave_one_year_out,15.520713002865959,1.3330675685582296,14.478389449669148,1.1673406190053517,4.908937494970903,14.088435484279167,-0.2564024464119695,555000,4.987547892026144,14.365418640008079,-0.29263301058909674,555000,5.117960830046764,14.304911533518915,0.052405636720999925,555000
72,pooled,240,240,leave_one_year_out,14.765106516167497,1.2388128438434678,13.838324551168107,1.1253460356047646,4.56017069400417,13.581577400714734,-0.047928648130896805,1110000,4.615239768185556,13.753984312587411,-0.09334901278268462,1110000,4.74077517076822,13.64093147386056,0.15913004906648007,1110000
96,2018,119,119,leave_one_year_out,13.893260959666055,0.9042923226549553,13.147568982041482,0.9826873739230843,4.237515562467436,13.116238542353933,0.0774754100876902,550375,4.292461628355098,13.255990383225534,-0.05143663301230375,550375,4.389098096285562,13.016725888483096,0.18719070077221014,550375
96,2020,119,119,leave_one_year_out,15.61752928502584,1.293943739791428,14.511921205181652,1.1958639490359453,4.954522691704063,14.241000241572275,-0.1846915165359347,550375,5.039587412225575,14.506671538892304,-0.12216176871112382,550375,5.1509173148073994,14.382647810082952,0.14947968405744191,550375
96,pooled,238,238,leave_one_year_out,14.780560223855197,1.0991180312231916,13.846559630517254,1.0892756614795147,4.59601912708575,13.690175334530824,-0.053608053224122244,1100750,4.666024520290336,13.8954093170636,-0.08679920086171378,1100750,4.77000770554648,13.71669987432819,0.16833519241482603,1100750
120,2018,118,118,leave_one_year_out,13.89984930748712,0.7727204927701371,13.200163821085864,0.9526495246131826,4.267895563707651,13.192388939057501,0.04139818973381547,545750,4.337361132836929,13.390004133031617,-0.11794680341924746,545750,4.42403615630794,13.20358038762709,0.1868270342167051,545750
120,2020,118,118,leave_one_year_out,15.706175152494755,1.1843268306241717,14.549605624023213,1.174393037522728,4.976629958535183,14.303292492109527,-0.13227481483628242,545750,5.094292897449731,14.645339600228002,-0.056756339173109675,545750,5.1780912443692335,14.379857944659252,0.17037621670629957,545750
120,pooled,236,236,leave_one_year_out,14.830538572346148,0.9785236616971543,13.891280515454868,1.0635212810679555,4.622262761121417,13.759057054068121,-0.04543831255123348,1091500,4.715827015143331,14.031717334107936,-0.08735157129617856,1091500,4.801063700338586,13.804253865405233,0.17860162546150235,1091500
