lead_hours,sources,fold,split,n_samples,n_train,n_test,rmse_mm,bias_mm,acc,seeps,fss_7.5mm,pod_7.5mm,far_7.5mm,csi_7.5mm,ets_7.5mm,fss_64.5mm,pod_64.5mm,far_64.5mm,csi_64.5mm,ets_64.5mm,fss_115.6mm,pod_115.6mm,far_115.6mm,csi_115.6mm,ets_115.6mm,fss_204.5mm,pod_204.5mm,far_204.5mm,csi_204.5mm,ets_204.5mm
24,graphcast+hres+ifs_ens_mean,2018,leave_one_year_out,244,122,122,14.448108120132407,1.6352117686560839,0.3835418542031677,1.7388879243450712,0.2795315114439253,0.6861074006998337,0.5525957196676197,0.37138649479460073,0.2338448621870452,0.19406318409688939,0.12359392575928009,0.7952957615277131,0.0834995725277857,0.07876316687142967,0.07050207234363226,0.023718439173680182,0.9417293233082706,0.017146017699115043,0.016475666585365492,0.007049891540130138,0.0,1.0,0.0,-4.3262727388014486e-05
24,graphcast+hres+ifs_ens_mean,2020,leave_one_year_out,244,122,122,15.164308498703546,1.1529405573118419,0.38970032879381117,1.84105050058088,0.27293344846730994,0.6488364488527986,0.5433650720593735,0.3661456371143215,0.1990714626303133,0.2789455896881239,0.19146341463414634,0.676954732510288,0.13664055700609226,0.1313007201732072,0.24707413522221922,0.10011848341232228,0.7672176308539945,0.07527839643652562,0.0743829234107951,0.16774114699501985,0.03529411764705882,0.88,0.028037383177570093,0.02796895834886244
24,graphcast+hres+ifs_ens_mean,pooled,leave_one_year_out,244,244,244,14.810538148475372,1.3940761629839629,0.38730035957776243,1.7899692124629756,0.27595845051863266,0.665755279535453,0.5477302994847276,0.3685788720356698,0.21647188808106163,0.24191196894168931,0.15993991640543365,0.7324666812322482,0.11123222964073216,0.10618993331916741,0.17395815455665975,0.0667779632721202,0.8410174880763116,0.04934616333580064,0.04856240963117984,0.1178155472715402,0.019933554817275746,0.925,0.016,0.015944005746054327
48,graphcast+hres+ifs_ens_mean,2018,leave_one_year_out,242,121,121,14.173840620545924,1.418220641111138,0.3878160765337334,1.6776797012082365,0.2668545757119186,0.6869540901090586,0.5440481259484895,0.37751301706682094,0.2409742797194647,0.21351274658621988,0.11492474328316218,0.7789502164502164,0.08179815778934722,0.07746155836613913,0.07017517962646558,0.01224177505738332,0.9493670886075949,0.009956440572495333,0.009501553615220355,0.01883948756593823,0.0,1.0,0.0,-1.5048568777083992e-05
48,graphcast+hres+ifs_ens_mean,2020,leave_one_year_out,242,121,121,15.318849662388907,1.2753696912133456,0.36773075659678545,1.8727370742976959,0.2667096278210702,0.6691029626732,0.5390997277059224,0.3753464843389079,0.20724793673969166,0.2725912201175874,0.15330159892591236,0.7258838934962898,0.10903724281621668,0.10381830378213999,0.16875966621144822,0.04739336492890995,0.8787878787878788,0.03527336860670194,0.03442582537163691,0.02804029494236171,0.0,1.0,0.0,-5.430086833476804e-05
48,graphcast+hres+ifs_ens_mean,pooled,leave_one_year_out,242,242,242,14.757454267513593,1.346795166162242,0.3782275372364415,1.7752083877529663,0.2667759986185817,0.6772228852333904,0.5413962231646576,0.37634303534303537,0.22432449232138824,0.24645311900084865,0.13547248725656777,0.749577192558589,0.09638722276468127,0.09160708492744467,0.13242476792818536,0.032053422370617694,0.9016393442622951,0.024774193548387096,0.02411646631457147,0.024770703621878498,0.0,1.0,0.0,-3.5651945388079176e-05
72,graphcast+hres+ifs_ens_mean,2018,leave_one_year_out,240,120,120,14.02916915620829,1.1564417000947325,0.38175105657386077,1.6358560320158215,0.2652300596085754,0.6862665596478308,0.5400315016527275,0.3800515985940987,0.2440420580438516,0.21453730785985448,0.09615655356891455,0.7781026640675763,0.07190987576331859,0.06804460064945211,0.06354891747616798,0.009181331293037491,0.9566787003610109,0.007633587786259542,0.007221621058233388,0.0,0.0,1.0,0.0,-1.980761214094734e-05
72,graphcast+hres+ifs_ens_mean,2020,leave_one_year_out,240,120,120,15.606775389429961,1.3939471036822122,0.34347302726292167,1.9034117194506834,0.2686711212275167,0.6840992329486559,0.5414962646646072,0.37838891543239367,0.20795753850327667,0.25979160491341036,0.13117567733235258,0.7647834688942625,0.09195599862495703,0.08670841753548264,0.15653343537296638,0.04445761707172496,0.8863636363636364,0.03301056338028169,0.03215596299035078,0.02309439676930858,0.0,1.0,0.0,-4.724350296500045e-05
72,graphcast+hres+ifs_ens_mean,pooled,leave_one_year_out,240,240,240,14.838952545069054,1.2751944018884724,0.36249660686787727,1.7696338757332524,0.26710331235260054,0.6850855359032388,0.5408296926699628,0.37914506260315767,0.22630258417162685,0.2405015796682448,0.11487549148099607,0.7701586469122853,0.08294691019210751,0.07837436354174965,0.12403082065732218,0.02905811623246493,0.9071504802561366,0.02263267429760666,0.02198964837579595,0.013665895004107309,0.0,1.0,0.0,-3.3897545401032176e-05
96,graphcast+hres+ifs_ens_mean,2018,leave_one_year_out,238,119,119,13.949377995285827,0.8853543378499815,0.3656241114324656,1.6307030136408727,0.259401089881945,0.6728043559582693,0.5433721684673757,0.3736525010964659,0.23722923883884722,0.18755481389466755,0.07886213209407125,0.7742845626763402,0.06207049434715141,0.05873086264662696,0.04042508087781238,0.0076511094108645756,0.9530516431924883,0.006622516556291391,0.006289642949632946,0.0,0.0,1.0,0.0,-1.803181525224259e-06
96,graphcast+hres+ifs_ens_mean,2020,leave_one_year_out,238,119,119,15.685595060026337,1.2999703210761993,0.32648093577518794,1.9080151038634805,0.26528436734140737,0.6764818355640535,0.5456731667227016,0.3732325208491572,0.2018978496138395,0.25580183078981,0.12217975588706695,0.7674800563115908,0.08706729924442101,0.0820014464710269,0.1534939818347406,0.04040404040404041,0.8910256410256411,0.030370701205895488,0.029543650913916104,0.013481317915044588,0.0,1.0,0.0,-5.764127469984045e-05
96,graphcast+hres+ifs_ens_mean,pooled,leave_one_year_out,238,238,238,14.8428945769093,1.0926623294630904,0.34546520178585793,1.7693590587521764,0.26259937016109713,0.6748069059518401,0.5446311545566267,0.3734231185848347,0.21993213507720036,0.22630260624754184,0.10195897975282671,0.7699836867862969,0.07601450695941972,0.07177526108276401,0.11412820249525069,0.02608695652173913,0.9068100358422939,0.020805548146172314,0.020211358729549583,0.00847860249241672,0.0,1.0,0.0,-3.2077265927807876e-05
120,graphcast+hres+ifs_ens_mean,2018,leave_one_year_out,236,118,118,13.91961588322506,0.7753926839557341,0.35934335549866037,1.628328849117748,0.2621111461133132,0.676867341146616,0.5402349685876936,0.3770144229428011,0.24026222269250258,0.1718675644993236,0.07278882776132035,0.7749672917575229,0.058199864651477556,0.05502527385413237,0.038409918510602825,0.006891271056661562,0.95,0.006093432633716994,0.005803488933447353,0.0,0.0,1.0,0.0,-1.8184627523788582e-06
120,graphcast+hres+ifs_ens_mean,2020,leave_one_year_out,236,118,118,15.750164927044226,1.1550241328094364,0.30735355836577405,1.897584994218225,0.2640016201789024,0.6654084526769145,0.5498403403545676,0.36707075858019256,0.19540694742837628,0.24099694993618226,0.10800397713149391,0.7808322824716267,0.0779931789624843,0.07313039515577795,0.15704148985159894,0.04895522388059702,0.8688,0.0369702434625789,0.03613664863711761,0.02201239645484554,0.0,1.0,0.0,-5.933646129561163e-05
120,graphcast+hres+ifs_ens_mean,pooled,leave_one_year_out,236,236,236,14.863098626558752,0.9652084083825851,0.3319777588209373,1.7629569216679866,0.26313455006896525,0.6706360842526972,0.5454679200284949,0.3715833273549035,0.21773107673344624,0.21043137209061658,0.09150974562272877,0.7786832853946948,0.06922231107556977,0.06516793373190664,0.11808998012821026,0.030526668903052667,0.8869565217391304,0.02462787550744249,0.02404717995879912,0.013860013860013898,0.0,1.0,0.0,-3.306091462938614e-05
