lead_hours,region,is_fallback,reason,n_train_points,weight_graphcast,weight_hres,weight_ifs_ens_mean
24,CI,False,,20006,0.30856311622516885,0.0,0.6914368837748311
24,NE1,False,,7336,0.41976165412179606,0.0,0.5802383458782039
24,NE2,False,,5068,0.5258192398109603,0.0,0.47418076018903954
24,SI,False,,13972,0.6884193762668959,0.0491772728999298,0.2624033508331744
24,WC,False,,4242,0.0,0.1305585857713765,0.8694414142286235
24,WI,False,,14126,0.2098957227621083,0.0,0.7901042772378917
48,CI,False,,20006,0.48780007879350207,0.0,0.5121999212064979
48,NE1,False,,7336,0.3386407370546282,0.0,0.6613592629453717
48,NE2,False,,5068,0.8114556255674538,0.0,0.18854437443254626
48,SI,False,,13972,0.40086414686031613,0.16046718695075737,0.4386686661889265
48,WC,False,,4242,0.6962814862007308,0.0,0.3037185137992692
48,WI,False,,14126,0.40562452613627287,0.0,0.594375473863727
72,CI,False,,20006,0.17877707614234906,0.0,0.8212229238576509
72,NE1,False,,7336,0.2476339671807384,0.07507805506599624,0.6772879777532653
72,NE2,False,,5068,0.5187324936803114,0.0,0.4812675063196887
72,SI,False,,13972,0.38064644607480347,0.006406630611270145,0.6129469233139264
72,WC,False,,4242,0.3845752775600731,0.0,0.6154247224399269
72,WI,False,,14126,0.0,0.0,1.0
96,CI,False,,20006,0.17419175248260643,0.0,0.8258082475173936
96,NE1,False,,7336,0.20511744821831115,0.0,0.7948825517816888
96,NE2,False,,5068,0.525685681506532,0.0,0.474314318493468
96,SI,False,,13972,0.7247990495667049,0.0,0.27520095043329507
96,WC,False,,4242,0.42862309959907946,0.0,0.5713769004009206
96,WI,False,,14126,0.6874171890036617,0.0,0.3125828109963383
120,CI,False,,20006,0.6156633061165374,0.0,0.38433669388346253
120,NE1,False,,7336,0.5015601534098354,0.0,0.4984398465901646
120,NE2,False,,5068,0.8889936019911698,0.0,0.11100639800883019
120,SI,False,,13972,0.7775969404696329,0.0,0.22240305953036718
120,WC,False,,4242,0.9966458687898829,0.0,0.003354131210117071
120,WI,False,,14126,0.515038846241006,0.0,0.48496115375899396
