lead_hours,fold,n_train,n_test,regime_crps_mm,regime_rmse_mm,regime_bias_mm,regime_n_test_cells,emos_graphcast_crps_mm,emos_graphcast_rmse_mm,emos_graphcast_bias_mm,emos_graphcast_n_test_cells,emos_ifs_ens_crps_mm,emos_ifs_ens_rmse_mm,emos_ifs_ens_bias_mm,emos_ifs_ens_n_test_cells,bma_crps_mm,bma_rmse_mm,bma_bias_mm,bma_n_test_cells
24,2018,122,122,7.019739702269256,13.437901103090226,1.479465205137581,564250,4.20178846472572,13.027355691909305,0.31854247844071454,564250,4.2295321487963635,13.08597921389988,0.5509997252687681,564250,4.288853227383104,29.574750648345773,0.6781984275557279,564250
24,2020,122,122,7.871810784026409,14.318038071556098,1.1591479011721308,564250,4.889618617589079,14.000562187395879,-0.3918656221489945,564250,4.928620332506913,14.077374158051194,-0.7302240617194325,564250,4.9975713714756065,23.360063902756615,-0.18856597452470514,564250
24,pooled,244,244,7.445775243147833,13.884945089465845,1.3193065531548558,1128500,4.5457035411574,13.522716773760017,-0.036661571854140006,1128500,4.579076240651638,13.590719538942508,-0.08961216822533216,1128500,4.643212299429355,26.64918818137526,0.24481622651551138,1128500
48,2018,121,121,6.904302738081996,13.328995162487654,1.211897323630478,559625,4.209200889741577,13.045656992759113,0.21057171009515255,559625,4.236320065854136,13.087557576342896,0.3279950235279547,559625,4.201439501893608,12.979070410306088,0.32632735086244824,559625
48,2020,121,121,7.899729393586786,14.366568271323677,1.1417362035157117,559625,4.898258853245832,14.05139280725658,-0.29045865771962875,559625,4.959401589981216,14.229688604362877,-0.5067107503878907,559625,4.952725310566327,15.916536556267019,-0.032962116988145815,559625
48,pooled,242,242,7.40201606583439,13.857496093021702,1.1768167635730946,1119250,4.5537298714937045,13.557853926719867,-0.039943473812238124,1119250,4.597860827917676,13.670555970611163,-0.08935786342996803,1119250,4.577082406229968,14.522265743723798,0.14668261693715123,1119250
72,2018,120,120,6.847078419089003,13.163347770422313,1.107842587240254,555000,4.211403893037434,13.057547222094152,0.15839748723608144,555000,4.24293164434497,13.113961894215503,0.10631346220414609,555000,4.195251752168871,12.961845748542043,0.26483682114879115,555000
72,2020,120,120,7.935497893095809,14.390215119152922,1.1656625250375012,555000,4.908937494970903,14.091773778791435,-0.2560200817798526,555000,4.987547892026144,14.369022489566108,-0.29282870764175506,555000,4.941607145756487,14.36940007704592,0.057495653331576906,555000
72,pooled,240,240,7.391288156092406,13.79043174995945,1.1367525561388776,1110000,4.560170694004169,13.584506389446997,-0.04881129727188558,1110000,4.615239768185556,13.75581338686653,-0.09325762271880449,1110000,4.568429448962679,13.68373311240768,0.161166237240184,1110000
96,2018,119,119,6.8652590096635135,13.16010363047643,1.039469177685716,550375,4.237515562467436,13.117439718749363,0.07790317957416404,550375,4.292461628355098,13.256778813927868,-0.051448528291515264,550375,4.22408624380373,13.034487949303724,0.1882374515878754,550375
96,2020,119,119,8.01632353116427,14.447461658790262,1.1752836688076094,550375,4.954522691704063,14.23723482121618,-0.18435378531698704,550375,5.039587412225575,14.508286205729549,-0.12199804737840302,550375,4.969643949660768,14.405145089553914,0.15077132089345896,550375
96,pooled,238,238,7.440791270413891,13.81878207272793,1.1073764232466627,1100750,4.59601912708575,13.688792498417708,-0.053225302871411494,1100750,4.666024520290336,13.896628244807607,-0.08672328783495915,1100750,4.59686509673225,13.736922529293874,0.1695043862406672,1100750
120,2018,118,118,6.905879661982526,13.216766256458424,1.0028734682329403,545750,4.267895563707651,13.190941694645671,0.041356461842476634,545750,4.337361132836929,13.389847202291808,-0.11809243020516189,545750,4.260115625122401,13.223547871041717,0.18647230829136982,545750
120,2020,118,118,8.06079275713424,14.474392127367116,1.1310170530615846,545750,4.976629958535183,14.305557850917019,-0.13289919615876036,545750,5.094292897449731,14.645541752726063,-0.05550711010443417,545750,4.993136279707564,14.398018742077888,0.1685831791775992,545750
120,pooled,236,236,7.4833362095583835,13.859850968438389,1.0669452606472627,1091500,4.6222627611214175,13.759540839313555,-0.04577136715814186,1091500,4.71582701514333,14.03174795475539,-0.08679977015479803,1091500,4.626625952414982,13.823262313849035,0.17752774373448452,1091500
