lead_hours,arm,is_nominated,vs_parent,crps_difference_mm,ci_low,ci_high,beats_parent,degenerate,n_days
24,per_bin,True,emos_csg,0.04976227862506999,0.00695873774369025,0.10349094507501322,False,False,244
24,per_bin,True,bma,-0.0478228441980475,-0.12483453798682138,-0.004224891627544029,True,False,244
24,quantile_avg,False,emos_csg,0.02474909703442485,-0.008703358192198843,0.06846311831090969,False,False,244
24,quantile_avg,False,bma,-0.07283602578869264,-0.1216684174884748,-0.03544125665128864,True,False,244
24,quantile_avg_fixed,False,emos_csg,0.02474909703442485,-0.008703358192198843,0.06846311831090969,False,False,244
24,quantile_avg_fixed,False,bma,-0.07283602578869264,-0.1216684174884748,-0.03544125665128864,True,False,244
24,linear_pool,False,emos_csg,0.0249425461494015,-0.00924660367696083,0.06791951511243476,False,False,244
24,linear_pool,False,bma,-0.07264257667371599,-0.12309793719317365,-0.03472879673951372,True,False,244
48,per_bin,False,emos_csg,0.014199784245914948,-0.005159788882661106,0.035183349063968715,False,False,242
48,per_bin,False,bma,-0.007009202962465544,-0.014988795361340054,-0.0018399199844977288,True,False,242
48,quantile_avg,True,emos_csg,-0.007528084240850497,-0.020488161505230362,0.006948286998211228,False,False,242
48,quantile_avg,True,bma,-0.02873707144923099,-0.04128151290448889,-0.018473852793411384,True,False,242
48,quantile_avg_fixed,False,emos_csg,-0.012677070744373964,-0.022909924575037953,-0.0019649781305892903,True,False,242
48,quantile_avg_fixed,False,bma,-0.033886057952754456,-0.050369394230517645,-0.020600129726092223,True,False,242
48,linear_pool,False,emos_csg,-0.014018218945057725,-0.023066508347177696,-0.005368383855884921,True,False,242
48,linear_pool,False,bma,-0.03522720615343822,-0.05526465286930713,-0.020286389161251674,True,False,242
72,per_bin,False,emos_csg,0.0008428550608039487,-0.020986172493951148,0.023136041616441293,False,False,240
72,per_bin,False,bma,-0.0070087991212348655,-0.014993941864658876,-0.0017739377760917165,True,False,240
72,quantile_avg,True,emos_csg,-0.017189298421994792,-0.03229589257190919,-0.002301700091111446,True,False,240
72,quantile_avg,True,bma,-0.025040952604033606,-0.03640307273597363,-0.015958712356401655,True,False,240
72,quantile_avg_fixed,False,emos_csg,-0.022799152018742497,-0.03364731795665407,-0.012385429945619354,True,False,240
72,quantile_avg_fixed,False,bma,-0.03065080620078131,-0.04750494027906027,-0.016771664970085687,True,False,240
72,linear_pool,False,emos_csg,-0.023281412546914737,-0.034042712508082815,-0.013272698016089457,True,False,240
72,linear_pool,False,bma,-0.03113306672895355,-0.050224683884484776,-0.01656755152962526,True,False,240
96,per_bin,False,emos_csg,-0.004848291832723284,-0.030173554495382584,0.020101819574315442,False,False,238
96,per_bin,False,bma,-0.0038071210445096426,-0.009489229846136359,0.00018699640063324206,False,False,238
96,quantile_avg,True,emos_csg,-0.024305432739158306,-0.041739600452067836,-0.009489578298347184,True,False,238
96,quantile_avg,True,bma,-0.023264261950944665,-0.035602748403007124,-0.013641118247869954,True,False,238
96,quantile_avg_fixed,False,emos_csg,-0.028141004051326135,-0.04082284449718241,-0.01807111256006551,True,False,238
96,quantile_avg_fixed,False,bma,-0.027099833263112494,-0.04523649888617896,-0.01238195647592948,True,False,238
96,linear_pool,False,emos_csg,-0.029393244919991623,-0.041600833415941625,-0.020244614628742563,True,False,238
96,linear_pool,False,bma,-0.028352074131777982,-0.04898193796725609,-0.011816889457503279,True,False,238
120,per_bin,False,emos_csg,0.0033357715215052153,-0.020406125283020392,0.02435992216408191,False,False,236
120,per_bin,False,bma,0.0,0.0,0.0,False,False,236
120,quantile_avg,True,emos_csg,-0.01983537612356212,-0.036415670752125984,-0.006547738717038621,True,False,236
120,quantile_avg,True,bma,-0.023171147645067336,-0.03205390558840469,-0.014702690336404945,True,False,236
120,quantile_avg_fixed,False,emos_csg,-0.024057807219346472,-0.03665677317406561,-0.014044443250682883,True,False,236
120,quantile_avg_fixed,False,bma,-0.027393578740851687,-0.04027424579579446,-0.015149197081603985,True,False,236
120,linear_pool,False,emos_csg,-0.0248475316015071,-0.03717450802054629,-0.015221858163166103,True,False,236
120,linear_pool,False,bma,-0.028183303123012315,-0.0432307422637618,-0.014714418417491751,True,False,236
