lead_hours,fold,region,bin,n_test_cells,crps_mm,mse_mm2,bias_mm,is_fallback,rmse_mm
24,2018,CI,dry,112477,2.1198874533819003,55.49247533073831,0.26363908484097853,False,
24,2018,NE1,dry,32372,3.075081679705165,77.40755990262801,0.4152543561246835,False,
24,2018,NE2,dry,14116,4.065114771407943,109.86788306043518,-0.20785758223796558,False,
24,2018,SI,dry,90187,2.1102668850171233,52.42570453478686,0.5737891826847118,False,
24,2018,WC,dry,23050,1.6109942748489139,29.112275860112995,1.0958400935946198,False,
24,2018,WI,dry,105319,1.4013056044442493,36.08543221665397,0.703001410276613,False,
24,2018,CI,light,61530,7.976126551495568,324.9930995888707,-0.4562949125318997,False,
24,2018,NE1,light,31426,7.902298724078268,342.6122788554532,1.6634846583539546,False,
24,2018,NE2,light,29544,8.024568684866411,317.41494239125234,1.3458247947771553,False,
24,2018,SI,light,31107,8.77323714311421,456.06667961469395,-0.2418715355006583,False,
24,2018,WC,light,13628,11.239901374515657,642.832169186594,-2.540046984854217,False,
24,2018,WI,light,17640,8.201513267829954,405.7397507098533,1.976493310694789,False,
24,2018,CI,heavy,313,24.584364284058854,3325.6453583821617,7.794787449985432,False,
24,2018,NE1,heavy,130,37.006583966032615,4854.354635753613,-10.891646475053925,False,
24,2018,NE2,heavy,480,17.858781843361765,1305.8071742012332,14.925355688755086,False,
24,2018,SI,heavy,453,145.2631218605635,882764.2514227082,277.3691852692549,False,
24,2018,WC,heavy,285,33.4410034689547,3413.8972305124616,-8.012731139034956,False,
24,2018,WI,heavy,121,20.788842542125867,1856.975324777915,31.7268727999763,False,
24,2018,CI,very_heavy,18,96.46010716756184,9766.869917937966,-96.46010716756184,True,
24,2018,NE1,very_heavy,0,nan,nan,nan,True,
24,2018,NE2,very_heavy,24,18.762728891572248,1689.2995031506398,38.64839026923321,False,
24,2018,SI,very_heavy,9,70.14312765333388,6232.213234387,-70.14312765333388,True,
24,2018,WC,very_heavy,3,112.25167973836263,14389.88043670675,-112.25167973836263,True,
24,2018,WI,very_heavy,18,30.573681068064484,4548.8017785980755,64.57712568496068,False,
24,2018,CI,extremely_heavy,0,nan,nan,nan,True,
24,2018,NE1,extremely_heavy,0,nan,nan,nan,True,
24,2018,NE2,extremely_heavy,0,nan,nan,nan,True,
24,2018,SI,extremely_heavy,0,nan,nan,nan,True,
24,2018,WC,extremely_heavy,0,nan,nan,nan,True,
24,2018,WI,extremely_heavy,0,nan,nan,nan,True,
24,2020,CI,dry,119326,2.525680063251168,70.18293930418878,-0.1945324540319523,False,
24,2020,NE1,dry,28563,3.660750527638965,97.73820269685879,-0.23606112945943847,False,
24,2020,NE2,dry,11135,3.544156002844384,73.77136730264641,0.3554216634715516,False,
24,2020,SI,dry,74462,3.0113197762225625,74.05040927920527,-0.5993320278190574,False,
24,2020,WC,dry,17569,3.173148902314227,76.3171916583984,-1.2683800124999403,False,
24,2020,WI,dry,102779,2.363059871296121,69.08403438159085,-0.6731856850886022,False,
24,2020,CI,light,54519,7.385487866196707,290.6862746559665,0.8369756533543251,False,
24,2020,NE1,light,35042,8.991018323600334,419.39499868187585,-1.2911561907643567,False,
24,2020,NE2,light,32047,8.57368476410261,404.22835529300517,-1.1929089376411564,False,
24,2020,SI,light,47025,7.555079247214744,296.9439069243457,0.5416803812579043,False,
24,2020,WC,light,18878,9.847647850295807,513.5517914243248,3.844587385509399,False,
24,2020,WI,light,19880,8.948293221451696,453.96224454465965,-1.4377774358281867,False,
24,2020,CI,heavy,467,27.81872677195082,2454.964079831081,-6.316838226135044,False,
24,2020,NE1,heavy,310,154.16120890671854,629130.4123066788,197.17767499780504,False,
24,2020,NE2,heavy,928,24.98026864149549,2771.5816633954473,-13.227368073738893,False,
24,2020,SI,heavy,262,25.42080891313132,2243.581889507366,-7.466772470256335,False,
24,2020,WC,heavy,492,31.063728355949035,3746.665917606604,13.03971302250648,False,
24,2020,WI,heavy,379,39.78879548818522,4285.864656769619,-19.040865492136792,False,
24,2020,CI,very_heavy,26,146.8692526450524,25892.932231952334,-146.8692526450524,True,
24,2020,NE1,very_heavy,13,103.19860487717848,11585.371295534513,-103.19860487717848,True,
24,2020,NE2,very_heavy,54,42.49526053918609,3708.7910314857327,-42.08297715367748,False,
24,2020,SI,very_heavy,7,104.54278687068394,12876.330689527344,-104.54278687068394,True,
24,2020,WC,very_heavy,27,124.18180790653935,18621.936398542042,-124.18180790653935,True,
24,2020,WI,very_heavy,59,126.44811775724767,22924.789718432923,-126.44811775724767,True,
24,2020,CI,extremely_heavy,0,nan,nan,nan,True,
24,2020,NE1,extremely_heavy,0,nan,nan,nan,True,
24,2020,NE2,extremely_heavy,0,nan,nan,nan,True,
24,2020,SI,extremely_heavy,0,nan,nan,nan,True,
24,2020,WC,extremely_heavy,0,nan,nan,nan,True,
24,2020,WI,extremely_heavy,1,89.5132827758789,8012.627793314459,-89.5132827758789,True,
24,pooled,WI,heavy,500,35.190806875238856,3698.0734384276266,-6.755072825445425,False,60.811787002419415
24,pooled,WI,extremely_heavy,1,89.5132827758789,8012.627793314459,-89.5132827758789,True,89.5132827758789
24,pooled,WC,heavy,777,31.935701852997443,3624.6079049658956,5.31777404433491,False,60.2047166338809
24,pooled,WC,extremely_heavy,0,nan,nan,nan,True,nan
24,pooled,WC,dry,40619,2.2866754745322666,49.529892385878675,0.07324025007372256,False,7.037747678474888
24,pooled,NE1,heavy,440,119.54734244697042,444685.21344936005,135.7026481990058,False,666.8472189710025
24,pooled,NE1,dry,60935,3.349611248976243,86.93745487483797,0.1099532284519293,False,9.324025679653502
24,pooled,WI,light,37520,8.597195183554907,431.29047505516115,0.16743940768634666,False,20.76753415923906
24,pooled,WC,light,32506,10.431344122616858,567.7520310152989,1.167857021905284,False,23.82754773398427
24,pooled,NE1,extremely_heavy,0,nan,nan,nan,True,nan
24,pooled,NE1,light,66468,8.476272850070508,383.09221007284356,0.10579487327235351,False,19.57274150631034
24,pooled,WI,very_heavy,77,104.03591177795809,18629.104226004,-81.79286604348468,True,136.48847653191825
24,pooled,WC,very_heavy,30,122.98879508972168,18198.730802358514,-122.98879508972168,True,134.90267159088626
24,pooled,NE1,very_heavy,13,103.19860487717848,11585.371295534513,-103.19860487717848,True,107.63536266271653
24,pooled,NE2,dry,25251,3.835386210639846,93.95030740153145,0.04053315084094115,False,9.692796675961558
24,pooled,NE2,heavy,1408,22.55248905122263,2271.8858148065106,-3.629848609252309,False,47.66430336013011
24,pooled,NE2,extremely_heavy,0,nan,nan,nan,True,nan
24,pooled,SI,dry,164649,2.5177652626868294,62.205410240129034,0.04324875075660011,False,7.8870406516087534
24,pooled,SI,heavy,715,101.34887571758834,560111.9221671857,172.9957294262452,False,748.4062547622018
24,pooled,CI,heavy,780,26.520835158219818,2804.3528493009376,-0.6540961278969555,False,52.95614080822863
24,pooled,SI,extremely_heavy,0,nan,nan,nan,True,nan
24,pooled,NE2,light,61591,8.310284503594511,362.5856563472276,0.024872059429301985,False,19.04168207767443
24,pooled,CI,extremely_heavy,0,nan,nan,nan,True,nan
24,pooled,CI,dry,231803,2.3287786625778994,63.0547342492853,0.027784600440210024,False,7.940701118244239
24,pooled,SI,light,78132,8.040069234259036,360.2960813225265,0.229721779473634,False,18.981466785328433
24,pooled,CI,light,116049,7.698648671601656,308.8759957058815,0.15127445886769092,False,17.574868298393632
24,pooled,NE2,very_heavy,78,35.19294310915106,3087.4090227672427,-17.2425564081665,False,55.56445826935815
24,pooled,SI,very_heavy,16,85.19297856092453,9139.014621010901,-85.19297856092453,True,95.59819360746782
24,pooled,CI,very_heavy,44,126.2473294951699,19295.906739855545,-126.2473294951699,True,138.90970714768477
24,pooled,WI,dry,208098,1.8763132536901261,52.38334633360871,0.023306586325679068,False,7.237634028714682
48,2018,CI,dry,110439,2.106604599579434,54.630143608881006,0.15841249808757085,False,
48,2018,NE1,dry,31814,3.033909161982118,75.64272862043062,0.4752779454073154,False,
48,2018,NE2,dry,13606,4.026837121686595,109.31648115264822,-0.2690855214523824,False,
48,2018,SI,dry,89266,2.0829094611580725,50.099894902453165,0.33761681644634417,False,
48,2018,WC,dry,22707,1.5362931125812025,26.025944545938465,0.9658782633802647,False,
48,2018,WI,dry,104278,1.3914395644482798,36.08578661205178,0.6245186713610137,False,
48,2018,CI,light,62202,7.983304101817515,326.03564174895394,-0.57868929927807,False,
48,2018,NE1,light,31485,7.934919591622257,347.93238266000134,1.5793148217629984,False,
48,2018,NE2,light,29706,7.983838918265109,314.2638767926544,1.1402811492245708,False,
48,2018,SI,light,31123,8.868668157473717,467.26517522826856,-0.4030852519835979,False,
48,2018,WC,light,13701,11.178146418679562,640.3863302824865,-2.7823986201937596,False,
48,2018,WI,light,17710,8.29846034422334,406.4600934537831,1.6988530973129732,False,
48,2018,CI,heavy,250,27.299857203673593,4032.6167104234787,11.36269564046013,False,
48,2018,NE1,heavy,105,38.62611450620669,5256.435405049512,-18.40310129272774,False,
48,2018,NE2,heavy,475,17.74100047083501,1287.4207428888587,13.280970219439265,False,
48,2018,SI,heavy,369,26.56154252906188,2707.677498205858,3.079254293362253,False,
48,2018,WC,heavy,255,32.137341007295284,3163.2152404850644,-6.378990522809612,False,
48,2018,WI,heavy,85,20.87242343707007,1829.9857784084038,31.386783622937337,False,
48,2018,CI,very_heavy,18,96.46010716756184,9766.869917937966,-96.46010716756184,True,
48,2018,NE1,very_heavy,0,nan,nan,nan,True,
48,2018,NE2,very_heavy,15,20.07155859856002,2355.22293548227,47.377037378721546,False,
48,2018,SI,very_heavy,0,nan,nan,nan,True,
48,2018,WC,very_heavy,0,nan,nan,nan,True,
48,2018,WI,very_heavy,16,32.89759485296622,5607.782605867726,67.65506599664462,False,
48,2018,CI,extremely_heavy,0,nan,nan,nan,True,
48,2018,NE1,extremely_heavy,0,nan,nan,nan,True,
48,2018,NE2,extremely_heavy,0,nan,nan,nan,True,
48,2018,SI,extremely_heavy,0,nan,nan,nan,True,
48,2018,WC,extremely_heavy,0,nan,nan,nan,True,
48,2018,WI,extremely_heavy,0,nan,nan,nan,True,
48,2020,CI,dry,115318,2.4736231682924115,69.16420535301279,-0.06822881357136379,False,
48,2020,NE1,dry,27657,3.615611684086251,96.33663247540161,-0.2850096249557675,False,
48,2020,NE2,dry,10709,3.5510885457305372,75.13903126177341,0.3795800197301851,False,
48,2020,SI,dry,72507,2.9097846008995774,69.12166168881772,-0.2915752967382499,False,
48,2020,WC,dry,16938,3.0185020415682198,70.48607957606302,-1.1253243930107495,False,
48,2020,WI,dry,101176,2.352539075485227,69.45707484449264,-0.5543446175767855,False,
48,2020,CI,light,57163,7.34024598686193,291.42239269118954,0.928004689860161,False,
48,2020,NE1,light,35447,8.960855758305366,421.1392464193152,-1.1858221903726043,False,
48,2020,NE2,light,32148,8.54047720644379,405.1878225448568,-1.0075084202704763,False,
48,2020,SI,light,48038,7.5898551934156995,302.68027566139324,0.8226222450644758,False,
48,2020,WC,light,19247,9.926650256306317,549.0390668459524,5.334194967886874,False,
48,2020,WI,light,20521,8.920290933511794,457.9694437135428,-1.1134040495434139,False,
48,2020,CI,heavy,414,30.6432623603865,3165.921264001114,-1.8780649632528241,False,
48,2020,NE1,heavy,296,40.10621729093836,37563.12298043315,36.27776441049797,False,
48,2020,NE2,heavy,896,25.116141291007295,2849.281416414114,-12.839930437999957,False,
48,2020,SI,heavy,210,26.0557052511048,2443.6951108348026,-3.8541570173131925,False,
48,2020,WC,heavy,464,32.210951116918,3684.6513514828334,8.419706894711938,False,
48,2020,WI,heavy,353,51.93534873326076,53931.97941705683,5.095921190183422,False,
48,2020,CI,very_heavy,14,171.61389378138952,31164.712263126825,-171.61389378138952,True,
48,2020,NE1,very_heavy,4,97.73468399047852,9731.498477279267,-97.73468399047852,True,
48,2020,NE2,very_heavy,49,43.85374821367519,3676.9010576929586,-40.45956636080278,False,
48,2020,SI,very_heavy,3,100.75289154052734,10577.4337423645,-100.75289154052734,True,
48,2020,WC,very_heavy,14,115.77167674473354,14980.498024626719,-115.77167674473354,True,
48,2020,WI,very_heavy,39,130.41601053873697,21461.797821475287,-130.41601053873697,True,
48,2020,CI,extremely_heavy,0,nan,nan,nan,True,
48,2020,NE1,extremely_heavy,0,nan,nan,nan,True,
48,2020,NE2,extremely_heavy,0,nan,nan,nan,True,
48,2020,SI,extremely_heavy,0,nan,nan,nan,True,
48,2020,WC,extremely_heavy,0,nan,nan,nan,True,
48,2020,WI,extremely_heavy,0,nan,nan,nan,True,
48,pooled,WI,heavy,438,45.90715546801827,43820.86193010451,10.198029196539775,False,209.33433051008262
48,pooled,WI,extremely_heavy,0,nan,nan,nan,True,nan
48,pooled,WC,heavy,719,32.18484461072357,3499.719211977366,3.1712119830735577,False,59.15842469147878
48,pooled,WC,extremely_heavy,0,nan,nan,nan,True,nan
48,pooled,WC,dry,39645,2.1695546799713425,45.021171362441166,0.07242913753965441,False,6.7097817671248565
48,pooled,NE1,heavy,401,39.71865920516074,29103.765884634442,21.959831994441362,False,170.59825873857693
48,pooled,NE1,dry,59471,3.3044300318823048,85.26643259239901,0.12170606443117941,False,9.233982488200798
48,pooled,WI,light,38231,8.632236220417747,434.1084253488559,0.18933650317104864,False,20.835268785135842
48,pooled,WC,light,32948,10.447068761850684,587.0246458293187,1.9590144182239881,False,24.228591494953204
48,pooled,NE1,extremely_heavy,0,nan,nan,nan,True,nan
48,pooled,NE1,light,66932,8.478252516089121,386.7025329569654,0.11490599386048986,False,19.664753569698387
48,pooled,WI,very_heavy,55,102.04701688469457,16849.720667843998,-72.79533372844415,True,129.80647390574939
48,pooled,WC,very_heavy,14,115.77167674473354,14980.498024626719,-115.77167674473354,True,122.39484476327718
48,pooled,NE1,very_heavy,4,97.73468399047852,9731.498477279267,-97.73468399047852,True,98.64835770188608
48,pooled,NE2,dry,24315,3.8173042613159005,94.2637848383822,0.016604763578426395,False,9.708953848813074
48,pooled,NE2,heavy,1371,22.560932035294798,2308.1553624939856,-3.7900195610607668,False,48.04326552696003
48,pooled,NE2,extremely_heavy,0,nan,nan,nan,True,nan
48,pooled,SI,dry,161773,2.453516643798175,58.62549091896356,0.055611583492295225,False,7.656728473634386
48,pooled,SI,heavy,579,26.378078231357243,2611.9325908692053,0.5645455278322986,False,51.107069871684146
48,pooled,CI,heavy,664,29.384450177889175,3492.2373206360407,3.1071611676631976,False,59.09515479830847
48,pooled,SI,extremely_heavy,0,nan,nan,nan,True,nan
48,pooled,NE2,light,61854,8.273146120521522,361.52069135665676,0.02398892753920253,False,19.013697466738467
48,pooled,CI,extremely_heavy,0,nan,nan,nan,True,nan
48,pooled,CI,dry,225757,2.294079837586863,62.05422761163525,0.042642786504386174,False,7.8774505781778945
48,pooled,SI,light,79161,8.092634287671428,367.38860210016816,0.3407221373014713,False,19.167383809486576
48,pooled,CI,light,119365,7.675348411077298,309.45961732061244,0.1428551107341505,False,17.591464331334457
48,pooled,NE2,very_heavy,64,38.27979752263257,3367.1327477998284,-19.872862359351764,False,58.02700016199208
48,pooled,SI,very_heavy,3,100.75289154052734,10577.4337423645,-100.75289154052734,True,102.84665158557424
48,pooled,CI,very_heavy,32,129.33988881111145,19128.425943958093,-129.33988881111145,True,138.30555283125148
48,pooled,WI,dry,205454,1.8647338499266555,52.51950636540502,0.04398642510846678,False,7.247034315180591
72,2018,CI,dry,108081,2.070923232241276,53.78587970117924,0.16388009136473777,False,
72,2018,NE1,dry,31253,2.9693056695792173,73.25841682245591,0.5186047401222096,False,
72,2018,NE2,dry,13212,4.0100619935414175,108.40288733501414,-0.349203325646683,False,
72,2018,SI,dry,88222,2.0190400315525614,46.46894407650719,0.2675244841329285,False,
72,2018,WC,dry,22440,1.4701314774969416,24.09432435851544,0.8687135164962291,False,
72,2018,WI,dry,103148,1.3868819606632556,35.64319940566184,0.6258073673545377,False,
72,2018,CI,light,63169,7.951518858259116,323.95349954722286,-0.6664920382297287,False,
72,2018,NE1,light,31549,7.9193475674011475,351.0142396849511,1.4706233629347094,False,
72,2018,NE2,light,29755,7.941651786257578,310.2987093178172,0.8957705128140089,False,
72,2018,SI,light,31261,8.977408622010774,477.29505556188633,-0.6629724534374409,False,
72,2018,WC,light,13681,11.004511024159758,624.8149084832654,-2.6329657357442864,False,
72,2018,WI,light,17849,8.263759852588946,400.70555620285774,1.5157779401800042,False,
72,2018,CI,heavy,212,28.39959398507776,4537.234311393025,15.16128426057119,False,
72,2018,NE1,heavy,78,37.447817664001,4998.317280323114,-14.61540484432931,False,
72,2018,NE2,heavy,463,17.614841851202353,1251.889198052471,12.731551057038091,False,
72,2018,SI,heavy,277,26.09661452710808,2642.0584479683093,7.685438923523644,False,
72,2018,WC,heavy,239,32.72409118844147,3280.8602021676156,-6.501386516649091,False,
72,2018,WI,heavy,65,27.537417048765118,3146.5548146520123,45.370719776182554,False,
72,2018,CI,very_heavy,18,96.46010716756184,9766.869917937966,-96.46010716756184,True,
72,2018,NE1,very_heavy,0,nan,nan,nan,True,
72,2018,NE2,very_heavy,10,24.6568777725887,3318.5172818005894,55.07062411739055,False,
72,2018,SI,very_heavy,0,nan,nan,nan,True,
72,2018,WC,very_heavy,0,nan,nan,nan,True,
72,2018,WI,very_heavy,18,85.16248363918729,7815.10589319654,-85.16248363918729,True,
72,2018,CI,extremely_heavy,0,nan,nan,nan,True,
72,2018,NE1,extremely_heavy,0,nan,nan,nan,True,
72,2018,NE2,extremely_heavy,0,nan,nan,nan,True,
72,2018,SI,extremely_heavy,0,nan,nan,nan,True,
72,2018,WC,extremely_heavy,0,nan,nan,nan,True,
72,2018,WI,extremely_heavy,0,nan,nan,nan,True,
72,2020,CI,dry,112210,2.4576597545775574,69.25920417581406,-0.06282947557107388,False,
72,2020,NE1,dry,26968,3.5583341526971197,93.67052194354964,-0.3315952267546276,False,
72,2020,NE2,dry,10378,3.5244589867766587,74.79839409091447,0.47392558753909125,False,
72,2020,SI,dry,71180,2.868841290986622,68.37915136346271,-0.19451493440885412,False,
72,2020,WC,dry,16557,2.888970645498792,64.21537069421353,-1.0336688475220746,False,
72,2020,WI,dry,99458,2.3140098850100705,66.46697908274157,-0.49782609504314096,False,
72,2020,CI,light,58952,7.301004496963814,292.4751860497588,1.086143986356355,False,
72,2020,NE1,light,35645,8.906784579807695,419.0122318164298,-0.9523553378939926,False,
72,2020,NE2,light,32187,8.453383578164173,398.86976982041057,-0.7085301831727817,False,
72,2020,SI,light,48398,7.569560977371867,301.5764492985995,1.3334315171548914,False,
72,2020,WC,light,19352,9.839478722915908,527.6323907555284,4.908234481690595,False,
72,2020,WI,light,21268,8.9105495064475,461.63015796628986,-0.9938601401025324,False,
72,2020,CI,heavy,310,35.04742883073029,4304.306688021322,-14.386978755150498,False,
72,2020,NE1,heavy,264,30.467492239628168,3416.248289923516,23.27605754028431,False,
72,2020,NE2,heavy,831,25.18308116727152,2921.6386773084682,-9.1833424266392,False,
72,2020,SI,heavy,182,29.78392917190696,3147.290782228698,-8.96078015768202,False,
72,2020,WC,heavy,446,34.66187659783952,4094.0544546482824,3.2079233389402653,False,
72,2020,WI,heavy,335,49.62782495618668,9294.232231152277,-22.55458738871886,False,
72,2020,CI,very_heavy,8,183.19622230529785,35290.85154060708,-183.19622230529785,True,
72,2020,NE1,very_heavy,3,103.96008809407552,10891.917321596373,-103.96008809407552,True,
72,2020,NE2,very_heavy,44,86.55504926768216,9600.006501790178,-86.55504926768216,True,
72,2020,SI,very_heavy,0,nan,nan,nan,True,
72,2020,WC,very_heavy,5,117.90056610107422,14649.379451389785,-117.90056610107422,True,
72,2020,WI,very_heavy,19,122.39773680034436,18609.38728199949,-122.39773680034436,True,
72,2020,CI,extremely_heavy,0,nan,nan,nan,True,
72,2020,NE1,extremely_heavy,0,nan,nan,nan,True,
72,2020,NE2,extremely_heavy,0,nan,nan,nan,True,
72,2020,SI,extremely_heavy,0,nan,nan,nan,True,
72,2020,WC,extremely_heavy,0,nan,nan,nan,True,
72,2020,WI,extremely_heavy,0,nan,nan,nan,True,
72,pooled,WI,heavy,400,46.03813367123068,8295.234650970984,-11.516724974422381,False,91.07817878598026
72,pooled,WI,extremely_heavy,0,nan,nan,nan,True,nan
72,pooled,WC,heavy,685,33.985773367407205,3810.3268249506486,-0.179704479287262,False,61.72784481051196
72,pooled,WC,extremely_heavy,0,nan,nan,nan,True,nan
72,pooled,WC,dry,38997,2.072529613369102,41.128561971156245,0.061016903909336354,False,6.413155383362876
72,pooled,NE1,heavy,342,32.059496283783375,3777.0710421199155,14.634145066600501,False,61.45788022800588
72,pooled,NE1,dry,58221,3.2421439948007627,82.71331541412654,0.1247916364871888,False,9.094686108609057
72,pooled,WI,light,39117,8.615420827568206,433.8303978396058,0.15128212783629202,False,20.828595676127705
72,pooled,WC,light,33033,10.321990360167055,567.881657398981,1.7849589640347174,False,23.83026767367461
72,pooled,NE1,extremely_heavy,0,nan,nan,nan,True,nan
72,pooled,NE1,light,67194,8.443162079221123,387.0857405559598,0.18528425838610263,False,19.674494670917465
72,pooled,WI,very_heavy,37,104.28328931653822,13358.115255014272,-104.28328931653822,True,115.57731289061134
72,pooled,WC,very_heavy,5,117.90056610107422,14649.379451389785,-117.90056610107422,True,121.03462087927481
72,pooled,NE1,very_heavy,3,103.96008809407552,10891.917321596373,-103.96008809407552,True,104.36434890131962
72,pooled,NE2,dry,23590,3.7964296067586845,93.61918954411688,0.012917567148652533,False,9.675700984637592
72,pooled,NE2,heavy,1294,22.475125368708905,2324.1935390584476,-1.3420783749061356,False,48.20989046926417
72,pooled,NE2,extremely_heavy,0,nan,nan,nan,True,nan
72,pooled,SI,dry,159402,2.3985136494903316,56.25281475997097,0.061203573405308485,False,7.500187648317271
72,pooled,SI,heavy,459,27.55868700064489,2842.3902232088117,1.0849773270542957,False,53.31407153096462
72,pooled,CI,heavy,522,32.34754188192122,4398.905646172282,-2.3865347717539507,False,66.3242462917769
72,pooled,SI,extremely_heavy,0,nan,nan,nan,True,nan
72,pooled,NE2,light,61942,8.207563626141624,356.32300179137263,0.06212570796872086,False,18.876519853812372
72,pooled,CI,extremely_heavy,0,nan,nan,nan,True,nan
72,pooled,CI,dry,220291,2.267915870031082,61.667553211666615,0.04840065504701519,False,7.852869106999467
72,pooled,SI,light,79659,8.122050027184907,370.53462540420725,0.5499722153222434,False,19.24927597090881
72,pooled,CI,light,122121,7.6374932391839305,308.75783674309827,0.17956555154925113,False,17.571506387987863
72,pooled,NE2,very_heavy,54,75.09242491673893,8436.767757347661,-60.32807271489092,True,91.85187944374171
72,pooled,SI,very_heavy,0,nan,nan,nan,True,nan
72,pooled,CI,very_heavy,26,123.14814259455754,17620.402724913078,-123.14814259455754,True,132.74186500465134
72,pooled,WI,dry,202606,1.8420031767165095,50.774397292807315,0.0742228293687509,False,7.125615572903671
96,2018,CI,dry,105649,2.0971148368492667,55.30480364951886,0.07213785364309601,False,
96,2018,NE1,dry,30801,2.9557638051973982,71.15377040589144,0.44828154403670845,False,
96,2018,NE2,dry,12526,4.065169288674377,113.72531634957828,-0.44129638703462243,False,
96,2018,SI,dry,87011,1.9854685570585462,45.779376510166124,0.29066686816434467,False,
96,2018,WC,dry,22058,1.417676554830806,23.169465271868596,0.9610240451355386,False,
96,2018,WI,dry,102175,1.4206578531028282,37.980400003750724,0.6299086445181373,False,
96,2018,CI,light,64205,7.948701513643517,325.084920860895,-0.780376302016373,False,
96,2018,NE1,light,31504,7.979208579359696,357.382828600544,1.1915983428352723,False,
96,2018,NE2,light,30088,7.839442627284038,303.92646856074754,0.7845810095424565,False,
96,2018,SI,light,31623,9.163996313734133,498.51831955786963,-1.0411335389138265,False,
96,2018,WC,light,13765,10.824533723413998,612.554374131753,-2.493998435645995,False,
96,2018,WI,light,17820,8.112345124292384,387.37908194710855,1.469758759582793,False,
96,2018,CI,heavy,179,30.5193625270887,4832.32377185742,1.0569966520937784,False,
96,2018,NE1,heavy,51,42.14260334926082,6146.747144314623,-22.14233881295053,False,
96,2018,NE2,heavy,462,18.117297198050853,1253.864091111759,9.810058772402284,False,
96,2018,SI,heavy,128,25.330277060648804,2331.35950892676,14.981480855832533,False,
96,2018,WC,heavy,234,29.53695897141194,3017.914856407504,10.310657916197558,False,
96,2018,WI,heavy,58,29.26062690053111,3563.1423643444127,37.81549516756528,False,
96,2018,CI,very_heavy,18,98.71855799357097,10313.842853937593,-98.71855799357097,True,
96,2018,NE1,very_heavy,0,nan,nan,nan,True,
96,2018,NE2,very_heavy,2,16.780315151781103,1492.8594134284635,31.863702964638343,False,
96,2018,SI,very_heavy,0,nan,nan,nan,True,
96,2018,WC,very_heavy,0,nan,nan,nan,True,
96,2018,WI,very_heavy,18,85.16248363918729,7815.10589319654,-85.16248363918729,True,
96,2018,CI,extremely_heavy,0,nan,nan,nan,True,
96,2018,NE1,extremely_heavy,0,nan,nan,nan,True,
96,2018,NE2,extremely_heavy,0,nan,nan,nan,True,
96,2018,SI,extremely_heavy,0,nan,nan,nan,True,
96,2018,WC,extremely_heavy,0,nan,nan,nan,True,
96,2018,WI,extremely_heavy,0,nan,nan,nan,True,
96,2020,CI,dry,107302,2.4573320007459887,71.17093178587113,0.06317299015881934,False,
96,2020,NE1,dry,26097,3.5492865744726987,94.75192895765582,-0.2573223598479043,False,
96,2020,NE2,dry,9854,3.5193636276314213,73.43016409004733,0.5875272951924383,False,
96,2020,SI,dry,69093,2.889528952085477,71.13985244882018,-0.19925728192530742,False,
96,2020,WC,dry,16091,2.8700139969087095,64.05247996162217,-1.188512983018822,False,
96,2020,WI,dry,96729,2.312793447535106,66.27901106427919,-0.42817156436119286,False,
96,2020,CI,light,62518,7.192639778578363,291.41381381846,1.2465232614331103,False,
96,2020,NE1,light,36012,8.884669193814217,418.95996432098156,-0.6979784043397707,False,
96,2020,NE2,light,32410,8.394126185052013,401.41021270925637,-0.43722601878186157,False,
96,2020,SI,light,49500,7.4598332523450415,294.7713873099319,1.4040104459953098,False,
96,2020,WC,light,19607,9.283219227459448,466.80795161030227,4.855226388759334,False,
96,2020,WI,light,23082,8.744410323064741,471.1710217411423,-0.9068219544210461,False,
96,2020,CI,heavy,231,39.96347492834985,5307.195279311128,-21.570211606645486,False,
96,2020,NE1,heavy,246,42.51570510033658,7305.44108672477,38.689588853639705,False,
96,2020,NE2,heavy,774,24.88284579728456,2855.7236501414136,-6.222717733923156,False,
96,2020,SI,heavy,169,29.216538600400067,2814.3422560342638,-8.774847195138898,False,
96,2020,WC,heavy,356,37.19060728818681,4033.8028686730418,-18.158806325193897,False,
96,2020,WI,heavy,260,73.81239365471097,9887.417130982252,-73.81239365471097,True,
96,2020,CI,very_heavy,0,nan,nan,nan,True,
96,2020,NE1,very_heavy,1,111.45730590820312,12422.731040314771,-111.45730590820312,True,
96,2020,NE2,very_heavy,40,76.18956857919693,7602.0227588784455,-76.18956857919693,True,
96,2020,SI,very_heavy,0,nan,nan,nan,True,
96,2020,WC,very_heavy,3,124.07860056559245,16503.046583688138,-124.07860056559245,True,
96,2020,WI,very_heavy,0,nan,nan,nan,True,
96,2020,CI,extremely_heavy,0,nan,nan,nan,True,
96,2020,NE1,extremely_heavy,0,nan,nan,nan,True,
96,2020,NE2,extremely_heavy,0,nan,nan,nan,True,
96,2020,SI,extremely_heavy,0,nan,nan,nan,True,
96,2020,WC,extremely_heavy,0,nan,nan,nan,True,
96,2020,WI,extremely_heavy,0,nan,nan,nan,True,
96,pooled,WI,heavy,318,65.68659971841402,8733.933054048308,-53.45259003303794,True,93.45551377018002
96,pooled,WI,extremely_heavy,0,nan,nan,nan,True,nan
96,pooled,WC,heavy,590,34.1550925320422,3630.8913519439984,-6.86752728708271,False,60.25687804677569
96,pooled,WC,extremely_heavy,0,nan,nan,nan,True,nan
96,pooled,WC,dry,38149,2.030263038892657,40.41365488032032,0.05436331169477171,False,6.357173497736264
96,pooled,NE1,heavy,297,42.451637122879134,7106.47344004828,28.24370228462926,False,84.29990177958857
96,pooled,NE1,dry,56898,3.227990662200764,81.97736954339003,0.12464723211578436,False,9.054135493982296
96,pooled,WI,light,40902,8.469034990755235,434.6649250434336,0.1285960770578159,False,20.848619259879865
96,pooled,WC,light,33372,9.918967580474382,526.9242019401527,1.8238803589157717,False,22.95482959945799
96,pooled,NE1,extremely_heavy,0,nan,nan,nan,True,nan
96,pooled,NE1,light,67516,8.462167398717126,390.22712938205353,0.18372705574380296,False,19.754167392782048
96,pooled,WI,very_heavy,18,85.16248363918729,7815.10589319654,-85.16248363918729,True,88.40308757728171
96,pooled,WC,very_heavy,3,124.07860056559245,16503.046583688138,-124.07860056559245,True,128.46418405021743
96,pooled,NE1,very_heavy,1,111.45730590820312,12422.731040314771,-111.45730590820312,True,111.45730590820312
96,pooled,NE2,dry,22380,3.8248489587406285,95.98320596685183,0.011698633727909143,False,9.797101916732919
96,pooled,NE2,heavy,1236,22.353975689804,2256.970319824504,-0.22988379709277304,False,47.5075817088652
96,pooled,NE2,extremely_heavy,0,nan,nan,nan,True,nan
96,pooled,SI,dry,156104,2.3856136197961813,57.00414566425202,0.07382214091748146,False,7.550108983600967
96,pooled,SI,heavy,297,27.5416514721571,2606.18807546268,1.4635702813740423,False,51.05083814652488
96,pooled,CI,heavy,410,35.840313660482174,5099.873328495973,-11.691503610756879,False,71.41339740199994
96,pooled,SI,extremely_heavy,0,nan,nan,nan,True,nan
96,pooled,NE2,light,62498,8.127088537669332,354.47925661561607,0.1509804817177077,False,18.827619515371985
96,pooled,CI,extremely_heavy,0,nan,nan,nan,True,nan
96,pooled,CI,dry,212951,2.2786214844839154,63.299446930305855,0.06762062770102552,False,7.956094954832166
96,pooled,SI,light,81123,8.124142369245392,374.19509252887764,0.45085550553722004,False,19.344122945454973
96,pooled,CI,light,126723,7.575703182221413,308.4734906542321,0.21958192898932288,False,17.563413411243047
96,pooled,NE2,very_heavy,42,73.36055651122474,7311.110218618923,-71.04417469615716,True,85.50503037025905
96,pooled,SI,very_heavy,0,nan,nan,nan,True,nan
96,pooled,CI,very_heavy,18,98.71855799357097,10313.842853937593,-98.71855799357097,True,101.55709159845802
96,pooled,WI,dry,198904,1.854512295013699,51.74229694536003,0.11535368069293153,False,7.193211865735642
120,2018,CI,dry,103774,2.1307473055784483,56.527952394047865,-0.021275330575021924,False,
120,2018,NE1,dry,30487,2.9493615342982054,69.65829584915929,0.4047514195763491,False,
120,2018,NE2,dry,12021,4.114171659431897,114.79368168279514,-0.49343045371920635,False,
120,2018,SI,dry,85611,1.964203519957906,45.946890814678746,0.40687727888522707,False,
120,2018,WC,dry,21874,1.4407859148359783,24.348996980064157,1.000916469291119,False,
120,2018,WI,dry,101005,1.427428471469257,39.02522301781218,0.6470958729963393,False,
120,2018,CI,light,64673,7.95698891033349,336.9226641385989,-0.9153847217952797,False,
120,2018,NE1,light,31302,8.078285132707707,370.58715594165125,1.2352438121433889,False,
120,2018,NE2,light,30251,7.798389160967155,301.7275632641077,0.6918140901850532,False,
120,2018,SI,light,32092,9.203437637120873,503.53477892248424,-1.027677642725425,False,
120,2018,WC,light,13641,10.744820060458617,611.2898018571871,-2.6116421078118526,False,
120,2018,WI,light,18000,8.122340930225583,382.2672506982341,1.2677249907819093,False,
120,2018,CI,heavy,160,42.24298645666131,10197.402471153082,80.32780692882207,False,
120,2018,NE1,heavy,43,34.082991751038186,3809.937579442355,-16.33120303989313,False,
120,2018,NE2,heavy,442,17.83599940177048,1260.750110938583,10.008318753262357,False,
120,2018,SI,heavy,61,33.43216311452396,4068.5423198767216,31.170764456437325,False,
120,2018,WC,heavy,239,29.57651931262279,3123.6972782450416,14.852018402243736,False,
120,2018,WI,heavy,45,28.46571074534707,3206.548692525087,27.369401113069255,False,
120,2018,CI,very_heavy,15,95.11053365071615,9504.370181577691,-95.11053365071615,True,
120,2018,NE1,very_heavy,0,nan,nan,nan,True,
120,2018,NE2,very_heavy,2,35.30530992941901,6406.225672052149,80.02118353296645,False,
120,2018,SI,very_heavy,0,nan,nan,nan,True,
120,2018,WC,very_heavy,0,nan,nan,nan,True,
120,2018,WI,very_heavy,12,93.04335339864095,9166.005825633934,-93.04335339864095,True,
120,2018,CI,extremely_heavy,0,nan,nan,nan,True,
120,2018,NE1,extremely_heavy,0,nan,nan,nan,True,
120,2018,NE2,extremely_heavy,0,nan,nan,nan,True,
120,2018,SI,extremely_heavy,0,nan,nan,nan,True,
120,2018,WC,extremely_heavy,0,nan,nan,nan,True,
120,2018,WI,extremely_heavy,0,nan,nan,nan,True,
120,2020,CI,dry,103484,2.4508107272630455,75.0189371577871,0.16861226979720614,False,
120,2020,NE1,dry,25682,3.5555297308750426,96.31922057241421,-0.19194344424162785,False,
120,2020,NE2,dry,9452,3.5165909199061915,70.66935606110704,0.6536857647167117,False,
120,2020,SI,dry,67536,3.0150001327491034,77.61130983622728,-0.3906230911632006,False,
120,2020,WC,dry,15525,2.827761826207835,62.130349770646944,-0.9789430785881441,False,
120,2020,WI,dry,94308,2.333103052828254,67.08518326173548,-0.42548199968869754,False,
120,2020,CI,light,64991,7.075896732755471,284.49520596186767,1.4084099514819461,False,
120,2020,NE1,light,35914,8.974655296235165,425.5915679725673,-0.7655760461127595,False,
120,2020,NE2,light,32457,8.351370144330884,400.202079969872,-0.17733016377542057,False,
120,2020,SI,light,50125,7.390369011970569,292.8929727898892,1.2430092525282448,False,
120,2020,WC,light,19916,8.992437193906419,443.23213424520446,4.245284809940136,False,
120,2020,WI,light,24604,8.604186199680141,473.13669828403295,-0.6383282299210085,False,
120,2020,CI,heavy,147,41.8425304212973,5479.109293327138,-27.188022357654702,False,
120,2020,NE1,heavy,236,34.37801495556035,3568.9887914951146,8.70793696097597,False,
120,2020,NE2,heavy,774,25.396039168120577,2921.5522430192864,-9.868290261156579,False,
120,2020,SI,heavy,103,38.04805973901551,4395.146996016572,-14.38286435257916,False,
120,2020,WC,heavy,313,40.72325834867343,4679.451284992584,-29.21558514893281,False,
120,2020,WI,heavy,150,79.35237425456447,11547.897621016784,-79.35237425456444,True,
120,2020,CI,very_heavy,0,nan,nan,nan,True,
120,2020,NE1,very_heavy,0,nan,nan,nan,True,
120,2020,NE2,very_heavy,33,70.07753496459036,6846.370081406945,-70.07753496459036,True,
120,2020,SI,very_heavy,0,nan,nan,nan,True,
120,2020,WC,very_heavy,0,nan,nan,nan,True,
120,2020,WI,very_heavy,0,nan,nan,nan,True,
120,2020,CI,extremely_heavy,0,nan,nan,nan,True,
120,2020,NE1,extremely_heavy,0,nan,nan,nan,True,
120,2020,NE2,extremely_heavy,0,nan,nan,nan,True,
120,2020,SI,extremely_heavy,0,nan,nan,nan,True,
120,2020,WC,extremely_heavy,0,nan,nan,nan,True,
120,2020,WI,extremely_heavy,0,nan,nan,nan,True,
120,pooled,WI,heavy,195,67.60929806012969,9622.970945211007,-54.72427224664897,True,98.09674278594069
120,pooled,WI,extremely_heavy,0,nan,nan,nan,True,nan
120,pooled,WC,heavy,552,35.897043439948604,4005.854894389934,-10.135590133115429,False,63.29182328223713
120,pooled,WC,extremely_heavy,0,nan,nan,nan,True,nan
120,pooled,WC,dry,37399,2.016544652343614,40.03271852539419,0.1790410319578866,False,6.3271414181598775
120,pooled,NE1,heavy,279,34.33254542941536,3606.1242677737214,4.8488580361108395,False,60.051013877983124
120,pooled,NE1,dry,56169,3.226518179858681,81.8483983744425,0.13192624033916694,False,9.047010466139767
120,pooled,WI,light,42604,8.400608722208963,434.74476192725007,0.16697075544779538,False,20.850533852332177
120,pooled,WC,light,33557,9.70478498073595,511.5479742754531,1.4579277731056492,False,22.617426340666018
120,pooled,NE1,extremely_heavy,0,nan,nan,nan,True,nan
120,pooled,NE1,light,67216,8.557222261559842,399.9764152501242,0.16619114031805987,False,19.99941037256159
120,pooled,WI,very_heavy,12,93.04335339864095,9166.005825633934,-93.04335339864095,True,95.73925958369395
120,pooled,WC,very_heavy,0,nan,nan,nan,True,nan
120,pooled,NE1,very_heavy,0,nan,nan,nan,True,nan
120,pooled,NE2,dry,21473,3.851128155962565,95.3710054952016,0.011507957152879373,False,9.765807979640067
120,pooled,NE2,heavy,1216,22.648064187259767,2317.8725206675836,-2.6434044187444328,False,48.14428855708207
120,pooled,NE2,extremely_heavy,0,nan,nan,nan,True,nan
120,pooled,SI,dry,153147,2.4275922904951437,59.91052185570013,0.055189129645668925,False,7.7401887480668154
120,pooled,SI,heavy,164,36.331171360393654,4273.66598842797,2.5608634361403873,False,65.37328191568761
120,pooled,CI,heavy,307,42.05123714982577,7938.154597731539,28.84628606526478,False,89.09632202134686
120,pooled,SI,extremely_heavy,0,nan,nan,nan,True,nan
120,pooled,NE2,light,62708,8.084606290791685,352.6969354130997,0.24195418314296774,False,18.780227246045232
120,pooled,CI,extremely_heavy,0,nan,nan,nan,True,nan
120,pooled,CI,dry,207258,2.2905550964941614,65.76050827749164,0.07353562213570408,False,8.109285312374428
120,pooled,SI,light,82217,8.098069345457848,375.1133997381753,0.35668545279727953,False,19.367844478366077
120,pooled,CI,light,129664,7.515362385523419,310.644646073724,0.24936215945904053,False,17.625114072644298
120,pooled,NE2,very_heavy,35,68.09055067686629,6821.218972300958,-61.50046533615854,True,82.5906712183704
120,pooled,SI,very_heavy,0,nan,nan,nan,True,nan
120,pooled,CI,very_heavy,15,95.11053365071615,9504.370181577691,-95.11053365071615,True,97.4903594289081
120,pooled,WI,dry,195313,1.8647386270595367,52.57413543369805,0.12919550785331013,False,7.250802399300236
