lead_hours,fold,region,is_fallback,tier1_rmse_mm,tier1_bias_mm,tier1_acc,tier1_seeps,equal_rmse_mm,equal_bias_mm,equal_acc,equal_seeps
24,2018,CI,False,13.33739399976666,1.5305525274454512,0.41855405795584416,0.6029391952544738,13.897111565003186,1.653078837035946,0.4002356405285344,0.5989496046271928
24,2018,NE1,False,15.361086816625477,1.8884256102291437,0.38172863205442775,0.18151683992938722,15.640037797914186,1.8753126468058874,0.37395247859263114,0.17892333182068304
24,2018,NE2,False,18.68449854640929,4.362126374267189,0.3172277501209864,0.12505304386681812,19.529333714093813,4.547598799653955,0.3011468850522272,0.12697515230482012
24,2018,SI,False,13.815037894385329,1.5283964371165975,0.42558736640151795,0.41457670557830745,14.510313289746833,1.4571546876714134,0.4006081740485896,0.39772608662157494
24,2018,WC,False,16.88664180665637,1.5169188178171293,0.49745417533087294,0.11843157688524539,17.16921897792843,1.3614584106559415,0.4832112500688716,0.11399341806583088
24,2018,WI,False,10.68240837753661,0.7936972451397709,0.35395509426410304,0.3352599893827531,11.076287038363786,0.6986599631161392,0.33087392162751733,0.3223203309049691
24,2020,CI,False,12.668231044197398,0.8936136855454645,0.40937937764751864,0.5377180801406366,13.164588516374831,0.9736944435322551,0.38848609658624034,0.5340811757296976
24,2020,NE1,False,17.09003128530621,1.2938909626309245,0.4271466385887514,0.18717780168564513,17.702329214400002,1.6498060218196522,0.406289650565232,0.18989585891487595
24,2020,NE2,False,21.143115715608722,4.947140940202627,0.4019951983872172,0.1261721738989634,21.7603150791531,4.789027443691175,0.39335132273813167,0.12408352926652609
24,2020,SI,False,13.323663162545403,1.2142266940088882,0.37869809690683326,0.49988406559438125,13.486283633004074,0.9376423074401298,0.36738023654648533,0.47648151900388347
24,2020,WC,False,19.431057418465038,2.087664733122838,0.4043684238256887,0.14569540082530516,20.016251847790404,2.1424653055735594,0.3929861637764965,0.14245478167298428
24,2020,WI,False,12.818133941446316,-0.22342432477694682,0.42645669369318506,0.3858195730735707,13.258183003312997,-0.23995994321512812,0.40074341082552256,0.3740536359929124
24,pooled,CI,False,13.00711644628006,1.2120831064954578,0.41423456450017865,0.5703286376975553,13.535806231170964,1.3133866402841003,0.3947483314011384,0.5665153901784453
24,pooled,NE1,False,16.24857159138381,1.5911582864300342,0.4104677781128761,0.18434732080751617,16.703042266832476,1.76255933431277,0.39585722088784997,0.1844095953677795
24,pooled,NE2,False,19.951714564096882,4.654633657234908,0.3715064480492174,0.12561260888289075,20.674938786613843,4.668313121672565,0.3589590948972385,0.12552934078567313
24,pooled,SI,False,13.571574560313037,1.3713115655627428,0.403837797540796,0.4572303855863443,14.00765929762066,1.1973984975557714,0.3836738585814673,0.4371038028127292
24,pooled,WC,False,18.20336045770121,1.802291775469984,0.4491515370555573,0.13206348885527527,18.64715016223968,1.7519618581147505,0.4352348499819766,0.12822409986940755
24,pooled,WI,False,11.798694980490904,0.28513646018141203,0.39924832006145516,0.36053978122816194,12.21604582312876,0.22935000995050556,0.37457940396613565,0.3481869834489408
48,2018,CI,False,13.042452818730185,1.471292654288185,0.4304076167453287,0.6233649153147351,14.011906936353164,1.7986345051328911,0.4005364112661418,0.6017716560585465
48,2018,NE1,False,14.956644397812779,1.3881787426052854,0.3892501256620057,0.17315934210611666,15.448609938358251,1.441153912183579,0.363379985307262,0.17092410218580947
48,2018,NE2,False,18.33918675132112,4.352115272945642,0.32327851453607914,0.12464139352273454,19.83817070694505,5.26293629578926,0.30720057422932556,0.13122729872553254
48,2018,SI,False,13.058645599800098,0.7891674188966114,0.43679931930208765,0.38125392199046776,13.428344035263839,0.5453941354468719,0.423572725994033,0.34427829229273205
48,2018,WC,False,16.16773581932389,0.13871920474630595,0.5227508709249297,0.1138704250094335,16.758359360837773,0.7954851724523667,0.49940583166238944,0.10551851538695049
48,2018,WI,False,10.077399347353147,0.5659550868557078,0.3801429711435032,0.33928127438696803,10.722771016253548,0.5384923823737952,0.33943616878023236,0.3239598365586654
48,2020,CI,False,12.750057205925618,1.181306268334126,0.38535333667527766,0.580261903415365,13.669540794737935,1.3551647997527412,0.33660516041914246,0.5649204164594471
48,2020,NE1,False,17.035094317745347,1.1302977789765185,0.4170920455893215,0.18565063111471747,17.31781210444525,1.3439830039189535,0.4144516215539589,0.18639884084768704
48,2020,NE2,False,21.712625047844792,6.085131766463857,0.40102748126908533,0.1346854833225789,23.257866317665773,6.52192391887293,0.3788939459058253,0.1346290487881342
48,2020,SI,False,13.102731496068838,0.6616989643075193,0.3783966235021002,0.4635709320049339,13.31116489801279,0.5643635073173405,0.3622941789736578,0.45158726640856184
48,2020,WC,False,18.02765863653097,0.9529872426827765,0.446831986290794,0.13978838609441585,19.545195777997666,1.7999092018758696,0.38506325442980305,0.13943985429341962
48,2020,WI,False,12.381153002557214,-0.21446913127859443,0.42709895954670685,0.42819859525318027,13.08535529457183,-0.20984786733555055,0.3895678575518861,0.395761647500446
48,pooled,CI,False,12.897083668085175,1.3262994613111556,0.40945923184844674,0.6018134093650501,13.841782427347038,1.5768996524428165,0.3711587821682321,0.5833460362589968
48,pooled,NE1,False,16.029592166632067,1.2592382607909018,0.40909907661792133,0.17940498661041707,16.409847121658565,1.3925684580512663,0.3966703476976398,0.17866147151674827
48,pooled,NE2,False,20.096813891362594,5.2186235197047495,0.3752695455936262,0.12966343842265673,21.61575076938463,5.892430107331095,0.35462073832939073,0.13292817375683338
48,pooled,SI,False,13.080707120780069,0.7254331916020654,0.4110378637198083,0.42241242699770076,13.36988284300752,0.5548788213821062,0.39651040943268123,0.3979327793506469
48,pooled,WC,False,17.122969331262883,0.5458532237145414,0.4843927416968277,0.1268294055519247,18.20518176876074,1.297697187164118,0.44002117102604116,0.12247918484018508
48,pooled,WI,False,11.288200194866434,0.17574297778855671,0.40985527799847615,0.3837399348200742,11.962531952981069,0.16432225751912227,0.3716688114198993,0.35986074202955576
72,2018,CI,False,12.980838970886138,1.3829882643945977,0.42405379917692443,0.618102674946242,13.98491483795143,1.5821478510869542,0.3915663500255546,0.5815502430593555
72,2018,NE1,False,14.856755513346432,1.043486735193844,0.3842552420959812,0.16517294623053128,15.285529375268517,1.0497674549225817,0.3585419638753268,0.16139874861818163
72,2018,NE2,False,17.986724756035343,4.346567450351836,0.3348645166925,0.12585098122446045,19.460022694492814,5.271973840149643,0.32686680155491116,0.13114683853828543
72,2018,SI,False,12.890754616175421,0.36716558298355884,0.4267605593549543,0.3737542667214855,13.298469452615532,-0.06478070163008433,0.3968995571800372,0.3266684279980082
72,2018,WC,False,16.03765434114565,0.09391016125439046,0.529928698237494,0.11181565223650593,16.4657328108485,0.41842492310966134,0.5101580107665495,0.10111324088728256
72,2018,WI,False,9.892683854702357,0.5684448051493314,0.38939478221767215,0.36159959400149577,10.565648422321527,0.5619319085687552,0.35609684348555715,0.33397853291470825
72,2020,CI,False,12.97659292195732,1.4664137790079985,0.3595293520213261,0.594961205363973,13.98995337817755,1.4961211396136573,0.31067361042908986,0.5704951316659272
72,2020,NE1,False,17.05795615469295,0.9672618934564848,0.40569065881103694,0.18237266428196577,17.485514949407833,1.1485119229122056,0.3936246896294418,0.18237465665382274
72,2020,NE2,False,22.28586550442735,6.629245239515301,0.3901263051890819,0.13915031873759862,23.93480138209167,7.093376470935495,0.3745149616074551,0.13709337487668682
72,2020,SI,False,13.224955376236979,0.5909964543201863,0.35303892737900805,0.4673602150372032,13.553195128438324,0.7285132004652395,0.3367774190057465,0.46421108798202904
72,2020,WC,False,17.653628256340877,0.8554789082508416,0.4588025318772354,0.14327572662349577,19.0387578443442,1.4317035441028174,0.39392471829474857,0.1389550612561292
72,2020,WI,False,12.58372281446994,-0.060401953767919146,0.39057702660391813,0.4392833752788331,13.580658997411385,-0.021245423181160645,0.3329859675430026,0.4102824070160882
72,pooled,CI,False,12.978716120061126,1.424701021701298,0.39348188603944145,0.6065319401551075,13.98743433493676,1.5391344953503059,0.3538734976735477,0.5760226873626414
72,pooled,NE1,False,15.995265745819552,1.0053743143251646,0.40097477288674827,0.1737728052562485,16.422403011255106,1.0991396889173937,0.38331759937832777,0.17188670263600217
72,pooled,NE2,False,20.25070453997588,5.4879063449335685,0.37292990748086946,0.13250064998102953,21.812464332009263,6.182675155542569,0.35982327349098137,0.13412010670748614
72,pooled,SI,False,13.058924137881867,0.4790810186518726,0.39439556704881135,0.4205572408793443,13.42643638445572,0.3318662494175776,0.3710274319440835,0.3954397579900186
72,pooled,WC,False,16.865007372947467,0.4746945347526161,0.4949428673111921,0.12754568943000086,17.798801325564465,0.9250642336062392,0.4503436873418054,0.12003415107170587
72,pooled,WI,False,11.318464421477412,0.2540214256907061,0.3922688175458428,0.40044148464016444,12.1669064553829,0.2703432426937973,0.34453407306183903,0.3721304699653982
96,2018,CI,False,13.007359015626747,1.0714507521891339,0.40362577093150875,0.6114927499416613,13.927478017062331,1.1230031310350348,0.36209069772525376,0.5701859868924343
96,2018,NE1,False,14.761637916504482,0.7138654041771998,0.3904024156353705,0.16055041110303184,15.169223495475276,0.6664760664610712,0.35880506578203053,0.15635650972153198
96,2018,NE2,False,17.761708810062917,4.153999256184815,0.34476667327543825,0.12508318354198575,19.290988739831388,5.0635254428531535,0.3365771469804348,0.12908056471967194
96,2018,SI,False,12.92211691151581,0.13977478399873958,0.4131053073632742,0.3660372891402135,13.233123442188617,-0.43281350549432435,0.37825944491603086,0.32219116372325113
96,2018,WC,False,16.156921051285305,0.3052752399656548,0.5206306762943026,0.11182280503754707,16.60827693130272,0.46444960144769726,0.492713814128236,0.10390212548086775
96,2018,WI,False,9.761653844168597,0.5183602719590825,0.3962288311553924,0.3737147612158303,10.399957865793839,0.593639562352171,0.35833844107712237,0.34898666310311544
96,2020,CI,False,12.995063666080334,1.342609313772026,0.3308107069891982,0.6006738371632018,13.92809128920773,1.259310529081992,0.2784513081688574,0.565319559313811
96,2020,NE1,False,17.126001263531055,0.7053332336622048,0.3949088310472165,0.17603896332730437,17.8199399606332,0.9108504065805674,0.3697993796536297,0.1776714408803273
96,2020,NE2,False,22.06264942990791,6.5242189503010435,0.38393271227325815,0.13999577462847232,24.251675097937568,7.1840949256453746,0.36000844072108085,0.1388203156618332
96,2020,SI,False,13.158542946394837,0.5049395991393927,0.35366311365862424,0.4667027059215345,13.613768884833434,0.5639810596468489,0.3187238915739638,0.4588858565018643
96,2020,WC,False,17.29703577827369,0.9151188772355009,0.4845799019424366,0.14567456160485456,18.51960800577165,1.6172974788479657,0.42175116293810794,0.14264548196509272
96,2020,WI,False,12.695653268374176,0.0382233043008537,0.3724461310660917,0.4567688397619591,13.813172808222387,0.08125448876999326,0.3121028024183784,0.4246724495405518
96,pooled,CI,False,13.00121279432976,1.20703003298058,0.36939040771874243,0.6060832935524315,13.927784656510502,1.1911568300585134,0.32313724712005837,0.5677527731031227
96,pooled,NE1,False,15.987586954516464,0.7095993189197024,0.3966547311180817,0.1682946872151681,16.547743073547085,0.7886632365208194,0.3688170687291817,0.16701397530092965
96,pooled,NE2,False,20.027965444853386,5.339109103242929,0.37228107496991136,0.132539479085229,21.91216547509883,6.123810184249264,0.35431921356538315,0.13395044019075258
96,pooled,SI,False,13.040865729448337,0.322357191569066,0.3875521315324208,0.416369997530874,13.424795329647688,0.06558377707626228,0.3514543807936017,0.3905385101125577
96,pooled,WC,False,16.736689406396152,0.6101970586005779,0.5036297235742749,0.12874868332120085,17.58992244602408,1.0408735401478315,0.4562526022072646,0.12327380372298023
96,pooled,WI,False,11.324078277814744,0.2782917881299681,0.3850515195158088,0.4152418004888947,12.226259989058416,0.33744702556108214,0.3328074451042552,0.3868295563218336
120,2018,CI,False,13.03648371033015,1.0171234270292269,0.39831535183219413,0.6126081028513474,13.79550936044706,0.8929758780247097,0.3588667855589982,0.5598397118892463
120,2018,NE1,False,14.850685525128597,0.6853485601043503,0.38310752636598705,0.161525323768674,15.082106648381327,0.5095093270791867,0.3687958850039719,0.15356770800133723
120,2018,NE2,False,17.605227844803633,4.140254212698218,0.3481771904122265,0.1253008081912913,19.12724146264462,4.990613148031916,0.3395809593863715,0.1289004751539224
120,2018,SI,False,12.956078245911336,0.3246752609367964,0.40855635217759323,0.38527058355650134,13.497237449008406,-0.38217269630353484,0.3399804299948887,0.32595094707678685
120,2018,WC,False,16.179498566279353,0.14916588197751576,0.5203538965341858,0.11353828439048635,16.61041234866053,0.5039606737448669,0.49551274530121225,0.10441774601043737
120,2018,WI,False,9.76287631595752,0.4943791781790349,0.4023249788900556,0.38411884085947046,10.303400250795487,0.4611021341795297,0.34961345441131425,0.3556522609860181
120,2020,CI,False,12.984057379856603,1.2298241510775134,0.30949070307322696,0.6061159414741849,13.865072357654652,1.2009590653580666,0.25946157679031356,0.5741299454238173
120,2020,NE1,False,17.161674667221675,0.5978405252921545,0.3977149527885669,0.17466378886912262,17.830677214975744,0.6767611738136013,0.37033431813489015,0.17462583595643974
120,2020,NE2,False,22.05789122248263,6.658105502494766,0.3773881169385731,0.1413793870394416,24.693516341056583,7.486646389174404,0.3453397665553485,0.14163599749823003
120,2020,SI,False,13.210450254362293,0.42314075166310205,0.3442669156708465,0.46263832676526906,13.652245195799768,0.23871723801780595,0.2988316257218415,0.4409833977012917
120,2020,WC,False,16.976996707267816,0.7691916815305825,0.49566502680560554,0.14225640084235877,18.24980411077637,1.4859959764119945,0.42657301191564995,0.13985669438479773
120,2020,WI,False,12.650384174186568,-0.07051144912586073,0.36728668996256486,0.4621007855332708,14.020423651066698,-0.12633233152339016,0.26103585286086917,0.4263531232536484
120,pooled,CI,False,13.010296952281912,1.1234737890533701,0.3578560500356328,0.6093620221627661,13.830334594600044,1.0469674716913882,0.3128610184738779,0.5669848286565318
120,pooled,NE1,False,16.047833778267744,0.6415945426982523,0.39501885269695797,0.1680945563188983,16.513676012593372,0.5931352504463939,0.37260128486385785,0.1640967719788885
120,pooled,NE2,False,19.95613455369458,5.399179857596492,0.36935951256466887,0.13334009761536647,22.086433791542035,6.23862976860316,0.34630391780375325,0.1352682363260762
120,pooled,SI,False,13.083882440567054,0.3739080062999492,0.38098851164232345,0.42395445516088526,13.574962571608674,-0.07172772914286452,0.32345915897536365,0.38346717238903927
120,pooled,WC,False,16.583042408659786,0.459178781754049,0.5090017390341824,0.12789734261642255,17.449371743335696,0.9949783250784304,0.46040372607977254,0.12213722019761755
120,pooled,WI,False,11.299247181011536,0.21193386452658708,0.3833219637273489,0.4231098131963706,12.303095872248639,0.16738490132806977,0.29801164576753997,0.39100269211983324
