lead_hours,method,bin,n_test_cells,crps_mm,mse_mm2,bias_mm,is_fallback
24,emos_graphcast,dry,13572,2.0146458650638293,41.18068764269267,0.910231993530976,False
24,emos_graphcast,light,4905,8.489929003242999,322.7608173952746,-0.9136848719889508,False
24,emos_graphcast,heavy,23,23.01511596302881,1746.9221839258107,7.542336824839266,False
24,emos_graphcast,very_heavy,0,nan,nan,nan,True
24,emos_graphcast,extremely_heavy,0,nan,nan,nan,True
24,emos_ifs_ens,dry,13572,2.051048800037411,41.88612929698931,0.9162985355005362,False
24,emos_ifs_ens,light,4905,8.377680974371751,314.37460544182267,-0.4995869483292954,False
24,emos_ifs_ens,heavy,23,23.955158645946312,2063.8212321062306,19.23457968984021,False
24,emos_ifs_ens,very_heavy,0,nan,nan,nan,True
24,emos_ifs_ens,extremely_heavy,0,nan,nan,nan,True
24,regime_conditioned,dry,13572,3.1636210037597325,40.1132979220615,-0.05556759140350301,
24,regime_conditioned,light,4905,13.479846602467488,340.3380559919236,2.4646018722631995,
24,regime_conditioned,heavy,23,40.69808963262628,1953.0368678203467,23.131719742291327,
24,regime_conditioned,very_heavy,0,nan,nan,nan,
24,regime_conditioned,extremely_heavy,0,nan,nan,nan,
48,emos_graphcast,dry,13320,1.7844690199993987,40.74030758983764,1.1418017217782,False
48,emos_graphcast,light,5109,8.561158047539958,392.57009474112795,-2.3589877238704053,False
48,emos_graphcast,heavy,71,23.291678562572123,2126.560044506995,36.609844225868265,False
48,emos_graphcast,very_heavy,0,nan,nan,nan,True
48,emos_graphcast,extremely_heavy,0,nan,nan,nan,True
48,emos_ifs_ens,dry,13320,1.8508695104729398,42.06620260168697,1.2891954600182083,False
48,emos_ifs_ens,light,5109,8.728300080652623,399.8280226752549,-1.442603687655725,False
48,emos_ifs_ens,heavy,71,21.907825436833278,2837.624551020356,42.14330305210813,False
48,emos_ifs_ens,very_heavy,0,nan,nan,nan,True
48,emos_ifs_ens,extremely_heavy,0,nan,nan,nan,True
48,regime_conditioned,dry,13320,3.015621255964694,39.57576568450832,0.3322096233169314,
48,regime_conditioned,light,5109,14.292423390763915,416.57643947617794,3.3541828148903723,
48,regime_conditioned,heavy,71,62.876127949779054,4520.11991344251,58.52072930690545,
48,regime_conditioned,very_heavy,0,nan,nan,nan,
48,regime_conditioned,extremely_heavy,0,nan,nan,nan,
72,emos_graphcast,dry,12881,1.7524771282486853,37.71929808194974,0.3806979611723867,False
72,emos_graphcast,light,5544,7.706550450916583,299.962391303423,-1.7190730026085899,False
72,emos_graphcast,heavy,75,26.81945158749736,2682.30995577926,25.49015834688525,False
72,emos_graphcast,very_heavy,0,nan,nan,nan,True
72,emos_graphcast,extremely_heavy,0,nan,nan,nan,True
72,emos_ifs_ens,dry,12881,1.9025332907383408,47.37755275295912,0.7581203438612248,False
72,emos_ifs_ens,light,5544,8.191814399783077,338.63590107223297,-0.8963236512789893,False
72,emos_ifs_ens,heavy,75,30.098725567925587,3766.96229139519,27.691660138316667,False
72,emos_ifs_ens,very_heavy,0,nan,nan,nan,True
72,emos_ifs_ens,extremely_heavy,0,nan,nan,nan,True
72,regime_conditioned,dry,12881,3.1092170792222493,42.61843741596585,0.3628912180057805,
72,regime_conditioned,light,5544,12.782679740842525,339.8980150625707,2.9338441303541414,
72,regime_conditioned,heavy,75,46.50213240016879,2935.065912415177,20.840166522774886,
72,regime_conditioned,very_heavy,0,nan,nan,nan,
72,regime_conditioned,extremely_heavy,0,nan,nan,nan,
96,emos_graphcast,dry,9161,2.456482897711587,62.15618735863793,-0.35450657231996974,False
96,emos_graphcast,light,4680,8.065454332808267,364.43952568663167,-0.4569264550087485,False
96,emos_graphcast,heavy,33,27.051270409532925,1198.4678999859339,-11.084408163758061,False
96,emos_graphcast,very_heavy,1,111.45730390820451,12422.731040314771,-111.45730590820312,True
96,emos_graphcast,extremely_heavy,0,nan,nan,nan,True
96,emos_ifs_ens,dry,9161,2.6028125193314566,70.1562940846932,0.07726775304051033,False
96,emos_ifs_ens,light,4680,8.426559496151627,403.2471642673471,-0.14393833707507037,False
96,emos_ifs_ens,heavy,33,30.98630341174927,2203.1088542472794,-20.935697958167985,False
96,emos_ifs_ens,very_heavy,1,111.45730390820451,12422.731040314771,-111.45730590820312,True
96,emos_ifs_ens,extremely_heavy,0,nan,nan,nan,True
96,regime_conditioned,dry,9161,4.005937008598575,65.16255860719293,-0.10409508606383637,
96,regime_conditioned,light,4680,12.059563314158432,359.771973950632,0.32603640105025733,
96,regime_conditioned,heavy,33,37.99849555753063,1900.7542754185918,-0.01706974158642409,
96,regime_conditioned,very_heavy,1,26.33298126179237,693.425902133908,-26.33298126179237,
96,regime_conditioned,extremely_heavy,0,nan,nan,nan,
120,emos_graphcast,dry,8879,2.618956617884372,112.64003299019315,0.3742435304820926,False
120,emos_graphcast,light,4971,7.689927030464514,413.3205739323748,1.1819254393973548,False
120,emos_graphcast,heavy,25,15.10557967342106,690.8270225216257,18.27606245118298,False
120,emos_graphcast,very_heavy,0,nan,nan,nan,True
120,emos_graphcast,extremely_heavy,0,nan,nan,nan,True
120,emos_ifs_ens,dry,8879,2.6290229377628895,108.80937173517847,0.6710237804621689,False
120,emos_ifs_ens,light,4971,7.923940510117943,436.7202525179154,1.6222589344045408,False
120,emos_ifs_ens,heavy,25,15.788163458854521,742.658164612868,18.564837942801816,False
120,emos_ifs_ens,very_heavy,0,nan,nan,nan,True
120,emos_ifs_ens,extremely_heavy,0,nan,nan,nan,True
120,regime_conditioned,dry,8879,4.136200543413339,109.60074032401201,-0.05324139181053519,
120,regime_conditioned,light,4971,12.605178316401233,419.9238260389998,2.1026072071788584,
120,regime_conditioned,heavy,25,33.743247816203365,1516.2705418742075,33.42349262001264,
120,regime_conditioned,very_heavy,0,nan,nan,nan,
120,regime_conditioned,extremely_heavy,0,nan,nan,nan,
