heppi_index,date,best_match_date,best_mae,second_best_mae,rank_of_mapped_date,confirmed
0,2018-06-02,2018-06-02,0.4142,3.6037,1,True
1,2018-06-03,2018-06-03,0.7292,2.8401,1,True
2,2018-06-04,2018-06-04,0.3634,2.8118,1,True
3,2018-06-05,2018-06-05,0.2377,1.7239,1,True
4,2018-06-06,2018-06-06,0.3733,2.7163,1,True
5,2018-06-07,2018-06-07,0.4049,4.0071,1,True
6,2018-06-08,2018-06-08,0.7031,4.9062,1,True
7,2018-06-09,2018-06-09,0.5777,5.0961,1,True
8,2018-06-10,2018-06-10,1.1377,5.9788,1,True
9,2018-06-11,2018-06-11,1.1225,5.0848,1,True
10,2018-06-12,2018-06-12,1.23,5.572,1,True
11,2018-06-13,2018-06-13,0.7334,4.7735,1,True
12,2018-06-14,2018-06-14,0.6607,3.7886,1,True
13,2018-06-15,2018-06-15,0.4218,3.2599,1,True
14,2018-06-16,2018-06-16,0.4965,2.7722,1,True
15,2018-06-17,2018-06-17,0.9461,2.4934,1,True
16,2018-06-18,2018-06-18,0.2632,2.2823,1,True
17,2018-06-19,2018-06-19,0.265,1.9011,1,True
18,2018-06-20,2018-06-20,0.3065,2.35,1,True
19,2018-06-21,2018-06-21,0.5498,2.786,1,True
20,2018-06-22,2018-06-22,0.3533,4.7911,1,True
21,2018-06-23,2018-06-23,0.4021,5.257,1,True
22,2018-06-24,2018-06-24,0.8183,4.6256,1,True
23,2018-06-26,2018-06-26,1.606,7.3872,1,True
24,2018-06-27,2018-06-27,0.8914,7.3931,1,True
25,2018-06-28,2018-06-28,1.5778,10.0684,1,True
26,2018-06-29,2018-06-29,2.2755,9.5822,1,True
27,2018-06-30,2018-06-30,0.017,4.929,1,True
28,2018-07-01,2018-07-01,0.9521,5.0544,1,True
29,2018-07-02,2018-07-02,0.9398,7.7496,1,True
30,2018-07-03,2018-07-03,1.2126,7.8033,1,True
31,2018-07-04,2018-07-04,0.522,6.7434,1,True
32,2018-07-05,2018-07-05,0.5851,6.4279,1,True
33,2018-07-06,2018-07-06,0.2638,5.7376,1,True
34,2018-07-07,2018-07-07,0.3016,6.9703,1,True
35,2018-07-08,2018-07-08,0.733,6.6483,1,True
36,2018-07-09,2018-07-09,0.7436,6.5669,1,True
37,2018-07-10,2018-07-10,0.7875,6.7593,1,True
38,2018-07-11,2018-07-11,0.8845,7.3859,1,True
39,2018-07-12,2018-07-12,0.4598,9.36,1,True
40,2018-07-13,2018-07-13,1.8458,9.9846,1,True
41,2018-07-14,2018-07-14,0.7736,8.1214,1,True
42,2018-07-15,2018-07-15,1.3835,8.8502,1,True
43,2018-07-16,2018-07-16,1.1419,9.8232,1,True
44,2018-07-17,2018-07-17,0.5659,10.8107,1,True
45,2018-07-18,2018-07-18,0.7273,7.9894,1,True
46,2018-07-19,2018-07-19,0.2992,5.8342,1,True
47,2018-07-20,2018-07-20,0.4066,7.1483,1,True
48,2018-07-21,2018-07-21,0.3026,9.3491,1,True
49,2018-07-22,2018-07-22,1.0883,10.932,1,True
50,2018-07-23,2018-07-23,0.608,8.2729,1,True
51,2018-07-24,2018-07-24,0.5263,7.8304,1,True
52,2018-07-25,2018-07-25,0.6648,7.0631,1,True
53,2018-07-26,2018-07-26,1.3313,9.8317,1,True
54,2018-07-27,2018-07-27,0.8063,6.9587,1,True
55,2018-07-28,2018-07-28,0.5114,5.2863,1,True
56,2018-07-29,2018-07-29,0.8981,5.4855,1,True
57,2018-07-30,2018-07-30,0.6538,5.5494,1,True
58,2018-07-31,2018-07-31,0.0113,5.8661,1,True
59,2018-08-01,2018-08-01,0.5459,5.5802,1,True
60,2018-08-02,2018-08-02,0.5492,5.6287,1,True
61,2018-08-03,2018-08-03,1.0346,4.7001,1,True
62,2018-08-04,2018-08-04,0.4137,3.1941,1,True
63,2018-08-05,2018-08-05,0.6079,4.2752,1,True
64,2018-08-06,2018-08-06,0.5634,4.9917,1,True
65,2018-08-07,2018-08-07,0.4841,5.8043,1,True
66,2018-08-08,2018-08-08,0.5176,8.529,1,True
67,2018-08-09,2018-08-09,0.4685,6.8337,1,True
68,2018-08-10,2018-08-10,0.2454,3.849,1,True
69,2018-08-11,2018-08-11,0.3645,5.1059,1,True
70,2018-08-12,2018-08-12,0.9159,9.5581,1,True
71,2018-08-13,2018-08-13,0.9411,9.4698,1,True
72,2018-08-14,2018-08-14,0.5859,7.1336,1,True
73,2018-08-15,2018-08-15,0.9126,7.2035,1,True
74,2018-08-16,2018-08-16,1.2783,11.2137,1,True
75,2018-08-17,2018-08-17,1.5237,7.767,1,True
76,2018-08-18,2018-08-18,0.6414,5.5766,1,True
77,2018-08-19,2018-08-19,0.4726,5.9233,1,True
78,2018-08-20,2018-08-20,0.6137,8.5634,1,True
79,2018-08-21,2018-08-21,1.5254,11.0025,1,True
80,2018-08-22,2018-08-22,0.8906,6.7082,1,True
81,2018-08-23,2018-08-23,0.8952,5.8461,1,True
82,2018-08-24,2018-08-24,1.1569,6.1438,1,True
83,2018-08-25,2018-08-25,0.4526,6.7064,1,True
84,2018-08-26,2018-08-26,0.9332,7.1304,1,True
85,2018-08-27,2018-08-27,0.3513,6.9986,1,True
86,2018-08-28,2018-08-28,0.4166,6.0125,1,True
87,2018-08-29,2018-08-29,0.4979,5.9194,1,True
88,2018-08-30,2018-08-30,0.4322,4.5814,1,True
89,2018-08-31,2018-08-31,0.2401,6.0729,1,True
90,2018-09-01,2018-09-01,0.237,7.3103,1,True
91,2018-09-02,2018-09-02,0.5126,6.761,1,True
92,2018-09-03,2018-09-03,0.5057,5.6495,1,True
93,2018-09-04,2018-09-04,0.4912,4.6028,1,True
94,2018-09-05,2018-09-05,0.5675,3.6801,1,True
95,2018-09-06,2018-09-06,0.3445,6.04,1,True
96,2018-09-07,2018-09-07,0.395,6.9396,1,True
97,2018-09-08,2018-09-08,0.3951,5.634,1,True
98,2018-09-09,2018-09-09,0.4252,3.3354,1,True
99,2018-09-10,2018-09-10,0.3638,3.4268,1,True
100,2018-09-11,2018-09-11,0.4464,2.7482,1,True
101,2018-09-12,2018-09-12,0.3883,3.6429,1,True
102,2018-09-13,2018-09-13,0.2352,3.1026,1,True
103,2018-09-14,2018-09-14,0.4273,3.0761,1,True
104,2018-09-15,2018-09-15,0.3151,1.7324,1,True
105,2018-09-16,2018-09-16,0.4191,1.5312,1,True
106,2018-09-17,2018-09-17,0.3036,2.1363,1,True
107,2018-09-18,2018-09-18,0.2171,1.9055,1,True
108,2018-09-19,2018-09-19,0.2238,1.3979,1,True
109,2018-09-20,2018-09-20,0.3117,1.7461,1,True
110,2018-09-21,2018-09-21,0.5049,5.95,1,True
111,2018-09-22,2018-09-22,0.4461,7.8304,1,True
112,2018-09-23,2018-09-23,0.6586,7.9034,1,True
113,2018-09-24,2018-09-24,1.9374,7.2186,1,True
114,2018-09-25,2018-09-25,0.1792,4.2373,1,True
115,2018-09-26,2018-09-26,0.1768,2.7314,1,True
116,2018-09-27,2018-09-27,0.5444,2.2389,1,True
117,2018-09-28,2018-09-28,0.2896,1.7168,1,True
118,2018-09-29,2018-09-29,0.4014,1.6304,1,True
119,2018-09-30,2018-09-30,0.0055,1.181,1,True
120,,2018-10-01,0.0924,0.9456,1,False
121,,2018-10-02,0.2558,1.2193,1,False
122,,2018-10-03,0.05,0.8909,1,False
123,,2018-10-04,0.0557,1.3011,1,False
124,,2018-10-05,0.0704,1.2949,1,False
125,,2018-10-06,0.0355,1.0515,1,False
126,,2018-10-07,0.1173,0.8019,1,False
127,,2018-10-08,0.109,0.6687,1,False
128,,2018-10-09,0.1254,1.522,1,False
129,,2018-10-10,0.0807,0.4925,1,False
130,,2018-10-11,0.1803,3.0643,1,False
131,,2018-10-12,0.3286,4.5572,1,False
132,,2018-10-13,0.1532,2.1058,1,False
133,,2018-10-14,0.1548,0.8589,1,False
134,,2018-10-15,0.1857,1.3712,1,False
135,,2018-10-16,0.1378,0.65,1,False
136,,2018-10-17,0.1569,1.9916,1,False
137,,2018-10-18,0.2229,1.5726,1,False
138,,2018-10-19,0.197,0.8585,1,False
139,,2018-10-20,0.1992,0.3015,1,False
140,,2018-11-10,0.1973,0.1991,74,False
141,,2018-12-23,0.148,0.1521,42,False
142,,2018-11-10,0.1047,0.1077,53,False
143,,2018-10-24,0.029,0.1962,1,False
144,,2018-10-25,0.0077,0.2409,1,False
145,,2018-10-26,0.031,0.0565,1,False
146,,2018-10-27,0.0023,0.0093,1,False
147,,2018-10-28,0.0768,0.3234,1,False
148,,2018-10-29,0.0133,0.1097,1,False
149,,2018-10-30,0.0029,0.0782,1,False
150,,2018-10-31,0.0012,0.1242,1,False
151,,2018-11-01,0.1899,0.2605,1,False
152,,2018-11-02,0.2161,0.7644,1,False
153,,2018-11-03,0.5894,1.06,1,False
154,,2018-11-04,0.6203,1.4566,1,False
155,,2018-11-05,0.1705,0.7227,1,False
156,,2018-11-06,0.0759,0.395,1,False
157,,2018-11-07,0.1886,0.2814,1,False
158,,2018-11-08,0.0087,0.1037,1,False
159,,2018-11-09,0.0027,0.1124,1,False
160,,2018-11-10,0.0028,0.0301,1,False
161,,2018-12-02,0.0204,0.0204,55,False
162,,2018-11-12,0.0001,0.0048,1,False
163,,2018-11-13,0.0015,0.0716,1,False
164,,2018-11-14,0.1434,0.2083,1,False
165,,2018-11-15,0.1289,0.6746,1,False
166,,2018-11-16,0.0315,1.1095,1,False
167,,2018-11-17,0.0397,1.5113,1,False
168,,2018-11-18,0.2569,0.39,1,False
169,,2018-11-19,0.091,0.7169,1,False
170,,2018-11-20,0.0375,0.5689,1,False
171,,2018-11-21,0.1371,0.309,1,False
172,,2018-11-22,0.0143,0.9357,1,False
173,,2018-11-23,0.3012,0.5722,1,False
174,,2018-11-24,0.4237,0.4903,1,False
175,,2018-11-25,0.0553,0.0675,1,False
176,,2018-11-26,0.0071,0.0072,1,False
177,,2018-02-17,0.0,0.0,12,False
178,,2018-02-17,0.0,0.0,5,False
179,,2018-11-29,0.0003,0.0875,1,False
180,,2018-11-30,0.0008,0.2845,1,False
181,2019-06-01,2019-06-01,0.0061,1.2921,1,True
182,2019-06-02,2019-06-02,0.0031,0.9998,1,True
183,2019-06-03,2019-06-03,0.0085,2.572,1,True
184,2019-06-04,2019-06-04,0.0078,2.3887,1,True
185,2019-06-05,2019-06-05,0.005,1.1523,1,True
186,2019-06-06,2019-06-06,0.0065,1.5843,1,True
187,2019-06-07,2019-06-07,0.0089,1.7566,1,True
188,2019-06-08,2019-06-08,0.0065,1.8043,1,True
189,2019-06-09,2019-06-09,0.0059,1.1439,1,True
190,2019-06-10,2019-06-10,0.0063,2.0166,1,True
191,2019-06-11,2019-06-11,0.0061,1.9666,1,True
192,2019-06-12,2019-06-12,0.0061,1.3169,1,True
193,2019-06-13,2019-06-13,0.0112,3.1238,1,True
194,2019-06-14,2019-06-14,0.0072,2.3552,1,True
195,2019-06-15,2019-06-15,0.0071,2.6212,1,True
196,2019-06-16,2019-06-16,0.0092,2.4336,1,True
197,2019-06-17,2019-06-17,0.0086,2.8404,1,True
198,2019-06-18,2019-06-18,0.0119,2.6968,1,True
199,2019-06-19,2019-06-19,0.0105,4.0414,1,True
200,2019-06-20,2019-06-20,0.0106,2.577,1,True
201,2019-06-21,2019-06-21,0.0117,4.5448,1,True
202,2019-06-22,2019-06-22,0.0128,5.3595,1,True
203,2019-06-23,2019-06-23,0.015,5.3622,1,True
204,2019-06-24,2019-06-24,0.0141,4.9701,1,True
205,2019-06-25,2019-06-25,0.0136,4.5797,1,True
206,2019-06-26,2019-06-26,0.012,5.1327,1,True
207,2019-06-27,2019-06-27,0.0131,5.0028,1,True
208,2019-06-28,2019-06-28,0.0138,5.1827,1,True
209,2019-06-29,2019-06-29,0.0111,5.5084,1,True
210,2019-06-30,2019-06-30,0.0117,5.7978,1,True
211,2019-07-01,2019-07-01,0.0138,6.2199,1,True
212,2019-07-02,2019-07-02,0.0155,7.8603,1,True
213,2019-07-03,2019-07-03,0.0156,7.9498,1,True
214,2019-07-04,2019-07-04,0.0148,6.5073,1,True
215,2019-07-05,2019-07-05,0.0163,7.124,1,True
216,2019-07-06,2019-07-06,0.0191,11.4207,1,True
217,2019-07-07,2019-07-07,0.0172,10.0408,1,True
218,2019-07-08,2019-07-08,0.0176,8.7692,1,True
219,2019-07-09,2019-07-09,0.0164,9.7014,1,True
220,2019-07-10,2019-07-10,0.0162,9.8403,1,True
221,2019-07-11,2019-07-11,0.0138,9.3751,1,True
222,2019-07-12,2019-07-12,0.0121,7.1767,1,True
223,2019-07-13,2019-07-13,0.0117,5.5784,1,True
224,2019-07-14,2019-07-14,0.011,5.5787,1,True
225,2019-07-15,2019-07-15,0.0112,5.3076,1,True
226,2019-07-16,2019-07-16,0.0124,5.1684,1,True
227,2019-07-17,2019-07-17,0.0107,3.3246,1,True
228,2019-07-18,2019-07-18,0.01,2.5488,1,True
229,2019-07-19,2019-07-19,0.0149,4.6641,1,True
230,2019-07-20,2019-07-20,0.0168,5.9444,1,True
231,2019-07-21,2019-07-21,0.0153,5.614,1,True
232,2019-07-22,2019-07-22,0.0148,5.2415,1,True
233,2019-07-23,2019-07-23,0.0132,4.6422,1,True
234,2019-07-24,2019-07-24,0.0122,6.518,1,True
235,2019-07-25,2019-07-25,0.0169,9.55,1,True
236,2019-07-26,2019-07-26,0.0199,11.4127,1,True
237,2019-07-27,2019-07-27,0.0214,12.4629,1,True
238,2019-07-28,2019-07-28,0.0204,10.5842,1,True
239,2019-07-29,2019-07-29,0.0205,10.8458,1,True
240,2019-07-30,2019-07-30,0.0174,9.7645,1,True
241,2019-07-31,2019-07-31,0.0162,9.1394,1,True
242,2019-08-01,2019-08-01,0.0163,6.8557,1,True
243,2019-08-02,2019-08-02,0.0186,9.3454,1,True
244,2019-08-03,2019-08-03,0.0194,10.526,1,True
245,2019-08-04,2019-08-04,0.0178,9.4667,1,True
246,2019-08-05,2019-08-05,0.0145,8.8229,1,True
247,2019-08-06,2019-08-06,0.0181,9.745,1,True
248,2019-08-07,2019-08-07,0.0193,14.2852,1,True
249,2019-08-08,2019-08-08,0.0191,14.6363,1,True
250,2019-08-09,2019-08-09,0.0186,15.3443,1,True
251,2019-08-10,2019-08-10,0.0182,10.7333,1,True
252,2019-08-11,2019-08-11,0.014,6.303,1,True
253,2019-08-12,2019-08-12,0.0139,4.0049,1,True
254,2019-08-13,2019-08-13,0.0159,8.3371,1,True
255,2019-08-14,2019-08-14,0.0188,11.3214,1,True
256,2019-08-15,2019-08-15,0.0199,9.8638,1,True
257,2019-08-16,2019-08-16,0.0178,7.658,1,True
258,2019-08-17,2019-08-17,0.019,8.5468,1,True
259,2019-08-18,2019-08-18,0.0174,11.0081,1,True
260,2019-08-19,2019-08-19,0.0191,8.6455,1,True
261,2019-08-20,2019-08-20,0.0159,5.32,1,True
262,2019-08-21,2019-08-21,0.0133,4.8762,1,True
263,2019-08-22,2019-08-22,0.0142,5.5436,1,True
264,2019-08-23,2019-08-23,0.015,4.8625,1,True
265,2019-08-24,2019-08-24,0.0143,6.3615,1,True
266,2019-08-25,2019-08-25,0.0153,6.2961,1,True
267,2019-08-26,2019-08-26,0.0155,7.4766,1,True
268,2019-08-27,2019-08-27,0.0136,5.8399,1,True
269,2019-08-28,2019-08-28,0.0122,4.1698,1,True
270,2019-08-29,2019-08-29,0.0131,3.9656,1,True
271,2019-08-30,2019-08-30,0.0155,4.6845,1,True
272,2019-08-31,2019-08-31,0.0146,6.0701,1,True
273,2019-09-01,2019-09-01,0.0164,7.4858,1,True
274,2019-09-02,2019-09-02,0.017,7.6243,1,True
275,2019-09-03,2019-09-03,0.0155,5.838,1,True
276,2019-09-04,2019-09-04,0.0173,7.3417,1,True
277,2019-09-05,2019-09-05,0.0178,8.5445,1,True
278,2019-09-06,2019-09-06,0.0166,7.253,1,True
279,2019-09-07,2019-09-07,0.0153,7.3226,1,True
280,2019-09-08,2019-09-08,0.0171,8.8709,1,True
281,2019-09-09,2019-09-09,0.0153,7.3194,1,True
282,2019-09-10,2019-09-10,0.0132,5.6903,1,True
283,2019-09-11,2019-09-11,0.0138,5.4417,1,True
284,2019-09-12,2019-09-12,0.0153,9.1705,1,True
285,2019-09-13,2019-09-13,0.0166,9.448,1,True
286,2019-09-14,2019-09-14,0.0146,7.1862,1,True
287,2019-09-15,2019-09-15,0.0147,5.7524,1,True
288,2019-09-16,2019-09-16,0.013,4.8549,1,True
289,2019-09-17,2019-09-17,0.0153,5.7966,1,True
290,2019-09-18,2019-09-18,0.0155,8.2361,1,True
291,2019-09-19,2019-09-19,0.0145,6.6687,1,True
292,2019-09-20,2019-09-20,0.0142,5.0587,1,True
293,2019-09-21,2019-09-21,0.0113,3.2059,1,True
294,2019-09-22,2019-09-22,0.0144,5.1849,1,True
295,2019-09-23,2019-09-23,0.0158,5.8827,1,True
296,2019-09-24,2019-09-24,0.0164,7.9266,1,True
297,2019-09-25,2019-09-25,0.0162,8.7597,1,True
298,2019-09-26,2019-09-26,0.0182,9.0887,1,True
299,2019-09-27,2019-09-27,0.0184,9.0976,1,True
300,2019-09-28,2019-09-28,0.0167,11.0964,1,True
301,2019-09-29,2019-09-29,0.0174,10.6123,1,True
302,2019-09-30,2019-09-30,0.0176,11.1033,1,True
303,,2019-10-01,0.0151,5.3368,1,False
304,,2019-10-02,0.014,4.4023,1,False
305,,2019-10-03,0.0098,2.3394,1,False
306,,2019-10-04,0.0124,2.9991,1,False
307,,2019-10-05,0.0102,2.6819,1,False
308,,2019-10-06,0.0086,2.7377,1,False
309,,2019-10-07,0.0117,3.756,1,False
310,,2019-10-08,0.0101,2.8414,1,False
311,,2019-10-09,0.0095,3.0789,1,False
312,,2019-10-10,0.0095,3.2041,1,False
313,,2019-10-11,0.0072,2.8665,1,False
314,,2019-10-12,0.0061,1.7523,1,False
315,,2019-10-13,0.0048,1.1929,1,False
316,,2019-10-14,0.0042,1.0042,1,False
317,,2019-10-15,0.0028,0.5931,1,False
318,,2019-10-16,0.0042,1.7105,1,False
319,,2019-10-17,0.004,1.3483,1,False
320,,2019-10-18,0.007,1.8376,1,False
321,,2019-10-19,0.0091,3.7124,1,False
322,,2019-10-20,0.0099,3.7643,1,False
323,,2019-10-21,0.0109,5.065,1,False
324,,2019-10-22,0.0087,3.7504,1,False
325,,2019-10-23,0.008,3.0651,1,False
326,,2019-10-24,0.0109,5.8469,1,False
327,,2019-10-25,0.0105,6.26,1,False
328,,2019-10-26,0.0093,4.2094,1,False
329,,2019-10-27,0.0084,3.0642,1,False
330,,2019-10-28,0.0054,1.5078,1,False
331,,2019-10-29,0.0051,1.4919,1,False
332,,2019-10-30,0.0058,2.5806,1,False
333,,2019-10-31,0.0065,2.2305,1,False
