date,fold,n_cells,mse_mm2,mae_mm,brier_204.5,hits_7.5,misses_7.5,false_alarms_7.5,correct_negatives_7.5,hits_64.5,misses_64.5,false_alarms_64.5,correct_negatives_64.5,hits_115.6,misses_115.6,false_alarms_115.6,correct_negatives_115.6,hits_204.5,misses_204.5,false_alarms_204.5,correct_negatives_204.5
2018-06-04,2018,4625.0,52.80111921298626,3.8254535963023812,3.8904276724550543e-10,255.0,244.0,588.0,3538.0,0.0,12.0,0.0,4613.0,0.0,1.0,0.0,4624.0,0.0,0.16761606362105974,0.0,17414.83238393638
2018-06-05,2018,4625.0,38.74015410625186,3.9482385777554088,3.518378248210824e-10,208.0,138.0,718.0,3561.0,0.0,1.0,0.0,4624.0,0.0,0.0,0.0,4625.0,0.0,0.1665596151987837,0.0,17414.833440384802
2018-06-06,2018,4625.0,65.41660565409543,5.167786621638003,1.1199744200536981e-09,323.0,247.0,882.0,3173.0,0.0,6.0,0.0,4619.0,0.0,0.0,0.0,4625.0,0.0,0.24282345481075995,0.0,17414.75717654519
2018-06-07,2018,4625.0,94.44775540443354,5.765167737428634,6.522607204671225e-07,538.0,196.0,993.0,2898.0,0.0,12.0,0.0,4613.0,0.0,0.0,0.0,4625.0,0.0,1.0732755134129874,0.0,17413.926724486588
2018-06-08,2018,4625.0,180.11232169242757,7.567737997367242,1.3259484371655764e-05,656.0,117.0,1374.0,2478.0,4.0,47.0,20.0,4554.0,0.0,13.0,0.0,4612.0,0.0,6.1341703331533015,0.0,17408.865829666847
2018-06-09,2018,4625.0,141.8346155411795,7.537181053724616,1.0951929217542756e-05,626.0,233.0,1372.0,2394.0,7.0,27.0,23.0,4568.0,0.0,3.0,0.0,4622.0,0.0,6.62142550940103,0.0,17408.378574490598
2018-06-10,2018,4625.0,158.7796691689895,8.066660115426357,2.3076504521946153e-05,608.0,452.0,1184.0,2381.0,0.0,49.0,2.0,4574.0,0.0,7.0,0.0,4618.0,0.0,9.162934014799216,0.0,17405.8370659852
2018-06-11,2018,4625.0,221.59974140239564,8.222002710845782,8.24406105954704e-05,425.0,489.0,1034.0,2677.0,1.0,55.0,24.0,4545.0,0.0,11.0,0.0,4614.0,5.547344503165075e-05,10.49462586486892,0.9999445265549683,17403.50537413513
2018-06-12,2018,4625.0,194.74039411495178,6.4808213723501025,3.4435855058898535e-05,484.0,427.0,464.0,3250.0,29.0,56.0,26.0,4514.0,0.0,21.0,1.0,4603.0,0.0,13.353324585668823,0.0,17401.646675414333
2018-06-13,2018,4625.0,155.6965171773392,5.227473599794827,1.8601316863408396e-05,404.0,462.0,159.0,3600.0,6.0,51.0,35.0,4533.0,0.0,12.0,0.0,4613.0,0.0,8.416821899729738,0.0,17406.58317810027
2018-06-14,2018,4625.0,156.48808200424844,4.116091704825911,6.502188155996526e-06,451.0,200.0,81.0,3893.0,0.0,80.0,13.0,4532.0,0.0,19.0,0.0,4606.0,0.0,3.4101960840435637,0.0,17411.589803915955
2018-06-15,2018,4625.0,138.33766638086811,3.8628232721427285,3.2817060834533956e-06,376.0,115.0,163.0,3971.0,6.0,67.0,29.0,4523.0,0.0,8.0,0.0,4617.0,0.0,1.9285348027378353,0.0,17413.07146519726
2018-06-16,2018,4625.0,77.21762478226876,3.3783153090112337,3.876963568402681e-06,349.0,265.0,160.0,3851.0,5.0,28.0,28.0,4564.0,0.0,0.0,0.0,4625.0,0.0,2.223905159637429,0.0,17412.776094840363
2018-06-17,2018,4625.0,78.1090676863234,3.3031889030004016,4.3540757098423675e-07,264.0,227.0,169.0,3965.0,1.0,33.0,7.0,4584.0,0.0,3.0,0.0,4622.0,0.0,0.5277799883207587,0.0,17414.472220011674
2018-06-18,2018,4625.0,47.28617636597925,2.9499121753152413,5.1584104554165854e-08,219.0,200.0,145.0,4061.0,0.0,9.0,1.0,4615.0,0.0,2.0,0.0,4623.0,0.0,0.300840308518586,0.0,17414.69915969148
2018-06-19,2018,4625.0,32.323030432220875,3.025047225439708,3.588508015133987e-08,164.0,192.0,235.0,4034.0,0.0,6.0,1.0,4618.0,0.0,0.0,0.0,4625.0,0.0,0.3272062385910366,0.0,17414.67279376141
2018-06-20,2018,4625.0,62.618111519563065,4.5062935908688635,6.820203073722696e-08,172.0,243.0,755.0,3455.0,0.0,12.0,1.0,4612.0,0.0,1.0,0.0,4624.0,0.0,0.41726381816404434,0.0,17414.582736181837
2018-06-21,2018,4625.0,95.96370512053524,5.594809798616036,1.3233711858762485e-07,384.0,146.0,946.0,3149.0,0.0,16.0,2.0,4607.0,0.0,2.0,0.0,4623.0,0.0,0.3708437589574619,0.0,17414.62915624104
2018-06-22,2018,4625.0,110.0431165722102,5.804905760062957,1.826925740369876e-07,620.0,246.0,878.0,2881.0,0.0,28.0,3.0,4594.0,0.0,3.0,0.0,4622.0,0.0,0.28941033099673164,0.0,17414.710589669005
2018-06-23,2018,4625.0,146.6816271526602,6.252868817891182,5.762978793166493e-05,647.0,248.0,830.0,2900.0,0.0,40.0,5.0,4580.0,0.0,7.0,0.0,4618.0,6.567182782568626e-05,0.31197442511171514,0.9999343281721743,17413.68802557489
2018-06-24,2018,4625.0,129.91949129878583,6.365742936184856,0.00011519711961460968,636.0,128.0,1224.0,2637.0,0.0,34.0,7.0,4584.0,0.0,4.0,0.0,4621.0,7.07441543509324e-05,0.5521306133322667,1.999929255845649,17412.44786938667
2018-06-25,2018,4625.0,152.03508829509255,7.383112471630007,5.7403604970960804e-05,628.0,115.0,1476.0,2406.0,0.0,45.0,0.0,4580.0,0.0,13.0,0.0,4612.0,0.0007087025360820176,0.3897430739916429,0.999291297463918,17413.610256926007
2018-06-26,2018,4625.0,382.8064679150013,10.884840024215556,0.00017251035586471648,968.0,183.0,1448.0,2026.0,0.0,138.0,2.0,4485.0,0.0,42.0,0.0,4583.0,0.00020829912830067077,0.5206130720169354,2.9997917008716994,17411.479386927982
2018-06-27,2018,4625.0,217.99928709852003,10.382822227031392,2.9567940689600915e-09,1248.0,253.0,1509.0,1615.0,0.0,56.0,0.0,4569.0,0.0,4.0,0.0,4621.0,0.0,0.3735821146339484,0.0,17414.626417885367
2018-06-28,2018,4625.0,250.7181380627557,9.713422658039084,5.7410179120226214e-05,1602.0,476.0,947.0,1600.0,0.0,83.0,0.0,4542.0,0.0,12.0,0.0,4613.0,0.0001650641852027901,0.3038054053330249,0.9998349358147972,17413.696194594668
2018-06-29,2018,4625.0,229.1114475737811,9.003612757983198,3.674628427863658e-08,844.0,859.0,576.0,2346.0,0.0,81.0,1.0,4543.0,0.0,3.0,0.0,4622.0,0.0,0.2181005893792014,0.0,17414.78189941062
2018-06-30,2018,4625.0,97.12225924085335,6.526665997212274,4.193650121576147e-08,295.0,772.0,707.0,2851.0,0.0,5.0,1.0,4619.0,0.0,0.0,0.0,4625.0,0.0,0.14977218228643907,0.0,17414.85022781771
2018-07-01,2018,4625.0,169.20313567446698,6.957037799938168,0.00011742222289831046,482.0,273.0,912.0,2958.0,14.0,65.0,10.0,4536.0,0.0,22.0,0.0,4603.0,0.0009190572107058426,1.721352218043342,1.9990809427892942,17411.278647781957
2018-07-02,2018,4625.0,311.539963386436,8.607197713039524,0.00024913494162978264,852.0,340.0,841.0,2592.0,18.0,99.0,22.0,4486.0,0.0,41.0,0.0,4584.0,0.0011083976341357271,5.926170550704338,3.9988916023658643,17405.0738294493
2018-07-03,2018,4625.0,254.04903476585145,9.257469063877307,3.183573134019052e-06,942.0,474.0,997.0,2212.0,2.0,94.0,18.0,4511.0,0.0,9.0,0.0,4616.0,0.0,1.9133912783159048,0.0,17413.086608721685
2018-07-04,2018,4625.0,232.57515929372246,8.06586086314211,0.0002865770936933668,692.0,542.0,1120.0,2271.0,0.0,66.0,2.0,4557.0,0.0,28.0,0.0,4597.0,0.009020955837418354,0.7019329292559979,4.990979044162581,17409.298067070744
2018-07-05,2018,4625.0,191.9711764645174,7.740998029057151,7.373904047986295e-08,722.0,411.0,1112.0,2380.0,0.0,60.0,2.0,4563.0,0.0,17.0,0.0,4608.0,0.0,0.6638544030510539,0.0,17414.33614559695
2018-07-06,2018,4625.0,157.6555465359589,7.440250852007921,1.2942749101900145e-08,698.0,250.0,1160.0,2517.0,0.0,49.0,0.0,4576.0,0.0,8.0,0.0,4617.0,0.0,0.6182017228461013,0.0,17414.381798277154
2018-07-07,2018,4625.0,315.36912991026395,8.468403225777582,0.00017221330002892277,840.0,161.0,991.0,2633.0,0.0,95.0,0.0,4530.0,0.0,38.0,0.0,4587.0,0.0005325321390319271,0.3986730754034157,2.999467467860968,17411.601326924596
2018-07-08,2018,4625.0,204.45390416505083,7.378073783039965,0.0001148618687037974,1008.0,199.0,856.0,2562.0,0.0,52.0,0.0,4573.0,0.0,18.0,0.0,4607.0,0.00017313786534500775,0.29421167495216727,1.9998268621346549,17412.70578832505
2018-07-09,2018,4625.0,140.14019651307424,6.942137457649609,5.774790815582899e-05,974.0,106.0,994.0,2551.0,2.0,56.0,1.0,4566.0,0.0,6.0,0.0,4619.0,7.188144045577882e-05,0.49874253497926047,0.9999281185595442,17413.501257465017
2018-07-10,2018,4625.0,201.24260615287173,9.075987789606678,5.772557410499379e-05,1016.0,230.0,1363.0,2016.0,0.0,79.0,5.0,4541.0,0.0,10.0,0.0,4615.0,0.0007049214931249548,0.7086764858503921,0.999295078506875,17413.29132351415
2018-07-11,2018,4625.0,246.53791688608842,10.461627032586199,3.1313287706776645e-08,1084.0,185.0,1783.0,1573.0,0.0,103.0,1.0,4521.0,0.0,14.0,0.0,4611.0,0.0,0.46061807934324783,0.0,17414.53938192066
2018-07-12,2018,4625.0,279.2537932444351,11.18130229617901,5.5755481037113514e-09,1398.0,176.0,1524.0,1527.0,0.0,106.0,0.0,4519.0,0.0,10.0,0.0,4615.0,0.0,0.49574329564562924,0.0,17414.504256704357
2018-07-13,2018,4625.0,295.08560316402765,10.504797962254168,3.4671281393145153e-07,1502.0,350.0,1337.0,1436.0,8.0,125.0,1.0,4491.0,0.0,23.0,0.0,4602.0,0.0,0.691015843503133,0.0,17414.308984156494
2018-07-14,2018,4625.0,193.30152900221245,9.33190519108582,1.235641486121604e-06,1149.0,354.0,1482.0,1640.0,16.0,61.0,9.0,4539.0,0.0,11.0,0.0,4614.0,0.0,1.8021922968166861,0.0,17413.197807703185
2018-07-15,2018,4625.0,246.62396585129187,9.796371727239778,0.00012247366378465404,1399.0,218.0,1286.0,1722.0,22.0,72.0,38.0,4493.0,0.0,17.0,0.0,4608.0,0.0039634753450712434,5.220086344248364,1.9960365246549288,17407.77991365575
2018-07-16,2018,4625.0,344.805770078322,11.226940662468918,0.0001645936409181872,1299.0,271.0,1420.0,1635.0,21.0,170.0,27.0,4407.0,0.0,48.0,0.0,4577.0,0.11652956782083568,3.4196583336633823,2.8834704321791644,17408.580341666333
2018-07-17,2018,4625.0,333.4832099406526,10.32574893499327,0.00016876310617670994,1307.0,563.0,890.0,1865.0,14.0,144.0,3.0,4464.0,0.0,25.0,0.0,4600.0,0.03684466448639723,0.883528151402533,2.9631553355136027,17411.116471848596
2018-07-18,2018,4625.0,282.3430390350556,8.394934272353616,0.00028712131717429154,871.0,456.0,963.0,2335.0,0.0,94.0,0.0,4531.0,0.0,22.0,0.0,4603.0,0.004028981909073415,0.8027692395933754,4.995971018090927,17409.19723076041
2018-07-19,2018,4625.0,155.16907765911245,8.249689117400326,4.420378012650007e-06,870.0,105.0,1555.0,2095.0,0.0,42.0,0.0,4583.0,0.0,0.0,0.0,4625.0,0.0,3.1672589395088084,0.0,17411.83274106049
2018-07-20,2018,4625.0,245.21362553103327,10.835257562597185,3.6462899070460808e-06,1051.0,117.0,1979.0,1478.0,4.0,62.0,19.0,4540.0,0.0,0.0,0.0,4625.0,0.0,3.073226002240284,0.0,17411.92677399776
2018-07-21,2018,4625.0,301.98715280837325,11.264900252944026,0.000115123239785604,1345.0,140.0,1849.0,1291.0,2.0,127.0,5.0,4491.0,0.0,23.0,0.0,4602.0,0.00028150221854095214,0.8138760930324452,1.999718497781459,17412.18612390697
2018-07-22,2018,4625.0,524.9922181408218,12.423258192630648,0.0006083599367749211,1520.0,241.0,1445.0,1419.0,16.0,162.0,7.0,4440.0,0.0,32.0,0.0,4593.0,0.20967410799048458,0.8947927745131329,10.790325892009514,17403.105207225486
2018-07-23,2018,4625.0,176.808180390182,8.956791157447954,4.344669934879261e-09,1427.0,342.0,1069.0,1787.0,0.0,40.0,0.0,4585.0,0.0,0.0,0.0,4625.0,0.0,0.3513169732983469,0.0,17414.648683026702
2018-07-24,2018,4625.0,153.4022863680264,7.7920183898530135,3.2353803587213297e-09,1206.0,235.0,1003.0,2181.0,0.0,65.0,0.0,4560.0,0.0,0.0,0.0,4625.0,0.0,0.31000835063890386,0.0,17414.689991649364
2018-07-25,2018,4625.0,172.68224173799933,8.244514284041843,7.262295416965077e-09,1064.0,292.0,1269.0,2000.0,0.0,53.0,0.0,4572.0,0.0,5.0,0.0,4620.0,0.0,0.39727343364053636,0.0,17414.602726566358
2018-07-26,2018,4625.0,233.53518111321577,8.255053027110982,5.738749486232899e-05,1537.0,318.0,570.0,2200.0,0.0,111.0,0.0,4514.0,0.0,17.0,0.0,4608.0,0.0004001556586098465,0.45370602290477735,0.9995998443413902,17413.546293977095
2018-07-27,2018,4625.0,154.3767700824969,6.432369425350705,5.740907308920824e-05,1102.0,169.0,852.0,2502.0,0.0,53.0,0.0,4572.0,0.0,10.0,0.0,4615.0,0.0001422677902519487,0.32549041885250085,0.999857732209748,17413.674509581146
2018-07-28,2018,4625.0,157.74419079396316,6.792629584468172,4.238734001770428e-08,775.0,149.0,970.0,2731.0,0.0,49.0,0.0,4576.0,0.0,9.0,0.0,4616.0,0.0,0.3046579296387637,0.0,17414.69534207036
2018-07-29,2018,4625.0,146.92362178369837,6.6551526801776335,2.0201096775309045e-09,825.0,115.0,865.0,2820.0,0.0,52.0,0.0,4573.0,0.0,6.0,0.0,4619.0,0.0,0.26407383982560206,0.0,17414.735926160174
2018-07-30,2018,4625.0,150.3626775436,6.200721801068531,4.152464138935007e-09,950.0,76.0,679.0,2920.0,0.0,62.0,0.0,4563.0,0.0,9.0,0.0,4616.0,0.0,0.3910133559407688,0.0,17414.60898664406
2018-07-31,2018,4625.0,140.39195392334983,6.150288229652693,1.1165118069829005e-08,899.0,132.0,573.0,3021.0,0.0,45.0,0.0,4580.0,0.0,9.0,0.0,4616.0,0.0,0.5354623200688248,0.0,17414.46453767993
2018-08-01,2018,4625.0,142.3338449501791,6.19591987998809,2.3003541136314202e-07,803.0,256.0,493.0,3073.0,0.0,41.0,0.0,4584.0,0.0,4.0,0.0,4621.0,0.0,0.5503674829210702,0.0,17414.449632517077
2018-08-02,2018,4625.0,142.83809102419636,6.095978057729665,3.071618658731529e-07,689.0,406.0,424.0,3106.0,0.0,50.0,0.0,4575.0,0.0,3.0,0.0,4622.0,0.0,0.45823549942409136,0.0,17414.541764500576
2018-08-03,2018,4625.0,96.68667614382822,4.60605039681868,2.066723453056625e-09,494.0,314.0,454.0,3363.0,0.0,31.0,0.0,4594.0,0.0,2.0,0.0,4623.0,0.0,0.21431785787869406,0.0,17414.78568214212
2018-08-04,2018,4625.0,58.129381611091816,4.024985804166022,2.988992242991061e-09,453.0,200.0,610.0,3362.0,0.0,7.0,0.0,4618.0,0.0,0.0,0.0,4625.0,0.0,0.2577980529529902,0.0,17414.742201947047
2018-08-05,2018,4625.0,135.86161394866662,5.899351121494315,9.432999339217857e-07,537.0,158.0,786.0,3144.0,0.0,36.0,16.0,4573.0,0.0,2.0,0.0,4623.0,0.0,0.8732356769519026,0.0,17414.126764323046
2018-08-06,2018,4625.0,197.91174726090793,6.965027913981015,0.00017277722675389197,761.0,88.0,953.0,2823.0,2.0,39.0,8.0,4576.0,0.0,9.0,0.0,4616.0,7.703297375327711e-05,0.8428941355086663,2.999922967026247,17411.15710586449
2018-08-07,2018,4625.0,146.03847844342826,7.3082362958289515,8.455967115976781e-09,1037.0,145.0,1181.0,2262.0,0.0,25.0,0.0,4600.0,0.0,2.0,0.0,4623.0,0.0,0.3182335706293925,0.0,17414.68176642937
2018-08-08,2018,4625.0,222.6084791347072,9.224551274429503,1.324371968432915e-09,855.0,841.0,901.0,2028.0,0.0,68.0,0.0,4557.0,0.0,3.0,0.0,4622.0,0.0,0.17098849736979638,0.0,17414.82901150263
2018-08-09,2018,4625.0,226.66950243982222,6.97182888994979,0.0003445038789137527,441.0,779.0,460.0,2945.0,0.0,50.0,0.0,4575.0,0.0,15.0,0.0,4610.0,0.00023640123056167806,0.10627184671516599,5.999763598769438,17408.893728153285
2018-08-10,2018,4625.0,90.37662247247698,6.2210138170037865,2.6108439733582753e-09,321.0,342.0,1189.0,2773.0,0.0,20.0,0.0,4605.0,0.0,2.0,0.0,4623.0,0.0,0.22449601037683653,0.0,17414.775503989622
2018-08-11,2018,4625.0,197.4519337398493,9.22610466131188,2.04329761862288e-08,669.0,225.0,1613.0,2118.0,0.0,51.0,0.0,4574.0,0.0,2.0,0.0,4623.0,0.0,0.5696557638652283,0.0,17414.430344236134
2018-08-12,2018,4625.0,450.3540015300426,10.624810236931898,0.000345105803322287,1265.0,206.0,1048.0,2106.0,1.0,152.0,12.0,4460.0,0.0,40.0,0.0,4585.0,0.0001245596504797497,1.069638466594322,5.999875440349521,17407.930361533407
2018-08-13,2018,4625.0,299.7222681411087,8.709933667289334,0.00023090501989167904,1332.0,139.0,978.0,2176.0,17.0,134.0,3.0,4471.0,0.0,36.0,0.0,4589.0,0.0011751724980708644,1.3492191529599686,3.998824827501929,17409.65078084704
2018-08-14,2018,4625.0,149.55110109577515,6.901263611753067,0.00021877193753616712,987.0,204.0,1121.0,2313.0,14.0,64.0,4.0,4543.0,0.0,18.0,0.0,4607.0,0.10891636538656402,1.6881734661647503,3.8910836346134356,17409.311826533834
2018-08-15,2018,4625.0,273.77636674847474,10.337674527269124,0.0003983004906527241,770.0,226.0,1961.0,1668.0,29.0,65.0,10.0,4521.0,0.0,42.0,0.0,4583.0,0.05497995809824974,1.9675916418478736,6.945020041901751,17406.03240835815
2018-08-16,2018,4625.0,521.8203767240644,11.477379326860358,0.0009165002743960021,1322.0,487.0,838.0,1978.0,15.0,175.0,2.0,4433.0,0.0,59.0,0.0,4566.0,0.02543125052143491,1.1458985446045578,15.974568749478564,17397.854101455392
2018-08-17,2018,4625.0,392.1827508965444,9.525242462091887,5.742234535695276e-05,768.0,407.0,676.0,2774.0,0.0,225.0,0.0,4400.0,0.0,58.0,0.0,4567.0,0.0007798864084641588,0.5964342555886162,0.9992201135915358,17413.40356574441
2018-08-18,2018,4625.0,112.04153672720555,6.5406083591516175,3.2408201954800573e-09,682.0,242.0,1104.0,2597.0,0.0,40.0,0.0,4585.0,0.0,1.0,0.0,4624.0,0.0,0.4019148924878567,0.0,17414.59808510751
2018-08-19,2018,4625.0,143.20528414390606,8.63050294751679,7.217632427886142e-09,707.0,331.0,1807.0,1780.0,0.0,28.0,0.0,4597.0,0.0,1.0,0.0,4624.0,0.0,0.4365411885430267,0.0,17414.563458811455
2018-08-20,2018,4625.0,303.497117361679,10.422913952482842,5.7391910462493666e-05,1387.0,130.0,1419.0,1689.0,0.0,129.0,0.0,4496.0,0.0,30.0,0.0,4595.0,0.00028001425388080037,0.27715163615943883,0.9997199857461192,17413.72284836384
2018-08-21,2018,4625.0,326.4451131769275,9.781046668780908,5.7444543023137037e-05,1458.0,456.0,825.0,1886.0,0.0,172.0,0.0,4453.0,0.0,26.0,0.0,4599.0,0.00015639716496773648,0.2852377100373321,0.9998436028350323,17413.71476228996
2018-08-22,2018,4625.0,296.15215682050126,9.010760556056258,5.351336791694709e-10,716.0,419.0,1306.0,2184.0,0.0,114.0,0.0,4511.0,0.0,18.0,0.0,4607.0,0.0,0.15301361005889424,0.0,17414.84698638994
2018-08-23,2018,4625.0,138.42534068297056,7.602043254198267,2.5179358987500213e-09,835.0,261.0,1315.0,2214.0,0.0,26.0,0.0,4599.0,0.0,1.0,0.0,4624.0,0.0,0.29357366206535906,0.0,17414.706426337936
2018-08-24,2018,4625.0,268.4001097522277,8.931805353967661,0.00017225579185475582,847.0,176.0,1405.0,2197.0,0.0,65.0,0.0,4560.0,0.0,17.0,0.0,4608.0,0.00013309391669413806,0.46410886586176436,2.999866906083306,17411.53589113414
2018-08-25,2018,4625.0,178.7019554543098,8.299615724434746,1.2265070399360156e-08,1104.0,164.0,1054.0,2303.0,0.0,55.0,0.0,4570.0,0.0,3.0,0.0,4622.0,0.0,0.5987374671468008,0.0,17414.401262532854
2018-08-26,2018,4625.0,165.65910732548863,7.65420407850735,4.709908641391248e-07,1022.0,268.0,995.0,2340.0,0.0,49.0,0.0,4576.0,0.0,7.0,0.0,4618.0,0.0,0.8969523594430262,0.0,17414.103047640558
2018-08-27,2018,4625.0,175.90576074181885,7.6217373053346105,1.202966497492005e-07,950.0,322.0,949.0,2404.0,0.0,79.0,3.0,4543.0,0.0,21.0,0.0,4604.0,0.0,0.659147149669883,0.0,17414.340852850328
2018-08-28,2018,4625.0,222.77318390449318,9.033140704870174,4.1903532959957436e-07,805.0,272.0,1485.0,2063.0,0.0,41.0,9.0,4575.0,0.0,6.0,0.0,4619.0,0.0,0.8023815521157845,0.0,17414.197618447884
2018-08-29,2018,4625.0,130.99950644364662,7.002767525022299,3.837352718104848e-08,709.0,568.0,866.0,2482.0,0.0,14.0,0.0,4611.0,0.0,3.0,0.0,4622.0,0.0,0.31296748403009045,0.0,17414.68703251597
2018-08-30,2018,4625.0,87.00895952875558,5.636490738167445,1.7232907432678607e-09,494.0,406.0,967.0,2758.0,0.0,16.0,0.0,4609.0,0.0,2.0,0.0,4623.0,0.0,0.23094280155186941,0.0,17414.76905719845
2018-08-31,2018,4625.0,114.69769410358566,6.29368477113788,1.2384126505122325e-09,873.0,242.0,1014.0,2496.0,0.0,25.0,0.0,4600.0,0.0,1.0,0.0,4624.0,0.0,0.23688504395551202,0.0,17414.763114956048
2018-09-01,2018,4625.0,194.4594179335282,7.206219762834466,2.7453849682076443e-09,1049.0,235.0,911.0,2430.0,0.0,65.0,0.0,4560.0,0.0,15.0,0.0,4610.0,0.0,0.20428170513712063,0.0,17414.79571829486
2018-09-02,2018,4625.0,183.30405391395144,6.951507322190114,0.00011497032485652935,975.0,243.0,1050.0,2357.0,0.0,55.0,0.0,4570.0,0.0,12.0,0.0,4613.0,0.00010558307850017101,0.2415712588589326,1.9998944169214998,17412.758428741145
2018-09-03,2018,4625.0,112.27548565297856,5.818832544560869,5.742073822465183e-05,835.0,286.0,897.0,2607.0,0.0,21.0,0.0,4604.0,0.0,3.0,0.0,4622.0,1.5973597467633383e-05,0.1802039900470861,0.9999840264025324,17413.81979600995
2018-09-04,2018,4625.0,78.56207850599073,5.292406553968562,8.914550115474807e-09,657.0,291.0,851.0,2826.0,0.0,6.0,0.0,4619.0,0.0,0.0,0.0,4625.0,0.0,0.40600901629619646,0.0,17414.593990983703
2018-09-05,2018,4625.0,93.43482816469975,5.974847615131087,8.994819770994076e-07,531.0,176.0,1226.0,2692.0,0.0,6.0,0.0,4619.0,0.0,0.0,0.0,4625.0,0.0,1.1919116958878577,0.0,17413.80808830411
2018-09-06,2018,4625.0,213.84250458748707,6.362165801845802,0.0004021021880570849,950.0,102.0,866.0,2707.0,0.0,56.0,0.0,4569.0,0.0,15.0,0.0,4610.0,0.0008545794491567893,0.330493111400439,6.9991454205508425,17407.669506888597
2018-09-07,2018,4625.0,223.17842510256085,7.332671372917423,1.402058995309915e-07,837.0,491.0,671.0,2626.0,0.0,82.0,0.0,4543.0,0.0,12.0,0.0,4613.0,0.0,0.20082172366192874,0.0,17414.79917827634
2018-09-08,2018,4625.0,170.97486616866956,5.85712028143093,2.6975689103012076e-07,342.0,492.0,305.0,3486.0,0.0,59.0,0.0,4566.0,0.0,15.0,0.0,4610.0,0.0,0.23783007132944378,0.0,17414.76216992867
2018-09-09,2018,4625.0,94.35338848171094,4.249652806693452,6.810763005729019e-07,259.0,298.0,352.0,3716.0,0.0,30.0,4.0,4591.0,0.0,1.0,0.0,4624.0,0.0,0.44821885784661375,0.0,17414.551781142156
2018-09-10,2018,4625.0,164.14439330799604,4.282680208307126,0.0004542680215635401,346.0,147.0,279.0,3853.0,15.0,33.0,28.0,4549.0,0.0,17.0,0.0,4608.0,0.10404295643767114,2.7497142415510147,7.895957043562328,17404.250285758448
2018-09-11,2018,4625.0,88.53659116924831,4.181539897733701,5.411234403370622e-06,320.0,265.0,231.0,3809.0,4.0,22.0,36.0,4563.0,0.0,0.0,0.0,4625.0,0.0,2.4237813756397064,0.0,17412.57621862436
2018-09-12,2018,4625.0,99.16613601899893,4.409854289450408,5.621251778482293e-06,325.0,325.0,231.0,3744.0,9.0,37.0,37.0,4542.0,0.0,1.0,1.0,4623.0,0.0,2.5487075255886573,0.0,17412.451292474412
2018-09-13,2018,4625.0,93.51534969021921,3.9321247923979907,2.9173239745626115e-06,378.0,250.0,272.0,3725.0,7.0,36.0,20.0,4562.0,0.0,2.0,0.0,4623.0,0.0,1.2745143702206274,0.0,17413.72548562978
2018-09-14,2018,4625.0,103.46870738921399,3.970574431605467,2.349229488624646e-09,188.0,350.0,222.0,3865.0,0.0,34.0,0.0,4591.0,0.0,3.0,0.0,4622.0,0.0,0.20689380175455596,0.0,17414.793106198245
2018-09-15,2018,4625.0,54.474569261767904,3.1434734201458356,3.95089878450411e-10,91.0,240.0,360.0,3934.0,0.0,11.0,0.0,4614.0,0.0,0.0,0.0,4625.0,0.0,0.11273061144729335,0.0,17414.88726938855
2018-09-16,2018,4625.0,35.180859542084555,2.945866097724442,4.252435682311378e-09,89.0,214.0,256.0,4066.0,0.0,3.0,0.0,4622.0,0.0,0.0,0.0,4625.0,0.0,0.2180104312857416,0.0,17414.781989568713
2018-09-17,2018,4625.0,35.894506172892214,2.81636958930133,1.6824559938592873e-06,274.0,207.0,224.0,3920.0,0.0,3.0,0.0,4622.0,0.0,0.0,0.0,4625.0,0.0,1.52999308604416,0.0,17413.470006913958
2018-09-18,2018,4625.0,27.46091940640107,2.3463318361669474,1.2102261205911061e-05,108.0,285.0,163.0,4069.0,0.0,1.0,0.0,4624.0,0.0,0.0,0.0,4625.0,0.0,5.380947974018933,0.0,17409.61905202598
2018-09-19,2018,4625.0,26.908942296122977,2.5319673003359773,2.1497357891927988e-05,57.0,279.0,275.0,4014.0,0.0,0.0,0.0,4625.0,0.0,0.0,0.0,4625.0,0.0,7.411582671990991,0.0,17407.588417328006
2018-09-20,2018,4625.0,110.40427150432234,5.603305897959792,1.01160586630937e-05,233.0,145.0,1013.0,3234.0,0.0,6.0,8.0,4611.0,0.0,0.0,0.0,4625.0,0.0,4.26071011585515,0.0,17410.739289884146
2018-09-21,2018,4625.0,305.77994010948976,9.844436585271334,0.000172198223436298,709.0,215.0,1484.0,2217.0,0.0,76.0,5.0,4544.0,0.0,24.0,0.0,4601.0,0.0019874031162264716,0.5458777647954196,2.9980125968837736,17411.454122235205
2018-09-22,2018,4625.0,297.5725310142305,9.777833536629968,2.4144380156979107e-06,683.0,781.0,675.0,2486.0,0.0,75.0,46.0,4504.0,0.0,6.0,0.0,4619.0,0.0,1.8137724898041074,0.0,17413.186227510196
2018-09-23,2018,4625.0,251.02718657691565,7.418709870737574,1.323903424212082e-05,721.0,418.0,357.0,3129.0,82.0,82.0,62.0,4399.0,9.0,13.0,27.0,4576.0,0.0,5.177139683293864,0.0,17409.822860316708
2018-09-24,2018,4625.0,378.00491352032174,8.366114235285744,0.0001733437113532662,533.0,598.0,255.0,3239.0,0.0,121.0,20.0,4484.0,0.0,30.0,0.0,4595.0,0.0009065759623329006,0.8603524193760295,2.999093424037667,17411.13964758062
2018-09-25,2018,4625.0,208.4372216593697,6.095107417450101,2.0106035088997635e-07,193.0,503.0,386.0,3543.0,0.0,67.0,4.0,4554.0,0.0,11.0,0.0,4614.0,0.0,0.18732759132705523,0.0,17414.812672408672
2018-09-26,2018,4625.0,106.20425598205487,3.6940481360567534,5.529524862520723e-07,310.0,197.0,386.0,3732.0,0.0,25.0,11.0,4589.0,0.0,6.0,0.0,4619.0,0.0,0.37474064564810705,0.0,17414.625259354354
2018-09-27,2018,4625.0,62.054715904899574,3.4431036720807238,2.427675632806144e-07,269.0,228.0,315.0,3813.0,0.0,8.0,4.0,4613.0,0.0,0.0,0.0,4625.0,0.0,0.1923514477569923,0.0,17414.807648552247
2018-09-28,2018,4625.0,40.92633720488289,3.0724269690216497,1.066901619471371e-07,156.0,183.0,327.0,3959.0,0.0,1.0,2.0,4622.0,0.0,0.0,0.0,4625.0,0.0,0.12916148887433898,0.0,17414.870838511124
2018-09-29,2018,4625.0,41.22627294031089,2.6682491885821262,3.139201290820544e-08,207.0,190.0,197.0,4031.0,0.0,7.0,1.0,4617.0,0.0,0.0,0.0,4625.0,0.0,0.06210607869873641,0.0,17414.9378939213
2018-09-30,2018,4625.0,30.149737822413268,2.13548129437381,2.721616577776504e-08,78.0,122.0,199.0,4226.0,0.0,4.0,1.0,4620.0,0.0,0.0,0.0,4625.0,0.0,0.07082437548698872,0.0,17414.929175624515
2020-06-04,2020,4625.0,289.5172941425046,9.419902313258024,6.973515470193872e-08,663.0,367.0,818.0,2777.0,0.0,65.0,1.0,4559.0,0.0,8.0,0.0,4617.0,0.0,0.7769708537796288,0.0,17414.22302914622
2020-06-05,2020,4625.0,233.5796888650428,7.648851742699167,3.6034681561285794e-07,455.0,749.0,392.0,3029.0,0.0,63.0,13.0,4549.0,0.0,2.0,0.0,4623.0,0.0,1.1857567638844801,0.0,17413.814243236113
2020-06-06,2020,4625.0,158.9994032943975,5.694496572419411,3.5745461245062485e-08,332.0,600.0,145.0,3548.0,0.0,46.0,5.0,4574.0,0.0,8.0,0.0,4617.0,0.0,0.4790559892653634,0.0,17414.520944010736
2020-06-07,2020,4625.0,64.96727867952707,3.6403931509731446,2.636644804323431e-08,198.0,334.0,138.0,3955.0,0.0,27.0,2.0,4596.0,0.0,1.0,0.0,4624.0,0.0,0.4633616487680584,0.0,17414.536638351234
2020-06-08,2020,4625.0,46.36805523210593,3.3420674187320856,8.619468225511115e-09,112.0,363.0,240.0,3910.0,0.0,5.0,1.0,4619.0,0.0,0.0,0.0,4625.0,0.0,0.2594885758832619,0.0,17414.74051142412
2020-06-09,2020,4625.0,62.163064225786016,3.924979709279486,7.39640049015898e-09,87.0,254.0,399.0,3885.0,0.0,5.0,0.0,4620.0,0.0,1.0,0.0,4624.0,0.0,0.3437795979705832,0.0,17414.65622040203
2020-06-10,2020,4625.0,64.65881754178906,5.270570323501949,6.441300971836172e-08,210.0,118.0,1074.0,3223.0,0.0,0.0,0.0,4625.0,0.0,0.0,0.0,4625.0,0.0,0.8130519786483814,0.0,17414.18694802135
2020-06-11,2020,4625.0,138.84415476300356,7.109086122516796,9.700129899776847e-08,854.0,267.0,881.0,2623.0,0.0,42.0,0.0,4583.0,0.0,2.0,0.0,4623.0,0.0,0.946524351880069,0.0,17414.05347564812
2020-06-12,2020,4625.0,129.43540461633373,7.318096502735852,1.3043403703559096e-07,957.0,218.0,1134.0,2316.0,0.0,18.0,6.0,4601.0,0.0,1.0,0.0,4624.0,0.0,0.9086607867712316,0.0,17414.091339213228
2020-06-13,2020,4625.0,112.74085990466311,6.6930309104796635,7.851316013429582e-09,1052.0,224.0,938.0,2411.0,0.0,18.0,0.0,4607.0,0.0,4.0,0.0,4621.0,0.0,0.41554092733208814,0.0,17414.584459072667
2020-06-14,2020,4625.0,110.39761796690567,6.928227048355006,2.9595052681479783e-09,859.0,184.0,1245.0,2337.0,0.0,17.0,0.0,4608.0,0.0,1.0,0.0,4624.0,0.0,0.3511595187677692,0.0,17414.648840481233
2020-06-15,2020,4625.0,125.24872683907114,7.279215011015544,6.610503070759807e-09,921.0,312.0,1210.0,2182.0,0.0,13.0,0.0,4612.0,0.0,0.0,0.0,4625.0,0.0,0.531618290364163,0.0,17414.468381709637
2020-06-16,2020,4625.0,164.50802293414048,7.507527806150856,3.1203980241974056e-07,1215.0,340.0,647.0,2423.0,0.0,39.0,3.0,4583.0,0.0,3.0,0.0,4622.0,0.0,1.5291769501704549,0.0,17413.47082304983
2020-06-17,2020,4625.0,227.53326876993856,8.283149753892092,5.796206100026769e-05,1065.0,448.0,582.0,2530.0,0.0,71.0,9.0,4545.0,0.0,9.0,0.0,4616.0,0.0006719858262134171,2.208561903580419,0.9993280141737866,17411.79143809642
2020-06-18,2020,4625.0,179.2752513153902,6.6234486540672926,5.759775151189182e-05,863.0,342.0,506.0,2914.0,0.0,75.0,2.0,4548.0,0.0,17.0,0.0,4608.0,0.000259002878409742,1.4552816558288724,0.9997409971215903,17412.544718344172
2020-06-19,2020,4625.0,174.50989626032884,7.107813316089762,1.0453274787922165e-07,725.0,408.0,624.0,2868.0,0.0,47.0,1.0,4577.0,0.0,7.0,0.0,4618.0,0.0,0.9420147430422615,0.0,17414.05798525696
2020-06-20,2020,4625.0,124.93148117264873,6.612714581571131,4.508515394343672e-08,742.0,286.0,781.0,2816.0,0.0,28.0,0.0,4597.0,0.0,1.0,0.0,4624.0,0.0,0.7548164391075568,0.0,17414.24518356089
2020-06-21,2020,4625.0,149.50929933606344,6.652141661829002,1.7809732728258888e-07,828.0,282.0,737.0,2778.0,4.0,33.0,18.0,4570.0,0.0,4.0,0.0,4621.0,0.0,0.9886702027117457,0.0,17414.011329797286
2020-06-22,2020,4625.0,195.59782662145884,7.391986900225247,2.810214207983901e-08,820.0,253.0,903.0,2649.0,0.0,83.0,3.0,4539.0,0.0,14.0,0.0,4611.0,0.0,0.4932840922635259,0.0,17414.506715907737
2020-06-23,2020,4625.0,137.80277938477238,6.743757417318664,1.4482342844526056e-08,777.0,418.0,826.0,2604.0,0.0,42.0,2.0,4581.0,0.0,4.0,0.0,4621.0,0.0,0.25065884452800846,0.0,17414.74934115547
2020-06-24,2020,4625.0,153.05398693332606,7.287241556264012,0.00011487017196913174,677.0,315.0,998.0,2635.0,0.0,36.0,4.0,4585.0,0.0,12.0,0.0,4613.0,4.361405286812392e-05,0.4119591703552329,1.9999563859471319,17412.588040829643
2020-06-25,2020,4625.0,257.8407404677166,8.783934258018215,0.00017175182703479998,671.0,367.0,1155.0,2432.0,19.0,65.0,44.0,4497.0,1.0,34.0,4.0,4586.0,0.00971685462553662,1.288189085238793,2.9902831453744634,17410.71181091476
2020-06-26,2020,4625.0,245.0270707069702,8.370226837617729,0.00017161663520749715,1021.0,429.0,710.0,2465.0,36.0,74.0,58.0,4457.0,0.0,19.0,6.0,4600.0,0.014208125090143908,1.8623548419481941,2.985791874909856,17410.13764515805
2020-06-27,2020,4625.0,335.6390344672108,8.558178733220803,0.000569187360840937,878.0,408.0,1061.0,2278.0,19.0,78.0,10.0,4518.0,0.0,41.0,0.0,4584.0,0.04677584803167911,0.8751185235012422,9.953224151968321,17404.1248814765
2020-06-28,2020,4625.0,220.67245033921176,7.371462895010401,0.00017221826058484466,1011.0,259.0,1155.0,2200.0,0.0,47.0,0.0,4578.0,0.0,6.0,0.0,4619.0,0.00047410237761480456,0.3359970881229607,2.999525897622385,17411.66400291188
2020-06-29,2020,4625.0,155.6967626122822,7.726489505629869,4.918679639975518e-09,908.0,365.0,1353.0,1999.0,0.0,43.0,0.0,4582.0,0.0,0.0,0.0,4625.0,0.0,0.4008462125845431,0.0,17414.599153787414
2020-06-30,2020,4625.0,142.51874130017146,7.0974772321200765,1.0554227191437464e-08,741.0,456.0,1056.0,2372.0,0.0,28.0,1.0,4596.0,0.0,3.0,0.0,4622.0,0.0,0.4509096662128659,0.0,17414.549090333785
2020-07-01,2020,4625.0,102.14976369229544,6.224913744817535,2.3697419016134206e-08,405.0,553.0,853.0,2814.0,0.0,11.0,4.0,4610.0,0.0,0.0,0.0,4625.0,0.0,0.30931300388763083,0.0,17414.690686996113
2020-07-02,2020,4625.0,169.70805621568846,7.065646125616563,5.7441097866406176e-05,531.0,281.0,1053.0,2760.0,2.0,54.0,4.0,4565.0,0.0,14.0,0.0,4611.0,0.0002615913424840466,0.5562583031404137,0.999738408657516,17413.443741696858
2020-07-03,2020,4625.0,134.60609136252245,7.560636916188863,8.696341875965286e-08,770.0,162.0,1652.0,2041.0,0.0,35.0,4.0,4586.0,0.0,7.0,0.0,4618.0,0.0,0.8788243251316363,0.0,17414.121175674867
2020-07-04,2020,4625.0,212.71463762306377,10.276680027938324,2.4726759693442613e-07,1135.0,229.0,1872.0,1389.0,5.0,48.0,9.0,4563.0,0.0,1.0,0.0,4624.0,0.0,1.3036488796556396,0.0,17413.696351120347
2020-07-05,2020,4625.0,269.1998960014634,11.418808262959804,5.80561051364503e-05,1410.0,343.0,1710.0,1162.0,1.0,56.0,12.0,4556.0,0.0,14.0,0.0,4611.0,0.0006253041021211381,1.9719923291930317,0.9993746958978789,17412.028007670808
2020-07-06,2020,4625.0,322.3907296780561,10.312864945624463,0.0004493967833914375,1521.0,408.0,1165.0,1531.0,29.0,87.0,7.0,4502.0,0.0,20.0,0.0,4605.0,0.09652712739186364,2.195905476392805,7.903472872608136,17404.804094523606
2020-07-07,2020,4625.0,307.9299439972823,9.031021578949414,0.0005677096247249982,1334.0,343.0,835.0,2113.0,11.0,104.0,5.0,4505.0,0.0,30.0,0.0,4595.0,0.06840747082255605,2.2926246839994007,9.931592529177445,17402.707375316
2020-07-08,2020,4625.0,344.6540928238494,9.55223340291,0.00045307821567599355,905.0,337.0,1389.0,1994.0,0.0,98.0,5.0,4522.0,0.0,29.0,0.0,4596.0,0.0653450580573317,2.202761904303234,7.934654941942668,17404.797238095696
2020-07-09,2020,4625.0,233.55237732273812,9.697930482068442,1.0272924486010527e-06,1017.0,601.0,1238.0,1769.0,19.0,77.0,40.0,4489.0,0.0,11.0,1.0,4613.0,0.0,2.033250273829532,0.0,17412.96674972617
2020-07-10,2020,4625.0,349.4727031293893,10.217627540559024,0.0002271719660804,962.0,706.0,719.0,2238.0,67.0,117.0,37.0,4404.0,7.0,19.0,7.0,4592.0,0.038714544911963356,3.1367120679413945,3.9612854550880368,17407.863287932058
2020-07-11,2020,4625.0,266.5434029980455,8.053763185134654,0.00017140678063711388,891.0,515.0,669.0,2550.0,40.0,63.0,60.0,4462.0,0.0,25.0,2.0,4598.0,0.02374216056219125,2.953190975318987,2.976257839437809,17409.04680902468
2020-07-12,2020,4625.0,259.4484851396514,8.014316620448504,0.0002870156881618511,856.0,455.0,830.0,2484.0,15.0,67.0,4.0,4539.0,0.0,33.0,0.0,4592.0,0.0035895079949089803,1.0541933190184443,4.996410492005091,17408.945806680982
2020-07-13,2020,4625.0,162.72016790558456,7.732571823898547,5.743909361133691e-05,880.0,380.0,1202.0,2163.0,0.0,47.0,0.0,4578.0,0.0,8.0,0.0,4617.0,6.314218247538417e-05,0.7817445490232984,0.9999368578175246,17413.218255450978
2020-07-14,2020,4625.0,148.88757212256658,8.194916048661636,4.4819769526704935e-08,922.0,185.0,1624.0,1894.0,0.0,29.0,0.0,4596.0,0.0,0.0,0.0,4625.0,0.0,0.7658728891042189,0.0,17414.234127110896
2020-07-15,2020,4625.0,182.95253872135564,9.258467184040558,4.519673028551844e-08,1143.0,351.0,1499.0,1632.0,0.0,32.0,1.0,4592.0,0.0,0.0,0.0,4625.0,0.0,0.8190751848146741,0.0,17414.180924815184
2020-07-16,2020,4625.0,150.79059000091658,7.80943296998031,5.263099635173321e-08,1252.0,383.0,1120.0,1870.0,1.0,48.0,3.0,4573.0,0.0,3.0,0.0,4622.0,0.0,0.7988198177487477,0.0,17414.201180182252
2020-07-17,2020,4625.0,85.272269877137,5.937438587978845,4.6189288678808806e-08,612.0,475.0,713.0,2825.0,0.0,29.0,4.0,4592.0,0.0,2.0,0.0,4623.0,0.0,0.536482839868174,0.0,17414.463517160133
2020-07-18,2020,4625.0,118.13679766329987,7.053047068602263,2.5565060825897156e-07,494.0,195.0,1191.0,2745.0,0.0,33.0,20.0,4572.0,0.0,2.0,0.0,4623.0,0.0,0.8185604106294835,0.0,17414.18143958937
2020-07-19,2020,4625.0,228.32985916157736,9.607166862540232,0.00022973738758863722,666.0,322.0,1694.0,1943.0,30.0,40.0,49.0,4506.0,0.0,11.0,7.0,4607.0,0.01082076339285798,2.665270385259297,3.9891792366071424,17408.33472961474
2020-07-20,2020,4625.0,413.2137448205098,11.589965267826067,0.0003451062703384601,1294.0,392.0,1295.0,1644.0,34.0,113.0,60.0,4418.0,2.0,60.0,3.0,4560.0,0.009866731492464975,3.4096708822889985,5.990133268507535,17405.590329117713
2020-07-21,2020,4625.0,301.7998383108175,10.318554723658485,0.00022889067824834875,1458.0,622.0,1035.0,1510.0,6.0,92.0,14.0,4513.0,0.0,19.0,0.0,4606.0,0.01001961744847013,1.110129524708604,3.9899803825515296,17409.88987047529
2020-07-22,2020,4625.0,177.1913344620582,8.666333202318269,3.028413012428927e-08,948.0,640.0,1127.0,1910.0,0.0,35.0,0.0,4590.0,0.0,10.0,0.0,4615.0,0.0,0.5262829752319463,0.0,17414.473717024768
2020-07-23,2020,4625.0,153.32525107322576,8.186176742174458,3.072490165576752e-08,1214.0,208.0,1356.0,1847.0,0.0,46.0,0.0,4579.0,0.0,1.0,0.0,4624.0,0.0,0.8085109909862143,0.0,17414.191489009012
2020-07-24,2020,4625.0,185.33167976523913,8.261710508553632,7.476541414528465e-09,1387.0,279.0,1300.0,1659.0,0.0,64.0,0.0,4561.0,0.0,6.0,0.0,4619.0,0.0,0.45836020668328514,0.0,17414.541639793315
2020-07-25,2020,4625.0,146.25032329842892,7.164176343680296,4.700356576683922e-09,664.0,634.0,805.0,2522.0,0.0,33.0,0.0,4592.0,0.0,1.0,0.0,4624.0,0.0,0.28914549283227786,0.0,17414.710854507168
2020-07-26,2020,4625.0,69.19984745169846,5.212040992565259,1.123608042652701e-09,316.0,593.0,452.0,3264.0,0.0,6.0,0.0,4619.0,0.0,1.0,0.0,4624.0,0.0,0.17509244249778588,0.0,17414.8249075575
2020-07-27,2020,4625.0,74.63913312257912,6.046272650228447,3.371999505963705e-08,270.0,204.0,1082.0,3069.0,0.0,3.0,0.0,4622.0,0.0,0.0,0.0,4625.0,0.0,0.41776864820655935,0.0,17414.582231351793
2020-07-28,2020,4625.0,144.0586037346365,8.610321240706334,1.2451708825603212e-07,672.0,117.0,1907.0,1929.0,0.0,30.0,0.0,4595.0,0.0,3.0,0.0,4622.0,0.0,0.6963702238153555,0.0,17414.303629776186
2020-07-29,2020,4625.0,248.51200342074858,9.6417439518485,5.7502301784295917e-05,1463.0,389.0,1309.0,1464.0,0.0,67.0,10.0,4548.0,0.0,7.0,0.0,4618.0,0.00018033121444738232,0.6448764186649737,0.9998196687855526,17413.355123581336
2020-07-30,2020,4625.0,178.74726160221766,8.126242442643685,5.505154932180827e-08,1283.0,333.0,1056.0,1953.0,3.0,71.0,4.0,4547.0,0.0,8.0,0.0,4617.0,0.0,0.5381591645787815,0.0,17414.46184083542
2020-07-31,2020,4625.0,137.73102116361366,7.69231104017171,6.2871353185261065e-09,753.0,289.0,1818.0,1765.0,0.0,39.0,0.0,4586.0,0.0,11.0,0.0,4614.0,0.0,0.4941648066303378,0.0,17414.50583519337
2020-08-01,2020,4625.0,137.5064179526724,7.946474572614976,2.91325792687815e-08,602.0,578.0,1636.0,1809.0,0.0,26.0,1.0,4598.0,0.0,0.0,0.0,4625.0,0.0,0.6255861751769933,0.0,17414.374413824822
2020-08-02,2020,4625.0,143.5310708243297,7.589205181125564,4.821582090163702e-07,483.0,516.0,1345.0,2281.0,1.0,21.0,20.0,4583.0,0.0,0.0,0.0,4625.0,0.0,1.7373794093563943,0.0,17413.26262059064
2020-08-03,2020,4625.0,119.99309589833452,7.68349060222056,1.3095972529957972e-06,793.0,244.0,1485.0,2103.0,2.0,10.0,22.0,4591.0,0.0,1.0,0.0,4624.0,0.0,3.7395862046759794,0.0,17411.260413795324
2020-08-04,2020,4625.0,173.00864019277802,9.528413230967638,2.9760579869746165e-06,788.0,182.0,1879.0,1776.0,48.0,25.0,14.0,4538.0,2.0,18.0,1.0,4604.0,0.0,5.92693021749406,0.0,17409.073069782506
2020-08-05,2020,4625.0,364.1352669965766,11.250406591342626,0.0006748659109280333,1514.0,129.0,1616.0,1366.0,74.0,108.0,8.0,4435.0,0.0,58.0,0.0,4567.0,0.14470114531767364,3.982667649667061,11.855298854682326,17399.017332350333
2020-08-06,2020,4625.0,313.38417585488276,9.447975989049056,0.0005691664136689234,1399.0,411.0,886.0,1929.0,29.0,79.0,21.0,4496.0,0.0,49.0,0.0,4576.0,0.05129486845181708,2.0789315349476656,9.948705131548184,17402.921068465053
2020-08-07,2020,4625.0,261.64202790224215,8.063196747118418,0.00017035799419091836,643.0,831.0,714.0,2437.0,15.0,82.0,0.0,4528.0,0.0,38.0,0.0,4587.0,0.0191049459211019,1.0271075719187965,2.980895054078898,17410.972892428083
2020-08-08,2020,4625.0,192.53939084504248,9.627757745713007,5.678124393338581e-05,620.0,362.0,1778.0,1865.0,27.0,35.0,4.0,4559.0,0.0,21.0,0.0,4604.0,0.009282825361723979,1.433555674315864,0.990717174638276,17412.566444325683
2020-08-09,2020,4625.0,201.51371733703448,10.274034857805656,2.467328844276892e-07,1021.0,404.0,1708.0,1492.0,9.0,47.0,15.0,4554.0,0.0,1.0,0.0,4624.0,0.0,1.2972068436013444,0.0,17413.702793156397
2020-08-10,2020,4625.0,298.6897156568892,10.421934493351475,8.027754715254645e-08,1243.0,596.0,1126.0,1660.0,2.0,120.0,6.0,4497.0,0.0,8.0,0.0,4617.0,0.0,0.7491111348044178,0.0,17414.250888865194
2020-08-11,2020,4625.0,192.70654488311024,9.604349063493302,4.433308930664597e-08,1110.0,339.0,1561.0,1615.0,0.0,50.0,5.0,4570.0,0.0,2.0,0.0,4623.0,0.0,0.4790578113083003,0.0,17414.52094218869
2020-08-12,2020,4625.0,301.4647288364298,11.708102487292011,3.094005395778347e-08,1375.0,287.0,1612.0,1351.0,2.0,91.0,1.0,4531.0,0.0,14.0,0.0,4611.0,0.0,0.801566482103995,0.0,17414.198433517893
2020-08-13,2020,4625.0,391.9502654788001,12.244816100648755,5.752575363529913e-05,1915.0,256.0,1088.0,1366.0,0.0,177.0,6.0,4442.0,0.0,27.0,0.0,4598.0,0.00014381850835221144,1.5648199591716239,0.9998561814916478,17412.435180040826
2020-08-14,2020,4625.0,386.5916903433022,11.57926410797554,0.00011528514513060424,1868.0,237.0,994.0,1526.0,20.0,143.0,34.0,4428.0,0.0,28.0,0.0,4597.0,0.00010033175976797981,1.9540902716706183,1.9998996682402321,17411.045909728327
2020-08-15,2020,4625.0,433.29576386243264,11.554243353288841,0.0003446079163177272,1456.0,194.0,1312.0,1663.0,20.0,139.0,42.0,4424.0,0.0,50.0,0.0,4575.0,0.00445747057441237,2.016580022977335,5.995542529425588,17406.983419977023
2020-08-16,2020,4625.0,434.793521797537,11.527404078176515,0.00040133146650590454,1516.0,316.0,1166.0,1627.0,11.0,157.0,2.0,4455.0,0.0,44.0,0.0,4581.0,0.007506732548181683,1.104363272761684,6.992493267451818,17406.895636727237
2020-08-17,2020,4625.0,302.77176937284094,10.285701785066315,4.402451118418965e-07,1305.0,513.0,1155.0,1652.0,0.0,134.0,1.0,4490.0,0.0,21.0,0.0,4604.0,0.0,1.3180067842283496,0.0,17413.681993215774
2020-08-18,2020,4625.0,281.7567296530847,10.984356733363041,5.779602204542506e-05,1093.0,280.0,1830.0,1422.0,0.0,100.0,0.0,4525.0,0.0,13.0,0.0,4612.0,2.9459745007121008e-05,1.3343704444788695,0.9999705402549929,17412.665629555522
2020-08-19,2020,4625.0,274.1636734080683,11.382341637678277,1.612044166319718e-07,1247.0,253.0,1617.0,1508.0,0.0,58.0,2.0,4565.0,0.0,1.0,0.0,4624.0,0.0,1.611357574244451,0.0,17413.388642425754
2020-08-20,2020,4625.0,374.4222725614128,12.01422936126777,5.7404327990404437e-05,1715.0,189.0,1235.0,1486.0,0.0,151.0,0.0,4474.0,0.0,26.0,0.0,4599.0,0.0009560822325680451,1.2648476101747943,0.999043917767432,17412.735152389825
2020-08-21,2020,4625.0,368.4803395376701,11.353656002819475,5.761275121363265e-05,1611.0,508.0,1085.0,1421.0,4.0,152.0,27.0,4442.0,0.0,26.0,0.0,4599.0,0.0005815458680974439,1.0275845317743073,0.9994184541319026,17412.972415468226
2020-08-22,2020,4625.0,272.2607158310875,9.036957646415097,0.0004481066745937688,1187.0,484.0,829.0,2125.0,60.0,99.0,2.0,4464.0,0.0,55.0,0.0,4570.0,0.10319346523972517,1.3766941572535203,7.896806534760275,17405.623305842746
2020-08-23,2020,4625.0,229.79347946891787,8.301858059410609,0.00011302233511460114,928.0,392.0,969.0,2336.0,51.0,69.0,25.0,4480.0,0.0,30.0,0.0,4595.0,0.022637500512965758,2.3979961587023455,1.9773624994870342,17410.602003841297
2020-08-24,2020,4625.0,455.1065448549266,9.908576374095821,0.00023009505124328494,778.0,500.0,844.0,2503.0,9.0,142.0,73.0,4401.0,0.0,54.0,0.0,4571.0,0.008726095276512358,3.0370498240068944,3.9912739047234878,17407.962950175992
2020-08-25,2020,4625.0,418.51747623040666,10.084543176030554,6.955118132916416e-07,493.0,456.0,1075.0,2601.0,0.0,97.0,20.0,4508.0,0.0,36.0,0.0,4589.0,0.0,1.6752023819219195,0.0,17413.32479761808
2020-08-26,2020,4625.0,345.07196972351227,10.230499453651934,6.964113723322154e-07,652.0,296.0,1368.0,2309.0,23.0,120.0,42.0,4440.0,0.0,51.0,0.0,4574.0,0.0,1.715783333092765,0.0,17413.284216666907
2020-08-27,2020,4625.0,450.0264678447429,11.727118455015331,1.208316509575484e-06,1004.0,545.0,981.0,2095.0,12.0,145.0,72.0,4396.0,0.0,35.0,0.0,4590.0,0.0,2.6077221566688005,0.0,17412.392277843333
2020-08-28,2020,4625.0,356.8362631243853,9.786573919621897,0.0002294800937750911,901.0,496.0,917.0,2311.0,7.0,198.0,7.0,4413.0,0.0,39.0,0.0,4586.0,0.004530373909278018,1.261319262371468,3.9954696260907223,17409.73868073763
2020-08-29,2020,4625.0,368.1155246650122,8.669125455284863,0.0004527604495818282,787.0,445.0,568.0,2825.0,0.0,160.0,1.0,4464.0,0.0,54.0,0.0,4571.0,0.06090897948156693,1.1797995115708566,7.939091020518433,17405.82020048843
2020-08-30,2020,4625.0,559.6214516925618,9.58562447408573,0.0005170440101218137,780.0,460.0,436.0,2949.0,2.0,165.0,3.0,4455.0,0.0,62.0,0.0,4563.0,0.0011899201239148338,1.1787549466681486,8.998810079876085,17404.821245053332
2020-08-31,2020,4625.0,395.2375408739631,8.87463632205112,0.00011489769677678034,509.0,488.0,660.0,2968.0,0.0,142.0,0.0,4483.0,0.0,36.0,0.0,4589.0,0.00035006605982701444,0.8707665620221341,1.999649933940173,17412.129233437976
2020-09-01,2020,4625.0,121.94065319256656,6.845703459738672,2.6256806909704275e-07,403.0,379.0,1108.0,2735.0,0.0,16.0,0.0,4609.0,0.0,2.0,0.0,4623.0,0.0,1.017338419997588,0.0,17413.982661580005
2020-09-02,2020,4625.0,127.75299200699962,7.408020364397116,7.60702858397914e-09,621.0,327.0,1315.0,2362.0,0.0,28.0,0.0,4597.0,0.0,1.0,0.0,4624.0,0.0,0.31417294689622655,0.0,17414.685827053105
2020-09-03,2020,4625.0,99.96440086133532,6.912581123332446,2.7244029340105143e-09,484.0,391.0,1199.0,2551.0,0.0,14.0,0.0,4611.0,0.0,0.0,0.0,4625.0,0.0,0.17324382706020203,0.0,17414.826756172937
2020-09-04,2020,4625.0,85.14731710884745,5.875668617489471,9.68007505009695e-10,621.0,276.0,931.0,2797.0,0.0,21.0,0.0,4604.0,0.0,1.0,0.0,4624.0,0.0,0.10427801049293972,0.0,17414.89572198951
2020-09-05,2020,4625.0,110.84518886782412,6.713130788383553,6.438686392578609e-08,359.0,341.0,998.0,2927.0,0.0,14.0,9.0,4602.0,0.0,0.0,0.0,4625.0,0.0,0.44703521222826825,0.0,17414.55296478777
2020-09-06,2020,4625.0,89.37950531203833,6.59748320508462,1.0874482596339213e-07,356.0,279.0,1341.0,2649.0,0.0,16.0,10.0,4599.0,0.0,0.0,0.0,4625.0,0.0,0.8951142698741456,0.0,17414.10488573013
2020-09-07,2020,4625.0,150.7914195991004,6.924293186888394,9.074921308560406e-09,622.0,530.0,773.0,2700.0,0.0,46.0,1.0,4578.0,0.0,10.0,0.0,4615.0,0.0,0.2403848912032146,0.0,17414.759615108796
2020-09-08,2020,4625.0,164.4981491955847,6.086534872811582,8.10591990153428e-09,477.0,344.0,779.0,3025.0,0.0,45.0,0.0,4580.0,0.0,20.0,0.0,4605.0,0.0,0.30762698538198485,0.0,17414.692373014615
2020-09-09,2020,4625.0,80.4645911707098,5.680021954735589,1.3606241473908697e-08,451.0,147.0,1352.0,2675.0,0.0,17.0,0.0,4608.0,0.0,0.0,0.0,4625.0,0.0,0.5116135913014512,0.0,17414.4883864087
2020-09-10,2020,4625.0,101.2723807529577,6.369789234464643,2.1390953007982473e-08,688.0,278.0,1436.0,2223.0,0.0,14.0,1.0,4610.0,0.0,1.0,0.0,4624.0,0.0,0.6414190047463822,0.0,17414.358580995253
2020-09-11,2020,4625.0,105.73768594207647,6.57262129073878,1.8247375102339326e-08,837.0,269.0,1225.0,2294.0,0.0,18.0,2.0,4605.0,0.0,0.0,0.0,4625.0,0.0,0.5584738773219524,0.0,17414.441526122675
2020-09-12,2020,4625.0,104.19090758347956,6.223009934417072,4.779110647428918e-08,702.0,200.0,1157.0,2566.0,0.0,32.0,4.0,4589.0,0.0,2.0,0.0,4623.0,0.0,0.5995634444372058,0.0,17414.400436555563
2020-09-13,2020,4625.0,134.6827580571321,6.564651115295724,4.1928844373590195e-08,964.0,155.0,894.0,2612.0,0.0,47.0,5.0,4573.0,0.0,6.0,0.0,4619.0,0.0,0.363828914419849,0.0,17414.63617108558
2020-09-14,2020,4625.0,138.42705687700217,6.7909687985294696,7.098660922902787e-08,918.0,234.0,885.0,2588.0,0.0,56.0,7.0,4562.0,0.0,1.0,0.0,4624.0,0.0,0.3656535237929919,0.0,17414.634346476203
2020-09-15,2020,4625.0,174.43789788224768,7.009323995358578,5.751411543754544e-05,782.0,166.0,1033.0,2644.0,0.0,70.0,11.0,4544.0,0.0,10.0,0.0,4615.0,0.00013389393325191623,0.4038361271456615,0.9998661060667481,17413.596163872855
2020-09-16,2020,4625.0,130.76802250224944,6.544296625912731,7.128025056193045e-08,685.0,378.0,957.0,2605.0,0.0,41.0,9.0,4575.0,0.0,7.0,0.0,4618.0,0.0,0.3502710444722468,0.0,17414.649728955526
2020-09-17,2020,4625.0,116.19391359256528,5.866824748272098,6.916081622922671e-09,655.0,286.0,802.0,2882.0,0.0,36.0,1.0,4588.0,0.0,8.0,0.0,4617.0,0.0,0.2915539182330089,0.0,17414.708446081768
2020-09-18,2020,4625.0,135.55949165953166,6.557187189894642,2.637808739728394e-08,621.0,240.0,1156.0,2608.0,0.0,31.0,0.0,4594.0,0.0,4.0,0.0,4621.0,0.0,0.6568100555117342,0.0,17414.343189944488
2020-09-19,2020,4625.0,133.10817278133155,6.419870519375078,7.903360568575142e-07,586.0,186.0,1044.0,2809.0,0.0,30.0,1.0,4594.0,0.0,6.0,0.0,4619.0,0.0,2.7203456447902443,0.0,17412.27965435521
2020-09-20,2020,4625.0,108.28266750978825,6.445295234461853,6.490263590561324e-07,681.0,177.0,1261.0,2506.0,20.0,19.0,9.0,4577.0,0.0,12.0,0.0,4613.0,0.0,2.1811503237671985,0.0,17412.81884967623
2020-09-21,2020,4625.0,170.20407420661678,8.658171107751924,5.740698799836422e-05,1139.0,224.0,1377.0,1885.0,1.0,49.0,0.0,4575.0,0.0,6.0,0.0,4619.0,0.001108827506766774,1.042211208626469,0.9988911724932332,17412.957788791377
2020-09-22,2020,4625.0,256.9244155334515,9.43996180098045,8.547094717298641e-07,1299.0,331.0,870.0,2125.0,1.0,57.0,45.0,4522.0,0.0,7.0,0.0,4618.0,0.0,1.995300599266477,0.0,17413.004699400735
2020-09-23,2020,4625.0,243.26235575480192,8.008108209900238,0.00011436985633033218,1287.0,328.0,469.0,2541.0,19.0,57.0,48.0,4501.0,0.0,17.0,0.0,4608.0,0.016363079815229442,2.8398425426955525,1.9836369201847706,17410.160157457303
2020-09-24,2020,4625.0,261.6105740786993,7.646762681739559,5.809610375944219e-05,807.0,609.0,326.0,2883.0,20.0,132.0,12.0,4461.0,0.0,23.0,1.0,4601.0,4.01737899857757e-05,1.6316897958349332,0.9999598262100142,17412.36831020417
2020-09-25,2020,4625.0,438.0410351142156,8.848023388841895,0.00022976873111954266,437.0,391.0,941.0,2856.0,10.0,142.0,22.0,4451.0,0.0,43.0,0.0,4582.0,0.003497086708595054,1.3150005656809856,3.996502913291405,17409.68499943432
2020-09-26,2020,4625.0,326.07664534283924,8.439966249149464,3.394901552808934e-07,713.0,582.0,235.0,3095.0,13.0,145.0,11.0,4456.0,0.0,25.0,0.0,4600.0,0.0,0.9210943801128509,0.0,17414.07890561989
2020-09-27,2020,4625.0,102.38496904509896,4.35195142032101,2.686444200940544e-08,230.0,478.0,169.0,3748.0,0.0,30.0,3.0,4592.0,0.0,3.0,0.0,4622.0,0.0,0.24965727962110762,0.0,17414.750342720377
2020-09-28,2020,4625.0,24.895293596702547,2.258577091953281,7.698771907025807e-09,105.0,195.0,123.0,4202.0,0.0,4.0,1.0,4620.0,0.0,0.0,0.0,4625.0,0.0,0.2666572298220139,0.0,17414.733342770178
2020-09-29,2020,4625.0,31.35426119815757,2.8837237122319643,2.42229146913941e-09,59.0,102.0,482.0,3982.0,0.0,2.0,0.0,4623.0,0.0,0.0,0.0,4625.0,0.0,0.2755070718651096,0.0,17414.724492928137
2020-09-30,2020,4625.0,63.83942341000449,4.005847890049755,8.129789220528685e-09,278.0,252.0,545.0,3550.0,0.0,5.0,0.0,4620.0,0.0,0.0,0.0,4625.0,0.0,0.29462455969626833,0.0,17414.705375440302
