date,fold,n_cells,mse_mm2,mae_mm,hits_7.5,misses_7.5,false_alarms_7.5,correct_negatives_7.5,hits_64.5,misses_64.5,false_alarms_64.5,correct_negatives_64.5,hits_115.6,misses_115.6,false_alarms_115.6,correct_negatives_115.6,hits_204.5,misses_204.5,false_alarms_204.5,correct_negatives_204.5
2018-06-05,2018,4625.0,37.77397935749201,3.8435063132337497,210.0,136.0,712.0,3567.0,0.0,1.0,0.0,4624.0,0.0,0.0,0.0,4625.0,0.0,0.0,0.0,4625.0
2018-06-06,2018,4625.0,73.61781925228223,5.474805265332715,304.0,266.0,1010.0,3045.0,0.0,6.0,0.0,4619.0,0.0,0.0,0.0,4625.0,0.0,0.0,0.0,4625.0
2018-06-07,2018,4625.0,106.47389238632891,5.804258829640146,582.0,152.0,996.0,2895.0,0.0,12.0,8.0,4605.0,0.0,0.0,0.0,4625.0,0.0,0.0,0.0,4625.0
2018-06-08,2018,4625.0,201.63614243548,7.890741940284957,537.0,236.0,1194.0,2658.0,4.0,47.0,36.0,4538.0,0.0,13.0,0.0,4612.0,0.0,0.0,0.0,4625.0
2018-06-09,2018,4625.0,135.20894193569302,6.511571513014772,589.0,270.0,876.0,2890.0,9.0,25.0,42.0,4549.0,0.0,3.0,0.0,4622.0,0.0,0.0,0.0,4625.0
2018-06-10,2018,4625.0,125.53249005174018,6.949088382629431,674.0,386.0,884.0,2681.0,23.0,26.0,20.0,4556.0,0.0,7.0,0.0,4618.0,0.0,0.0,0.0,4625.0
2018-06-11,2018,4625.0,186.29211194002713,8.29608261288248,750.0,164.0,1334.0,2377.0,21.0,35.0,16.0,4553.0,0.0,11.0,0.0,4614.0,0.0,1.0,0.0,4624.0
2018-06-12,2018,4625.0,204.08170116350897,7.1466069622100585,662.0,249.0,738.0,2976.0,16.0,69.0,5.0,4535.0,0.0,21.0,0.0,4604.0,0.0,0.0,0.0,4625.0
2018-06-13,2018,4625.0,120.38651176455446,4.623734464536682,482.0,384.0,242.0,3517.0,5.0,52.0,11.0,4557.0,0.0,12.0,0.0,4613.0,0.0,0.0,0.0,4625.0
2018-06-14,2018,4625.0,158.85136092931526,3.832770357799076,433.0,218.0,94.0,3880.0,5.0,75.0,26.0,4519.0,0.0,19.0,0.0,4606.0,0.0,0.0,0.0,4625.0
2018-06-15,2018,4625.0,131.75216098441837,3.618800892060493,340.0,151.0,191.0,3943.0,11.0,62.0,13.0,4539.0,0.0,8.0,0.0,4617.0,0.0,0.0,0.0,4625.0
2018-06-16,2018,4625.0,70.73874268479666,3.3651468018732213,284.0,330.0,192.0,3819.0,11.0,22.0,26.0,4566.0,0.0,0.0,0.0,4625.0,0.0,0.0,0.0,4625.0
2018-06-17,2018,4625.0,75.88081300301289,3.349232751248384,275.0,216.0,184.0,3950.0,6.0,28.0,14.0,4577.0,0.0,3.0,0.0,4622.0,0.0,0.0,0.0,4625.0
2018-06-18,2018,4625.0,54.983081861012025,2.9514353136075617,249.0,170.0,211.0,3995.0,0.0,9.0,2.0,4614.0,0.0,2.0,0.0,4623.0,0.0,0.0,0.0,4625.0
2018-06-19,2018,4625.0,45.147046540827596,3.0699253235521327,188.0,168.0,273.0,3996.0,0.0,6.0,0.0,4619.0,0.0,0.0,0.0,4625.0,0.0,0.0,0.0,4625.0
2018-06-20,2018,4625.0,84.56077036044344,4.30064272745603,159.0,256.0,515.0,3695.0,0.0,12.0,4.0,4609.0,0.0,1.0,0.0,4624.0,0.0,0.0,0.0,4625.0
2018-06-21,2018,4625.0,100.2357241138372,4.684312825139214,264.0,266.0,615.0,3480.0,0.0,16.0,0.0,4609.0,0.0,2.0,0.0,4623.0,0.0,0.0,0.0,4625.0
2018-06-22,2018,4625.0,162.12842550459035,6.351974948199407,362.0,504.0,618.0,3141.0,0.0,28.0,22.0,4575.0,0.0,3.0,0.0,4622.0,0.0,0.0,0.0,4625.0
2018-06-23,2018,4625.0,189.57228211574886,6.628642156189318,536.0,359.0,580.0,3150.0,1.0,39.0,39.0,4546.0,0.0,7.0,0.0,4618.0,0.0,1.0,0.0,4624.0
2018-06-24,2018,4625.0,166.01804217128472,6.140560911943954,461.0,303.0,706.0,3155.0,3.0,31.0,39.0,4552.0,0.0,4.0,0.0,4621.0,0.0,2.0,0.0,4623.0
2018-06-25,2018,4625.0,186.23839214115182,6.810858542767453,484.0,259.0,868.0,3014.0,2.0,43.0,26.0,4554.0,0.0,13.0,0.0,4612.0,0.0,1.0,0.0,4624.0
2018-06-26,2018,4625.0,332.91959532666635,8.954929786073617,856.0,295.0,986.0,2488.0,0.0,138.0,3.0,4484.0,0.0,42.0,0.0,4583.0,0.0,3.0,0.0,4622.0
2018-06-27,2018,4625.0,206.60649683645684,8.809248092418354,974.0,527.0,1104.0,2020.0,0.0,56.0,11.0,4558.0,0.0,4.0,0.0,4621.0,0.0,0.0,0.0,4625.0
2018-06-28,2018,4625.0,290.2249128021453,10.567923064894691,1618.0,460.0,1012.0,1535.0,0.0,83.0,0.0,4542.0,0.0,12.0,0.0,4613.0,0.0,1.0,0.0,4624.0
2018-06-29,2018,4625.0,226.69912572854702,9.597071490441927,1239.0,464.0,1304.0,1618.0,3.0,78.0,3.0,4541.0,0.0,3.0,0.0,4622.0,0.0,0.0,0.0,4625.0
2018-06-30,2018,4625.0,135.34961611503135,7.5101954392132955,392.0,675.0,1029.0,2529.0,0.0,5.0,28.0,4592.0,0.0,0.0,0.0,4625.0,0.0,0.0,0.0,4625.0
2018-07-01,2018,4625.0,192.15057390090735,7.363286968053331,505.0,250.0,837.0,3033.0,27.0,52.0,25.0,4521.0,0.0,22.0,7.0,4596.0,0.0,2.0,0.0,4623.0
2018-07-02,2018,4625.0,387.9198528596855,9.798947544680493,625.0,567.0,858.0,2575.0,16.0,101.0,54.0,4454.0,0.0,41.0,11.0,4573.0,0.0,4.0,0.0,4621.0
2018-07-03,2018,4625.0,275.421277949101,8.95982157403401,833.0,583.0,569.0,2640.0,13.0,83.0,46.0,4483.0,0.0,9.0,6.0,4610.0,0.0,0.0,0.0,4625.0
2018-07-04,2018,4625.0,247.35174018732792,7.527749460494432,589.0,645.0,632.0,2759.0,7.0,59.0,26.0,4533.0,0.0,28.0,0.0,4597.0,0.0,5.0,0.0,4620.0
2018-07-05,2018,4625.0,187.5273891163479,7.047323831679331,551.0,582.0,733.0,2759.0,1.0,59.0,18.0,4547.0,0.0,17.0,0.0,4608.0,0.0,0.0,0.0,4625.0
2018-07-06,2018,4625.0,163.57208612575212,7.066036844484146,633.0,315.0,1052.0,2625.0,0.0,49.0,3.0,4573.0,0.0,8.0,0.0,4617.0,0.0,0.0,0.0,4625.0
2018-07-07,2018,4625.0,312.9521115836955,8.07393782670397,756.0,245.0,869.0,2755.0,0.0,95.0,2.0,4528.0,0.0,38.0,0.0,4587.0,0.0,3.0,0.0,4622.0
2018-07-08,2018,4625.0,218.84227354605517,7.48681715191639,849.0,358.0,738.0,2680.0,0.0,52.0,12.0,4561.0,0.0,18.0,0.0,4607.0,0.0,2.0,0.0,4623.0
2018-07-09,2018,4625.0,146.32497115419073,6.976236223206518,976.0,104.0,1095.0,2450.0,4.0,54.0,6.0,4561.0,0.0,6.0,0.0,4619.0,0.0,1.0,0.0,4624.0
2018-07-10,2018,4625.0,206.99401179687342,8.69739590564073,884.0,362.0,1248.0,2131.0,6.0,73.0,2.0,4544.0,0.0,10.0,0.0,4615.0,0.0,1.0,0.0,4624.0
2018-07-11,2018,4625.0,237.04761978117045,9.701279628012786,994.0,275.0,1443.0,1913.0,12.0,91.0,12.0,4510.0,0.0,14.0,0.0,4611.0,0.0,0.0,0.0,4625.0
2018-07-12,2018,4625.0,249.6580319600783,9.867525862090885,1225.0,349.0,1379.0,1672.0,5.0,101.0,7.0,4512.0,0.0,10.0,0.0,4615.0,0.0,0.0,0.0,4625.0
2018-07-13,2018,4625.0,299.02495787374437,9.902696419771248,1455.0,397.0,1161.0,1612.0,3.0,130.0,0.0,4492.0,0.0,23.0,0.0,4602.0,0.0,0.0,0.0,4625.0
2018-07-14,2018,4625.0,208.47505030453488,9.240052505892146,1079.0,424.0,1216.0,1906.0,14.0,63.0,12.0,4536.0,0.0,11.0,0.0,4614.0,0.0,0.0,0.0,4625.0
2018-07-15,2018,4625.0,252.64400359363944,8.961659196388952,1166.0,451.0,1027.0,1981.0,15.0,79.0,26.0,4505.0,0.0,17.0,0.0,4608.0,0.0,2.0,0.0,4623.0
2018-07-16,2018,4625.0,375.0887681805583,10.47570114643294,1283.0,287.0,1160.0,1895.0,12.0,179.0,17.0,4417.0,0.0,48.0,0.0,4577.0,0.0,3.0,0.0,4622.0
2018-07-17,2018,4625.0,300.65476781461297,9.89419090392372,1408.0,462.0,880.0,1875.0,18.0,140.0,12.0,4455.0,0.0,25.0,0.0,4600.0,0.0,3.0,0.0,4622.0
2018-07-18,2018,4625.0,309.137119936485,9.300273861248213,896.0,431.0,1212.0,2086.0,0.0,94.0,1.0,4530.0,0.0,22.0,0.0,4603.0,0.0,5.0,0.0,4620.0
2018-07-19,2018,4625.0,146.35762862431685,7.796751786377827,805.0,170.0,1493.0,2157.0,0.0,42.0,0.0,4583.0,0.0,0.0,0.0,4625.0,0.0,0.0,0.0,4625.0
2018-07-20,2018,4625.0,198.33728993671744,8.88345853078663,733.0,435.0,1521.0,1936.0,0.0,66.0,0.0,4559.0,0.0,0.0,0.0,4625.0,0.0,0.0,0.0,4625.0
2018-07-21,2018,4625.0,385.8901506693915,10.597046817506433,913.0,572.0,1253.0,1887.0,0.0,129.0,0.0,4496.0,0.0,23.0,0.0,4602.0,0.0,2.0,0.0,4623.0
2018-07-22,2018,4625.0,497.7165702702962,10.463665995161524,1464.0,297.0,1054.0,1810.0,0.0,178.0,0.0,4447.0,0.0,32.0,0.0,4593.0,0.0,11.0,0.0,4614.0
2018-07-23,2018,4625.0,191.6061272000698,9.318774466003758,1448.0,321.0,1052.0,1804.0,5.0,35.0,25.0,4560.0,0.0,0.0,0.0,4625.0,0.0,0.0,0.0,4625.0
2018-07-24,2018,4625.0,235.6381434664252,9.109175577504086,1024.0,417.0,811.0,2373.0,0.0,65.0,42.0,4518.0,0.0,0.0,0.0,4625.0,0.0,0.0,0.0,4625.0
2018-07-25,2018,4625.0,230.6296954404475,9.03979542681783,741.0,615.0,977.0,2292.0,0.0,53.0,3.0,4569.0,0.0,5.0,0.0,4620.0,0.0,0.0,0.0,4625.0
2018-07-26,2018,4625.0,331.8043429339286,10.201180389434219,1065.0,790.0,667.0,2103.0,0.0,111.0,0.0,4514.0,0.0,17.0,0.0,4608.0,0.0,1.0,0.0,4624.0
2018-07-27,2018,4625.0,204.64491946687994,7.272487799309751,820.0,451.0,810.0,2544.0,0.0,53.0,0.0,4572.0,0.0,10.0,0.0,4615.0,0.0,1.0,0.0,4624.0
2018-07-28,2018,4625.0,196.274744387622,7.517410853576628,793.0,131.0,1150.0,2551.0,0.0,49.0,0.0,4576.0,0.0,9.0,0.0,4616.0,0.0,0.0,0.0,4625.0
2018-07-29,2018,4625.0,157.42039591582605,6.904789643095413,819.0,121.0,952.0,2733.0,0.0,52.0,0.0,4573.0,0.0,6.0,0.0,4619.0,0.0,0.0,0.0,4625.0
2018-07-30,2018,4625.0,194.6351006202238,7.273467783475425,965.0,61.0,866.0,2733.0,0.0,62.0,0.0,4563.0,0.0,9.0,0.0,4616.0,0.0,0.0,0.0,4625.0
2018-07-31,2018,4625.0,168.16018028169898,7.2704104506314255,881.0,150.0,882.0,2712.0,0.0,45.0,0.0,4580.0,0.0,9.0,0.0,4616.0,0.0,0.0,0.0,4625.0
2018-08-01,2018,4625.0,138.4920571321214,6.370527054032168,750.0,309.0,639.0,2927.0,2.0,39.0,3.0,4581.0,0.0,4.0,0.0,4621.0,0.0,0.0,0.0,4625.0
2018-08-02,2018,4625.0,125.08928226747344,5.744518907337775,658.0,437.0,433.0,3097.0,0.0,50.0,1.0,4574.0,0.0,3.0,0.0,4622.0,0.0,0.0,0.0,4625.0
2018-08-03,2018,4625.0,111.91466185760743,5.224750126639471,546.0,262.0,582.0,3235.0,0.0,31.0,0.0,4594.0,0.0,2.0,0.0,4623.0,0.0,0.0,0.0,4625.0
2018-08-04,2018,4625.0,68.05786996456548,4.523015852388885,457.0,196.0,715.0,3257.0,0.0,7.0,0.0,4618.0,0.0,0.0,0.0,4625.0,0.0,0.0,0.0,4625.0
2018-08-05,2018,4625.0,121.53285814174997,5.768182427374905,542.0,153.0,879.0,3051.0,0.0,36.0,0.0,4589.0,0.0,2.0,0.0,4623.0,0.0,0.0,0.0,4625.0
2018-08-06,2018,4625.0,179.4628731455428,6.7800497357544804,760.0,89.0,1069.0,2707.0,0.0,41.0,0.0,4584.0,0.0,9.0,0.0,4616.0,0.0,3.0,0.0,4622.0
2018-08-07,2018,4625.0,143.81924425170962,7.250853710952618,923.0,259.0,1206.0,2237.0,0.0,25.0,0.0,4600.0,0.0,2.0,0.0,4623.0,0.0,0.0,0.0,4625.0
2018-08-08,2018,4625.0,242.85099109424485,9.295327320158721,763.0,933.0,967.0,1962.0,0.0,68.0,0.0,4557.0,0.0,3.0,0.0,4622.0,0.0,0.0,0.0,4625.0
2018-08-09,2018,4625.0,257.056202389259,8.245154371312882,608.0,612.0,1039.0,2366.0,0.0,50.0,0.0,4575.0,0.0,15.0,0.0,4610.0,0.0,6.0,0.0,4619.0
2018-08-10,2018,4625.0,96.5172139089243,6.53450563058831,363.0,300.0,1246.0,2716.0,0.0,20.0,0.0,4605.0,0.0,2.0,0.0,4623.0,0.0,0.0,0.0,4625.0
2018-08-11,2018,4625.0,180.94813133523587,8.4389761183428,506.0,388.0,1510.0,2221.0,0.0,51.0,0.0,4574.0,0.0,2.0,0.0,4623.0,0.0,0.0,0.0,4625.0
2018-08-12,2018,4625.0,468.5026553286164,10.47264173319089,1128.0,343.0,1022.0,2132.0,0.0,153.0,0.0,4472.0,0.0,40.0,0.0,4585.0,0.0,6.0,0.0,4619.0
2018-08-13,2018,4625.0,351.5731006797969,9.267957222871418,1205.0,266.0,1047.0,2107.0,8.0,143.0,2.0,4472.0,0.0,36.0,0.0,4589.0,0.0,4.0,0.0,4621.0
2018-08-14,2018,4625.0,189.02416691554905,7.277543890333004,845.0,346.0,1074.0,2360.0,4.0,74.0,0.0,4547.0,0.0,18.0,0.0,4607.0,0.0,4.0,0.0,4621.0
2018-08-15,2018,4625.0,315.3131951922902,9.677672020060005,748.0,248.0,1723.0,1906.0,1.0,93.0,0.0,4531.0,0.0,42.0,0.0,4583.0,0.0,7.0,0.0,4618.0
2018-08-16,2018,4625.0,703.7299987249212,12.729675624426863,1112.0,697.0,718.0,2098.0,0.0,190.0,0.0,4435.0,0.0,59.0,0.0,4566.0,0.0,16.0,0.0,4609.0
2018-08-17,2018,4625.0,395.0782859040884,9.073744407807679,801.0,374.0,621.0,2829.0,6.0,219.0,2.0,4398.0,0.0,58.0,0.0,4567.0,0.0,1.0,0.0,4624.0
2018-08-18,2018,4625.0,104.81518626223247,6.545083496511033,625.0,299.0,753.0,2948.0,0.0,40.0,0.0,4585.0,0.0,1.0,0.0,4624.0,0.0,0.0,0.0,4625.0
2018-08-19,2018,4625.0,174.93260975208278,8.265271255895643,437.0,601.0,1070.0,2517.0,0.0,28.0,0.0,4597.0,0.0,1.0,0.0,4624.0,0.0,0.0,0.0,4625.0
2018-08-20,2018,4625.0,381.5995432217004,10.12550290622305,1150.0,367.0,1291.0,1817.0,0.0,129.0,0.0,4496.0,0.0,30.0,0.0,4595.0,0.0,1.0,0.0,4624.0
2018-08-21,2018,4625.0,370.323241451495,10.888448716944776,1497.0,417.0,1090.0,1621.0,0.0,172.0,0.0,4453.0,0.0,26.0,0.0,4599.0,0.0,1.0,0.0,4624.0
2018-08-22,2018,4625.0,250.5459896219265,8.949142993868943,863.0,272.0,1472.0,2018.0,0.0,114.0,0.0,4511.0,0.0,18.0,0.0,4607.0,0.0,0.0,0.0,4625.0
2018-08-23,2018,4625.0,115.52690584986156,6.667302766335216,898.0,198.0,1120.0,2409.0,0.0,26.0,0.0,4599.0,0.0,1.0,0.0,4624.0,0.0,0.0,0.0,4625.0
2018-08-24,2018,4625.0,253.7758320659193,8.191217669839443,798.0,225.0,1227.0,2375.0,0.0,65.0,0.0,4560.0,0.0,17.0,0.0,4608.0,0.0,3.0,0.0,4622.0
2018-08-25,2018,4625.0,154.80064154879634,7.199151646358716,1052.0,216.0,921.0,2436.0,0.0,55.0,0.0,4570.0,0.0,3.0,0.0,4622.0,0.0,0.0,0.0,4625.0
2018-08-26,2018,4625.0,197.60363072111667,7.809566161465724,876.0,414.0,999.0,2336.0,0.0,49.0,0.0,4576.0,0.0,7.0,0.0,4618.0,0.0,0.0,0.0,4625.0
2018-08-27,2018,4625.0,276.7762133782725,8.5485153883721,710.0,562.0,1045.0,2308.0,0.0,79.0,0.0,4546.0,0.0,21.0,0.0,4604.0,0.0,0.0,0.0,4625.0
2018-08-28,2018,4625.0,140.9497091016763,7.325248712807141,757.0,320.0,1225.0,2323.0,0.0,41.0,0.0,4584.0,0.0,6.0,0.0,4619.0,0.0,0.0,0.0,4625.0
2018-08-29,2018,4625.0,122.32058868034524,6.647807886224155,652.0,625.0,755.0,2593.0,0.0,14.0,0.0,4611.0,0.0,3.0,0.0,4622.0,0.0,0.0,0.0,4625.0
2018-08-30,2018,4625.0,97.05965456145753,5.868527799984961,461.0,439.0,902.0,2823.0,0.0,16.0,0.0,4609.0,0.0,2.0,0.0,4623.0,0.0,0.0,0.0,4625.0
2018-08-31,2018,4625.0,141.71506288057293,6.976823658310441,706.0,409.0,973.0,2537.0,0.0,25.0,0.0,4600.0,0.0,1.0,0.0,4624.0,0.0,0.0,0.0,4625.0
2018-09-01,2018,4625.0,240.2392981685396,8.069537001530088,888.0,396.0,964.0,2377.0,0.0,65.0,0.0,4560.0,0.0,15.0,0.0,4610.0,0.0,0.0,0.0,4625.0
2018-09-02,2018,4625.0,190.94731900021296,6.915362776029389,767.0,451.0,897.0,2510.0,0.0,55.0,0.0,4570.0,0.0,12.0,0.0,4613.0,0.0,2.0,0.0,4623.0
2018-09-03,2018,4625.0,127.42514216231051,6.129235473941793,683.0,438.0,804.0,2700.0,0.0,21.0,0.0,4604.0,0.0,3.0,0.0,4622.0,0.0,1.0,0.0,4624.0
2018-09-04,2018,4625.0,75.77733332526864,5.14422529490307,658.0,290.0,860.0,2817.0,0.0,6.0,0.0,4619.0,0.0,0.0,0.0,4625.0,0.0,0.0,0.0,4625.0
2018-09-05,2018,4625.0,55.590851597415686,4.528544797922343,390.0,317.0,880.0,3038.0,0.0,6.0,0.0,4619.0,0.0,0.0,0.0,4625.0,0.0,0.0,0.0,4625.0
2018-09-06,2018,4625.0,258.36780479546064,6.546637440178361,548.0,504.0,497.0,3076.0,0.0,56.0,0.0,4569.0,0.0,15.0,0.0,4610.0,0.0,7.0,0.0,4618.0
2018-09-07,2018,4625.0,206.39083095976525,6.987540862143314,751.0,577.0,553.0,2744.0,0.0,82.0,0.0,4543.0,0.0,12.0,0.0,4613.0,0.0,0.0,0.0,4625.0
2018-09-08,2018,4625.0,196.66345892979038,6.297620628159361,294.0,540.0,365.0,3426.0,0.0,59.0,2.0,4564.0,0.0,15.0,0.0,4610.0,0.0,0.0,0.0,4625.0
2018-09-09,2018,4625.0,94.18846360845211,4.341796754091485,201.0,356.0,275.0,3793.0,0.0,30.0,2.0,4593.0,0.0,1.0,0.0,4624.0,0.0,0.0,0.0,4625.0
2018-09-10,2018,4625.0,176.55693207178996,4.495377757514789,321.0,172.0,283.0,3849.0,8.0,40.0,21.0,4556.0,0.0,17.0,0.0,4608.0,0.0,8.0,0.0,4617.0
2018-09-11,2018,4625.0,152.2311798983981,5.451186101791294,309.0,276.0,412.0,3628.0,3.0,23.0,77.0,4522.0,0.0,0.0,11.0,4614.0,0.0,0.0,0.0,4625.0
2018-09-12,2018,4625.0,129.34387511910973,5.188342416125841,343.0,307.0,363.0,3612.0,16.0,30.0,61.0,4518.0,0.0,1.0,8.0,4616.0,0.0,0.0,0.0,4625.0
2018-09-13,2018,4625.0,85.95077963758548,3.9471308071328965,347.0,281.0,211.0,3786.0,10.0,33.0,18.0,4564.0,0.0,2.0,1.0,4622.0,0.0,0.0,0.0,4625.0
2018-09-14,2018,4625.0,105.78470978287625,4.408746198178617,227.0,311.0,400.0,3687.0,0.0,34.0,0.0,4591.0,0.0,3.0,0.0,4622.0,0.0,0.0,0.0,4625.0
2018-09-15,2018,4625.0,62.19541685335388,3.640485566515616,81.0,250.0,448.0,3846.0,0.0,11.0,0.0,4614.0,0.0,0.0,0.0,4625.0,0.0,0.0,0.0,4625.0
2018-09-16,2018,4625.0,37.83622098000265,3.330554164124829,53.0,250.0,288.0,4034.0,0.0,3.0,0.0,4622.0,0.0,0.0,0.0,4625.0,0.0,0.0,0.0,4625.0
2018-09-17,2018,4625.0,42.05562142302964,3.0857977419629656,183.0,298.0,238.0,3906.0,0.0,3.0,0.0,4622.0,0.0,0.0,0.0,4625.0,0.0,0.0,0.0,4625.0
2018-09-18,2018,4625.0,33.770506138227276,2.6141789469725776,75.0,318.0,238.0,3994.0,0.0,1.0,0.0,4624.0,0.0,0.0,0.0,4625.0,0.0,0.0,0.0,4625.0
2018-09-19,2018,4625.0,29.08156786671311,2.661504374032336,52.0,284.0,357.0,3932.0,0.0,0.0,0.0,4625.0,0.0,0.0,0.0,4625.0,0.0,0.0,0.0,4625.0
2018-09-20,2018,4625.0,56.4869736516506,4.2020049047649435,291.0,87.0,800.0,3447.0,0.0,6.0,0.0,4619.0,0.0,0.0,0.0,4625.0,0.0,0.0,0.0,4625.0
2018-09-21,2018,4625.0,249.9013527397152,8.110745711997982,837.0,87.0,1223.0,2478.0,0.0,76.0,0.0,4549.0,0.0,24.0,0.0,4601.0,0.0,3.0,0.0,4622.0
2018-09-22,2018,4625.0,266.8365728399139,9.569755597554037,735.0,729.0,832.0,2329.0,0.0,75.0,0.0,4550.0,0.0,6.0,0.0,4619.0,0.0,0.0,0.0,4625.0
2018-09-23,2018,4625.0,302.6455034124827,8.500095511814148,727.0,412.0,461.0,3025.0,43.0,121.0,73.0,4388.0,0.0,22.0,0.0,4603.0,0.0,0.0,0.0,4625.0
2018-09-24,2018,4625.0,334.0068786299515,8.375453145306608,567.0,564.0,252.0,3242.0,0.0,121.0,11.0,4493.0,0.0,30.0,0.0,4595.0,0.0,3.0,0.0,4622.0
2018-09-25,2018,4625.0,206.81887011136874,6.091605869291577,173.0,523.0,288.0,3641.0,0.0,67.0,3.0,4555.0,0.0,11.0,0.0,4614.0,0.0,0.0,0.0,4625.0
2018-09-26,2018,4625.0,97.15679405579824,3.5010836388570246,266.0,241.0,261.0,3857.0,0.0,25.0,4.0,4596.0,0.0,6.0,0.0,4619.0,0.0,0.0,0.0,4625.0
2018-09-27,2018,4625.0,50.91777632523097,3.1208370978463176,254.0,243.0,323.0,3805.0,0.0,8.0,0.0,4617.0,0.0,0.0,0.0,4625.0,0.0,0.0,0.0,4625.0
2018-09-28,2018,4625.0,38.482311144387296,3.016924818374834,165.0,174.0,360.0,3926.0,0.0,1.0,1.0,4623.0,0.0,0.0,0.0,4625.0,0.0,0.0,0.0,4625.0
2018-09-29,2018,4625.0,36.778842655700956,2.737719665604808,205.0,192.0,250.0,3978.0,0.0,7.0,0.0,4618.0,0.0,0.0,0.0,4625.0,0.0,0.0,0.0,4625.0
2018-09-30,2018,4625.0,35.22020893079746,2.408223742038088,98.0,102.0,281.0,4144.0,0.0,4.0,0.0,4621.0,0.0,0.0,0.0,4625.0,0.0,0.0,0.0,4625.0
2020-06-05,2020,4625.0,246.76168032827053,8.423965945378862,513.0,691.0,536.0,2885.0,0.0,63.0,1.0,4561.0,0.0,2.0,0.0,4623.0,0.0,0.0,0.0,4625.0
2020-06-06,2020,4625.0,176.66199079573764,6.265866883601356,264.0,668.0,132.0,3561.0,0.0,46.0,2.0,4577.0,0.0,8.0,0.0,4617.0,0.0,0.0,0.0,4625.0
2020-06-07,2020,4625.0,62.61271271793791,3.609833028452139,216.0,316.0,137.0,3956.0,7.0,20.0,5.0,4593.0,0.0,1.0,0.0,4624.0,0.0,0.0,0.0,4625.0
2020-06-08,2020,4625.0,52.15909292368094,3.5404152162370583,117.0,358.0,228.0,3922.0,0.0,5.0,0.0,4620.0,0.0,0.0,0.0,4625.0,0.0,0.0,0.0,4625.0
2020-06-09,2020,4625.0,65.77791986329841,4.229861184875979,92.0,249.0,543.0,3741.0,0.0,5.0,0.0,4620.0,0.0,1.0,0.0,4624.0,0.0,0.0,0.0,4625.0
2020-06-10,2020,4625.0,71.51423825228368,5.54676059466914,223.0,105.0,1315.0,2982.0,0.0,0.0,0.0,4625.0,0.0,0.0,0.0,4625.0,0.0,0.0,0.0,4625.0
2020-06-11,2020,4625.0,143.79808338443723,7.059377897490269,835.0,286.0,907.0,2597.0,0.0,42.0,1.0,4582.0,0.0,2.0,0.0,4623.0,0.0,0.0,0.0,4625.0
2020-06-12,2020,4625.0,202.31325889693676,8.297285195583505,869.0,306.0,1034.0,2416.0,1.0,17.0,42.0,4565.0,0.0,1.0,0.0,4624.0,0.0,0.0,0.0,4625.0
2020-06-13,2020,4625.0,201.15418928506708,9.31909664292924,781.0,495.0,1297.0,2052.0,5.0,13.0,23.0,4584.0,0.0,4.0,0.0,4621.0,0.0,0.0,0.0,4625.0
2020-06-14,2020,4625.0,162.00199107996622,8.293543446991183,619.0,424.0,1377.0,2205.0,2.0,15.0,15.0,4593.0,0.0,1.0,0.0,4624.0,0.0,0.0,0.0,4625.0
2020-06-15,2020,4625.0,124.19738282341001,6.640247640408996,611.0,622.0,772.0,2620.0,0.0,13.0,6.0,4606.0,0.0,0.0,0.0,4625.0,0.0,0.0,0.0,4625.0
2020-06-16,2020,4625.0,172.23301039000398,7.096379446287572,1171.0,384.0,611.0,2459.0,4.0,35.0,23.0,4563.0,0.0,3.0,1.0,4621.0,0.0,0.0,0.0,4625.0
2020-06-17,2020,4625.0,226.7672374165446,7.652886612943701,948.0,565.0,491.0,2621.0,0.0,71.0,8.0,4546.0,0.0,9.0,0.0,4616.0,0.0,1.0,0.0,4624.0
2020-06-18,2020,4625.0,179.54327153810053,6.234932529418784,832.0,373.0,502.0,2918.0,0.0,75.0,0.0,4550.0,0.0,17.0,0.0,4608.0,0.0,1.0,0.0,4624.0
2020-06-19,2020,4625.0,161.085142722058,6.873212501620509,684.0,449.0,621.0,2871.0,0.0,47.0,2.0,4576.0,0.0,7.0,0.0,4618.0,0.0,0.0,0.0,4625.0
2020-06-20,2020,4625.0,134.0450212343988,6.394758174740216,712.0,316.0,681.0,2916.0,0.0,28.0,2.0,4595.0,0.0,1.0,0.0,4624.0,0.0,0.0,0.0,4625.0
2020-06-21,2020,4625.0,166.68694088802957,7.365049037277855,847.0,263.0,937.0,2578.0,0.0,37.0,3.0,4585.0,0.0,4.0,0.0,4621.0,0.0,0.0,0.0,4625.0
2020-06-22,2020,4625.0,240.59146098804896,7.927036826737288,806.0,267.0,877.0,2675.0,0.0,83.0,13.0,4529.0,0.0,14.0,0.0,4611.0,0.0,0.0,0.0,4625.0
2020-06-23,2020,4625.0,192.72033249616365,7.476167105500229,711.0,484.0,858.0,2572.0,1.0,41.0,27.0,4556.0,0.0,4.0,10.0,4611.0,0.0,0.0,0.0,4625.0
2020-06-24,2020,4625.0,180.60018908427858,7.641248990219376,638.0,354.0,1107.0,2526.0,5.0,31.0,19.0,4570.0,0.0,12.0,7.0,4606.0,0.0,2.0,1.0,4622.0
2020-06-25,2020,4625.0,273.0186403802381,9.12139757124264,748.0,290.0,1316.0,2271.0,28.0,56.0,58.0,4483.0,1.0,34.0,14.0,4576.0,0.0,3.0,0.0,4622.0
2020-06-26,2020,4625.0,387.95272154901306,9.878243832742186,876.0,574.0,613.0,2562.0,30.0,80.0,87.0,4428.0,0.0,19.0,43.0,4563.0,0.0,3.0,4.0,4618.0
2020-06-27,2020,4625.0,402.5051842999511,9.262156908854687,638.0,648.0,774.0,2565.0,46.0,51.0,82.0,4446.0,13.0,28.0,32.0,4552.0,0.0,10.0,2.0,4613.0
2020-06-28,2020,4625.0,295.51788965010286,8.258557160892375,725.0,545.0,662.0,2693.0,9.0,38.0,69.0,4509.0,0.0,6.0,5.0,4614.0,0.0,3.0,0.0,4622.0
2020-06-29,2020,4625.0,203.80174250171612,8.337536987093095,702.0,571.0,1137.0,2215.0,0.0,43.0,23.0,4559.0,0.0,0.0,0.0,4625.0,0.0,0.0,0.0,4625.0
2020-06-30,2020,4625.0,225.62921412844216,8.42206112563661,683.0,514.0,1112.0,2316.0,0.0,28.0,24.0,4573.0,0.0,3.0,2.0,4620.0,0.0,0.0,0.0,4625.0
2020-07-01,2020,4625.0,189.4651670267397,7.202811395893694,508.0,450.0,974.0,2693.0,1.0,10.0,33.0,4581.0,0.0,0.0,11.0,4614.0,0.0,0.0,0.0,4625.0
2020-07-02,2020,4625.0,208.42635794182493,7.72190410844272,575.0,237.0,1289.0,2524.0,20.0,36.0,25.0,4544.0,0.0,14.0,7.0,4604.0,0.0,1.0,0.0,4624.0
2020-07-03,2020,4625.0,184.1357591695184,8.33239836435702,722.0,210.0,1563.0,2130.0,7.0,28.0,35.0,4555.0,0.0,7.0,0.0,4618.0,0.0,0.0,0.0,4625.0
2020-07-04,2020,4625.0,244.02403503087515,10.568647968527413,1081.0,283.0,1652.0,1609.0,2.0,51.0,19.0,4553.0,0.0,1.0,0.0,4624.0,0.0,0.0,0.0,4625.0
2020-07-05,2020,4625.0,287.86877274594355,11.026186845919739,1262.0,491.0,1338.0,1534.0,2.0,55.0,22.0,4546.0,0.0,14.0,0.0,4611.0,0.0,1.0,0.0,4624.0
2020-07-06,2020,4625.0,497.12897064296106,11.98573578847597,1521.0,408.0,1080.0,1616.0,15.0,101.0,66.0,4443.0,0.0,20.0,5.0,4600.0,0.0,8.0,0.0,4617.0
2020-07-07,2020,4625.0,387.5664093416138,10.774013612543461,1332.0,345.0,1118.0,1830.0,10.0,105.0,31.0,4479.0,0.0,30.0,0.0,4595.0,0.0,10.0,0.0,4615.0
2020-07-08,2020,4625.0,365.56425282436544,10.19424403375997,843.0,399.0,1523.0,1860.0,0.0,98.0,32.0,4495.0,0.0,29.0,5.0,4591.0,0.0,8.0,0.0,4617.0
2020-07-09,2020,4625.0,272.4022503080723,9.480804531848612,828.0,790.0,906.0,2101.0,26.0,70.0,56.0,4473.0,3.0,8.0,22.0,4592.0,0.0,0.0,0.0,4625.0
2020-07-10,2020,4625.0,397.7998975621957,10.094998114724724,849.0,819.0,424.0,2533.0,86.0,98.0,52.0,4389.0,10.0,16.0,37.0,4562.0,0.0,4.0,1.0,4620.0
2020-07-11,2020,4625.0,469.397106902199,9.433435729413807,545.0,861.0,388.0,2831.0,44.0,59.0,94.0,4428.0,9.0,16.0,44.0,4556.0,0.0,3.0,12.0,4610.0
2020-07-12,2020,4625.0,339.8564731989886,8.402635307774197,594.0,717.0,429.0,2885.0,34.0,48.0,72.0,4471.0,8.0,25.0,19.0,4573.0,0.0,5.0,2.0,4618.0
2020-07-13,2020,4625.0,263.52033954421364,8.426641687044174,691.0,569.0,857.0,2508.0,16.0,31.0,57.0,4521.0,0.0,8.0,22.0,4595.0,0.0,1.0,0.0,4624.0
2020-07-14,2020,4625.0,243.92773801793945,8.75351797180268,909.0,198.0,1435.0,2083.0,0.0,29.0,45.0,4551.0,0.0,0.0,9.0,4616.0,0.0,0.0,0.0,4625.0
2020-07-15,2020,4625.0,202.97036669482483,8.615435512174557,1178.0,316.0,1215.0,1916.0,1.0,31.0,32.0,4561.0,0.0,0.0,0.0,4625.0,0.0,0.0,0.0,4625.0
2020-07-16,2020,4625.0,177.8582849517398,8.206786317509511,1202.0,433.0,1135.0,1855.0,0.0,49.0,22.0,4554.0,0.0,3.0,0.0,4622.0,0.0,0.0,0.0,4625.0
2020-07-17,2020,4625.0,119.4977307659535,6.7120279310995015,592.0,495.0,823.0,2715.0,0.0,29.0,19.0,4577.0,0.0,2.0,1.0,4622.0,0.0,0.0,0.0,4625.0
2020-07-18,2020,4625.0,148.01283720166458,7.108430042379719,419.0,270.0,923.0,3013.0,4.0,29.0,39.0,4553.0,0.0,2.0,5.0,4618.0,0.0,0.0,0.0,4625.0
2020-07-19,2020,4625.0,250.90072217699685,9.192786286492574,643.0,345.0,1436.0,2201.0,36.0,34.0,54.0,4501.0,3.0,8.0,21.0,4593.0,0.0,4.0,0.0,4621.0
2020-07-20,2020,4625.0,519.1969154754901,11.281675958835024,1216.0,470.0,1191.0,1748.0,43.0,104.0,57.0,4421.0,3.0,59.0,29.0,4534.0,0.0,6.0,8.0,4611.0
2020-07-21,2020,4625.0,382.7318822851057,10.519639935992473,1390.0,690.0,929.0,1616.0,23.0,75.0,80.0,4447.0,4.0,15.0,17.0,4589.0,0.0,4.0,0.0,4621.0
2020-07-22,2020,4625.0,259.2120664583169,9.71896422669114,741.0,847.0,1088.0,1949.0,5.0,30.0,84.0,4506.0,0.0,10.0,0.0,4615.0,0.0,0.0,0.0,4625.0
2020-07-23,2020,4625.0,223.01992322388745,8.394532385326482,1049.0,373.0,1062.0,2141.0,0.0,46.0,35.0,4544.0,0.0,1.0,3.0,4621.0,0.0,0.0,0.0,4625.0
2020-07-24,2020,4625.0,197.30604936105053,8.170763084474354,1225.0,441.0,1087.0,1872.0,0.0,64.0,0.0,4561.0,0.0,6.0,0.0,4619.0,0.0,0.0,0.0,4625.0
2020-07-25,2020,4625.0,170.03137489155978,7.376747671798361,526.0,772.0,687.0,2640.0,0.0,33.0,3.0,4589.0,0.0,1.0,0.0,4624.0,0.0,0.0,0.0,4625.0
2020-07-26,2020,4625.0,94.46584655515461,6.000977765604051,412.0,497.0,696.0,3020.0,0.0,6.0,0.0,4619.0,0.0,1.0,0.0,4624.0,0.0,0.0,0.0,4625.0
2020-07-27,2020,4625.0,107.03852218117434,6.740547112722894,271.0,203.0,952.0,3199.0,0.0,3.0,9.0,4613.0,0.0,0.0,0.0,4625.0,0.0,0.0,0.0,4625.0
2020-07-28,2020,4625.0,125.0279614743085,7.581327816578971,585.0,204.0,1637.0,2199.0,0.0,30.0,4.0,4591.0,0.0,3.0,0.0,4622.0,0.0,0.0,0.0,4625.0
2020-07-29,2020,4625.0,270.462615195981,10.06138493605811,1534.0,318.0,1415.0,1358.0,0.0,67.0,25.0,4533.0,0.0,7.0,0.0,4618.0,0.0,1.0,0.0,4624.0
2020-07-30,2020,4625.0,185.04426484472202,8.291677937208684,1189.0,427.0,966.0,2043.0,8.0,66.0,12.0,4539.0,0.0,8.0,0.0,4617.0,0.0,0.0,0.0,4625.0
2020-07-31,2020,4625.0,137.43081880788918,7.559605532616481,622.0,420.0,1364.0,2219.0,6.0,33.0,3.0,4583.0,0.0,11.0,0.0,4614.0,0.0,0.0,0.0,4625.0
2020-08-01,2020,4625.0,130.93998866033536,7.578054987216115,566.0,614.0,1206.0,2239.0,0.0,26.0,0.0,4599.0,0.0,0.0,0.0,4625.0,0.0,0.0,0.0,4625.0
2020-08-02,2020,4625.0,145.32747828294467,7.838727259126954,552.0,447.0,1482.0,2144.0,0.0,22.0,10.0,4593.0,0.0,0.0,0.0,4625.0,0.0,0.0,0.0,4625.0
2020-08-03,2020,4625.0,142.3516133750113,8.342999511398478,802.0,235.0,1843.0,1745.0,2.0,10.0,36.0,4577.0,0.0,1.0,0.0,4624.0,0.0,0.0,0.0,4625.0
2020-08-04,2020,4625.0,163.5814430904303,8.9378504425713,733.0,237.0,1835.0,1820.0,38.0,35.0,16.0,4536.0,0.0,20.0,0.0,4605.0,0.0,0.0,0.0,4625.0
2020-08-05,2020,4625.0,433.18123625149013,11.489828741702597,1432.0,211.0,1195.0,1787.0,73.0,109.0,11.0,4432.0,5.0,53.0,2.0,4565.0,0.0,12.0,0.0,4613.0
2020-08-06,2020,4625.0,301.804949914335,9.528070475120714,1538.0,272.0,1085.0,1730.0,47.0,61.0,38.0,4479.0,2.0,47.0,1.0,4575.0,0.0,10.0,0.0,4615.0
2020-08-07,2020,4625.0,246.0899537226008,7.308308985625573,556.0,918.0,300.0,2851.0,16.0,81.0,5.0,4523.0,0.0,38.0,0.0,4587.0,0.0,3.0,0.0,4622.0
2020-08-08,2020,4625.0,217.28498223416156,8.642721206457251,558.0,424.0,1367.0,2276.0,0.0,62.0,12.0,4551.0,0.0,21.0,0.0,4604.0,0.0,1.0,0.0,4624.0
2020-08-09,2020,4625.0,203.5372804017385,9.550805661047935,1023.0,402.0,1301.0,1899.0,0.0,56.0,21.0,4548.0,0.0,1.0,0.0,4624.0,0.0,0.0,0.0,4625.0
2020-08-10,2020,4625.0,325.51453963377145,11.026282394854599,1180.0,659.0,1067.0,1719.0,1.0,121.0,6.0,4497.0,0.0,8.0,0.0,4617.0,0.0,0.0,0.0,4625.0
2020-08-11,2020,4625.0,246.84846580733867,10.979183410640939,1040.0,409.0,1590.0,1586.0,0.0,50.0,8.0,4567.0,0.0,2.0,0.0,4623.0,0.0,0.0,0.0,4625.0
2020-08-12,2020,4625.0,311.6204019945444,11.533131783345208,1292.0,370.0,1598.0,1365.0,0.0,93.0,10.0,4522.0,0.0,14.0,0.0,4611.0,0.0,0.0,0.0,4625.0
2020-08-13,2020,4625.0,427.0149075742131,11.940294646909111,1703.0,468.0,1023.0,1431.0,1.0,176.0,9.0,4439.0,0.0,27.0,0.0,4598.0,0.0,1.0,0.0,4624.0
2020-08-14,2020,4625.0,405.66087269668583,11.527580879521238,1766.0,339.0,1201.0,1319.0,1.0,162.0,7.0,4455.0,0.0,28.0,0.0,4597.0,0.0,2.0,0.0,4623.0
2020-08-15,2020,4625.0,480.34255924195895,11.768184501476053,1477.0,173.0,1610.0,1365.0,6.0,153.0,15.0,4451.0,0.0,50.0,0.0,4575.0,0.0,6.0,0.0,4619.0
2020-08-16,2020,4625.0,482.32009130753136,12.51570030483428,1371.0,461.0,1196.0,1597.0,8.0,160.0,0.0,4457.0,0.0,44.0,0.0,4581.0,0.0,7.0,0.0,4618.0
2020-08-17,2020,4625.0,385.4573175071957,12.233942164809774,1326.0,492.0,1088.0,1719.0,0.0,134.0,13.0,4478.0,0.0,21.0,0.0,4604.0,0.0,0.0,0.0,4625.0
2020-08-18,2020,4625.0,309.3412244702544,10.913876609832691,1027.0,346.0,1533.0,1719.0,0.0,100.0,14.0,4511.0,0.0,13.0,0.0,4612.0,0.0,1.0,0.0,4624.0
2020-08-19,2020,4625.0,223.23813177088044,9.975861879274404,1125.0,375.0,1608.0,1517.0,0.0,58.0,0.0,4567.0,0.0,1.0,0.0,4624.0,0.0,0.0,0.0,4625.0
2020-08-20,2020,4625.0,473.3928185649198,12.838303385025895,1433.0,471.0,1217.0,1504.0,0.0,151.0,0.0,4474.0,0.0,26.0,0.0,4599.0,0.0,1.0,0.0,4624.0
2020-08-21,2020,4625.0,408.80475506590113,11.449450194518258,1368.0,751.0,970.0,1536.0,0.0,156.0,0.0,4469.0,0.0,26.0,0.0,4599.0,0.0,1.0,0.0,4624.0
2020-08-22,2020,4625.0,497.21335263334254,11.011441845735796,1137.0,534.0,1080.0,1874.0,0.0,159.0,0.0,4466.0,0.0,55.0,0.0,4570.0,0.0,8.0,0.0,4617.0
2020-08-23,2020,4625.0,326.29575273991657,9.341214806842771,908.0,412.0,1205.0,2100.0,0.0,120.0,0.0,4505.0,0.0,30.0,0.0,4595.0,0.0,2.0,0.0,4623.0
2020-08-24,2020,4625.0,501.13580785632536,10.479742165945783,830.0,448.0,1029.0,2318.0,5.0,146.0,43.0,4431.0,0.0,54.0,0.0,4571.0,0.0,4.0,0.0,4621.0
2020-08-25,2020,4625.0,376.63188389674593,9.147809975299065,565.0,384.0,1039.0,2637.0,0.0,97.0,1.0,4527.0,0.0,36.0,0.0,4589.0,0.0,0.0,0.0,4625.0
2020-08-26,2020,4625.0,354.3548876825417,9.310311901473604,694.0,254.0,965.0,2712.0,0.0,143.0,0.0,4482.0,0.0,51.0,0.0,4574.0,0.0,0.0,0.0,4625.0
2020-08-27,2020,4625.0,424.3844657653438,12.192033920152427,1043.0,506.0,1025.0,2051.0,0.0,157.0,17.0,4451.0,0.0,35.0,0.0,4590.0,0.0,0.0,0.0,4625.0
2020-08-28,2020,4625.0,502.4433008040247,12.664883005854554,884.0,513.0,1421.0,1807.0,0.0,205.0,0.0,4420.0,0.0,39.0,0.0,4586.0,0.0,4.0,0.0,4621.0
2020-08-29,2020,4625.0,534.2484554792428,10.715617414725429,776.0,456.0,986.0,2407.0,0.0,160.0,5.0,4460.0,0.0,54.0,0.0,4571.0,0.0,8.0,0.0,4617.0
2020-08-30,2020,4625.0,628.7447302575142,11.013992214255962,748.0,492.0,869.0,2516.0,1.0,166.0,8.0,4450.0,0.0,62.0,0.0,4563.0,0.0,9.0,0.0,4616.0
2020-08-31,2020,4625.0,448.05763369031285,10.737030137672555,312.0,685.0,1209.0,2419.0,0.0,142.0,0.0,4483.0,0.0,36.0,0.0,4589.0,0.0,2.0,0.0,4623.0
2020-09-01,2020,4625.0,144.27648682185003,7.925467653957472,291.0,491.0,1258.0,2585.0,0.0,16.0,0.0,4609.0,0.0,2.0,0.0,4623.0,0.0,0.0,0.0,4625.0
2020-09-02,2020,4625.0,137.2148676676415,7.754588865788471,654.0,294.0,1511.0,2166.0,0.0,28.0,0.0,4597.0,0.0,1.0,0.0,4624.0,0.0,0.0,0.0,4625.0
2020-09-03,2020,4625.0,93.26462868246894,6.883325035421027,660.0,215.0,1509.0,2241.0,0.0,14.0,0.0,4611.0,0.0,0.0,0.0,4625.0,0.0,0.0,0.0,4625.0
2020-09-04,2020,4625.0,94.24027630340383,5.984600181468913,466.0,431.0,766.0,2962.0,0.0,21.0,0.0,4604.0,0.0,1.0,0.0,4624.0,0.0,0.0,0.0,4625.0
2020-09-05,2020,4625.0,133.2147259554877,6.059463107003682,274.0,426.0,559.0,3366.0,0.0,14.0,25.0,4586.0,0.0,0.0,1.0,4624.0,0.0,0.0,0.0,4625.0
2020-09-06,2020,4625.0,116.69843715580937,6.187116488971974,297.0,338.0,851.0,3139.0,5.0,11.0,34.0,4575.0,0.0,0.0,4.0,4621.0,0.0,0.0,0.0,4625.0
2020-09-07,2020,4625.0,181.10195421871146,7.311031734336303,547.0,605.0,617.0,2856.0,4.0,42.0,26.0,4553.0,0.0,10.0,0.0,4615.0,0.0,0.0,0.0,4625.0
2020-09-08,2020,4625.0,147.95797623293,6.332790732585922,433.0,388.0,879.0,2925.0,11.0,34.0,2.0,4578.0,0.0,20.0,0.0,4605.0,0.0,0.0,0.0,4625.0
2020-09-09,2020,4625.0,92.28284303193817,6.053318538640764,385.0,213.0,1088.0,2939.0,0.0,17.0,0.0,4608.0,0.0,0.0,0.0,4625.0,0.0,0.0,0.0,4625.0
2020-09-10,2020,4625.0,108.43809146493842,6.325015029412548,504.0,462.0,801.0,2858.0,0.0,14.0,0.0,4611.0,0.0,1.0,0.0,4624.0,0.0,0.0,0.0,4625.0
2020-09-11,2020,4625.0,110.90564979184806,6.481254316921812,679.0,427.0,1168.0,2351.0,0.0,18.0,2.0,4605.0,0.0,0.0,0.0,4625.0,0.0,0.0,0.0,4625.0
2020-09-12,2020,4625.0,109.34343517229318,6.1863465944807166,670.0,232.0,1066.0,2657.0,0.0,32.0,5.0,4588.0,0.0,2.0,0.0,4623.0,0.0,0.0,0.0,4625.0
2020-09-13,2020,4625.0,156.55516585900736,7.0489707413519245,809.0,310.0,896.0,2610.0,0.0,47.0,9.0,4569.0,0.0,6.0,0.0,4619.0,0.0,0.0,0.0,4625.0
2020-09-14,2020,4625.0,145.91107089471808,7.08702154854582,852.0,300.0,767.0,2706.0,5.0,51.0,17.0,4552.0,0.0,1.0,0.0,4624.0,0.0,0.0,0.0,4625.0
2020-09-15,2020,4625.0,209.51231260945093,7.461914144774997,704.0,244.0,866.0,2811.0,2.0,68.0,29.0,4526.0,0.0,10.0,7.0,4608.0,0.0,1.0,0.0,4624.0
2020-09-16,2020,4625.0,167.397416274283,7.1045237913927615,611.0,452.0,764.0,2798.0,1.0,40.0,33.0,4551.0,0.0,7.0,7.0,4611.0,0.0,0.0,0.0,4625.0
2020-09-17,2020,4625.0,120.04615530556164,5.7928704748665965,623.0,318.0,725.0,2959.0,3.0,33.0,12.0,4577.0,0.0,8.0,0.0,4617.0,0.0,0.0,0.0,4625.0
2020-09-18,2020,4625.0,137.27657482105195,7.0420178481289435,576.0,285.0,1078.0,2686.0,0.0,31.0,0.0,4594.0,0.0,4.0,0.0,4621.0,0.0,0.0,0.0,4625.0
2020-09-19,2020,4625.0,128.7806490653291,6.3593357938547195,432.0,340.0,929.0,2924.0,0.0,30.0,0.0,4595.0,0.0,6.0,0.0,4619.0,0.0,0.0,0.0,4625.0
2020-09-20,2020,4625.0,118.52183013920732,6.222345440490692,608.0,250.0,1107.0,2660.0,1.0,38.0,1.0,4585.0,0.0,12.0,0.0,4613.0,0.0,0.0,0.0,4625.0
2020-09-21,2020,4625.0,155.87243331274155,7.706384761444076,1073.0,290.0,1090.0,2172.0,1.0,49.0,1.0,4574.0,0.0,6.0,0.0,4619.0,0.0,1.0,0.0,4624.0
2020-09-22,2020,4625.0,219.33731592627393,8.91071600582164,1382.0,248.0,905.0,2090.0,0.0,58.0,16.0,4551.0,0.0,7.0,0.0,4618.0,0.0,0.0,0.0,4625.0
2020-09-23,2020,4625.0,353.8658943449977,10.571010794776187,1237.0,378.0,819.0,2191.0,6.0,70.0,37.0,4512.0,0.0,17.0,0.0,4608.0,0.0,2.0,0.0,4623.0
2020-09-24,2020,4625.0,404.36595201054837,9.989165031435812,702.0,714.0,297.0,2912.0,5.0,147.0,58.0,4415.0,0.0,23.0,2.0,4600.0,0.0,1.0,0.0,4624.0
2020-09-25,2020,4625.0,461.2576238675345,8.410934573779514,461.0,367.0,754.0,3043.0,9.0,143.0,31.0,4442.0,0.0,43.0,10.0,4572.0,0.0,4.0,0.0,4621.0
2020-09-26,2020,4625.0,372.8633378747631,8.58278606623109,515.0,780.0,120.0,3210.0,10.0,148.0,18.0,4449.0,0.0,25.0,3.0,4597.0,0.0,0.0,0.0,4625.0
2020-09-27,2020,4625.0,103.0750005666372,4.22748075712387,205.0,503.0,154.0,3763.0,0.0,30.0,3.0,4592.0,0.0,3.0,0.0,4622.0,0.0,0.0,0.0,4625.0
2020-09-28,2020,4625.0,28.18627867850961,2.6411879842595845,125.0,175.0,180.0,4145.0,0.0,4.0,0.0,4621.0,0.0,0.0,0.0,4625.0,0.0,0.0,0.0,4625.0
2020-09-29,2020,4625.0,41.11507160849906,3.6591347199104995,41.0,120.0,631.0,3833.0,0.0,2.0,0.0,4623.0,0.0,0.0,0.0,4625.0,0.0,0.0,0.0,4625.0
2020-09-30,2020,4625.0,54.64804189890628,3.525262575212986,233.0,297.0,356.0,3739.0,0.0,5.0,0.0,4620.0,0.0,0.0,0.0,4625.0,0.0,0.0,0.0,4625.0
