date,fold,n_cells,mse_mm2,mae_mm,crps_mm,twcrps_64.5_mm,brier_7.5,brier_64.5,brier_115.6,brier_204.5,hits_7.5,misses_7.5,false_alarms_7.5,correct_negatives_7.5,hits_64.5,misses_64.5,false_alarms_64.5,correct_negatives_64.5,hits_115.6,misses_115.6,false_alarms_115.6,correct_negatives_115.6,hits_204.5,misses_204.5,false_alarms_204.5,correct_negatives_204.5
2018-06-03,2018,4625.0,59.01004451927903,4.2440022247569695,3.853022212864594,0.0015896293021537163,0.3143267298306058,0.00011626134700113071,0.0,0.0,247.0,309.0,656.0,3413.0,0.0,2.0,0.0,4623.0,0.0,0.0,0.0,4625.0,0.0,0.0,0.0,4625.0
2018-06-04,2018,4625.0,52.49350197266825,3.7139232515505967,3.323495198351195,0.0355024793470228,0.31467551387160914,0.0006890611541774332,5.7421762848119435e-05,0.0,238.0,261.0,480.0,3646.0,0.0,12.0,0.0,4613.0,0.0,1.0,0.0,4624.0,0.0,0.0,0.0,4625.0
2018-06-05,2018,4625.0,36.69153998806117,3.7693082467059837,3.326343395375232,0.0009690040382179054,0.3340145964703339,6.451086937257862e-05,0.0,0.0,195.0,151.0,630.0,3649.0,0.0,1.0,0.0,4624.0,0.0,0.0,0.0,4625.0,0.0,0.0,0.0,4625.0
2018-06-06,2018,4625.0,63.087000078923154,4.99366115486809,4.487887454443443,0.01331727393897804,0.34893291224040573,0.0003544553262229595,0.0,0.0,299.0,271.0,833.0,3222.0,0.0,6.0,0.0,4619.0,0.0,0.0,0.0,4625.0,0.0,0.0,0.0,4625.0
2018-06-07,2018,4625.0,94.35760600562037,5.740447039426435,5.1509242009940985,0.022932213541106618,0.37290968832743165,0.0015886687721313048,0.0,0.0,520.0,214.0,956.0,2935.0,0.0,12.0,0.0,4613.0,0.0,0.0,0.0,4625.0,0.0,0.0,0.0,4625.0
2018-06-08,2018,4625.0,182.06332881129094,7.506619863102719,6.646133381814835,0.41667423001726267,0.33653760948238887,0.010608847913853178,0.0009201660268748028,6.38019587201327e-06,649.0,124.0,1352.0,2500.0,4.0,47.0,22.0,4552.0,0.0,13.0,0.0,4612.0,0.0,0.0,0.0,4625.0
2018-06-09,2018,4625.0,141.55596419704625,7.437746627084087,6.567702013877764,0.15856436007286173,0.2936960120231247,0.010908008209185355,0.00019991280398974919,0.0,606.0,253.0,1318.0,2448.0,7.0,27.0,24.0,4567.0,0.0,3.0,0.0,4622.0,0.0,0.0,0.0,4625.0
2018-06-10,2018,4625.0,162.31252391139935,7.920092962377138,6.997153016127415,0.301719360223324,0.29015996568872443,0.01403288636516697,0.0011087362604254173,0.0,608.0,452.0,1110.0,2455.0,0.0,49.0,8.0,4568.0,0.0,7.0,0.0,4618.0,0.0,0.0,0.0,4625.0
2018-06-11,2018,4625.0,244.28276916896482,8.441975463087278,7.502551880123239,0.49471127230364526,0.29655008630987195,0.01648146375871517,0.0013774133977024205,5.954849480545719e-05,422.0,492.0,1036.0,2675.0,1.0,55.0,42.0,4527.0,0.0,11.0,0.0,4614.0,0.0,1.0,0.0,4624.0
2018-06-12,2018,4625.0,212.68670922495096,6.684237063075097,5.923443626892232,0.6862282036180533,0.24692917628126745,0.017596580215012602,0.0024379437337615152,0.0,481.0,430.0,495.0,3219.0,27.0,58.0,38.0,4502.0,0.0,21.0,4.0,4600.0,0.0,0.0,0.0,4625.0
2018-06-13,2018,4625.0,158.1027902506166,5.220043022443131,4.785943900665531,0.4340460743546128,0.242300698631448,0.013233944059860414,0.001144890703700159,0.0,403.0,463.0,152.0,3607.0,3.0,54.0,38.0,4530.0,0.0,12.0,1.0,4612.0,0.0,0.0,0.0,4625.0
2018-06-14,2018,4625.0,155.45151668611658,4.09202365849283,3.8191352786312014,0.5738090660886284,0.22223214697135646,0.009108792973277612,0.0012632787826586276,0.0,449.0,202.0,87.0,3887.0,0.0,80.0,12.0,4533.0,0.0,19.0,0.0,4606.0,0.0,0.0,0.0,4625.0
2018-06-15,2018,4625.0,142.5342281789891,3.910082541445484,3.5735158992554217,0.5360853668065878,0.1940841406053388,0.005747847570031511,0.0004685899412667524,0.0,378.0,113.0,163.0,3971.0,2.0,71.0,30.0,4522.0,0.0,8.0,0.0,4617.0,0.0,0.0,0.0,4625.0
2018-06-16,2018,4625.0,71.29936964989676,3.282267552522998,2.9509148812237918,0.13113591064673327,0.16842228389744898,0.003893337303232988,3.5445532622295946e-06,0.0,360.0,254.0,157.0,3854.0,6.0,27.0,23.0,4569.0,0.0,0.0,0.0,4625.0,0.0,0.0,0.0,4625.0
2018-06-17,2018,4625.0,75.37491615449939,3.257554951722312,2.9606678798223696,0.16770876241756513,0.15085406010853425,0.002126731957337757,0.0001722652885443583,0.0,276.0,215.0,175.0,3959.0,0.0,34.0,2.0,4589.0,0.0,3.0,0.0,4622.0,0.0,0.0,0.0,4625.0
2018-06-18,2018,4625.0,44.951347320634795,2.9733385389753484,2.61653953957687,0.04411965881334292,0.1775005937126714,0.0009045699925209925,0.00011909698961091439,0.0,222.0,197.0,144.0,4062.0,0.0,9.0,1.0,4615.0,0.0,2.0,0.0,4623.0,0.0,0.0,0.0,4625.0
2018-06-19,2018,4625.0,30.94977862669333,3.0015571436242956,2.5764684524174237,0.02690657485227486,0.20816452398421964,0.000534518631944223,2.8356426097836756e-06,0.0,169.0,187.0,269.0,4000.0,0.0,6.0,0.0,4619.0,0.0,0.0,0.0,4625.0,0.0,0.0,0.0,4625.0
2018-06-20,2018,4625.0,61.89320607067156,4.447688185884101,3.8543047931196037,0.05311994674438869,0.21589448573848993,0.0015929222360459802,9.35762061228613e-05,7.089106524459189e-06,175.0,240.0,699.0,3511.0,0.0,12.0,1.0,4612.0,0.0,1.0,0.0,4624.0,0.0,0.0,0.0,4625.0
2018-06-21,2018,4625.0,92.10378367076581,5.547176475633246,4.776591199636363,0.07302196008665068,0.19247207778167677,0.0011867164321944681,0.0001155524363486848,4.253463914675514e-06,388.0,142.0,912.0,3183.0,1.0,15.0,4.0,4605.0,0.0,2.0,0.0,4623.0,0.0,0.0,0.0,4625.0
2018-06-22,2018,4625.0,111.44871440441615,5.735658674156967,5.081860390333053,0.11915833326733664,0.18776774669204566,0.0018105578063468768,0.0001722652885443583,0.0,603.0,263.0,799.0,2960.0,0.0,28.0,3.0,4594.0,0.0,3.0,0.0,4622.0,0.0,0.0,0.0,4625.0
2018-06-23,2018,4625.0,143.7948870591566,6.166624757572077,5.541398465499708,0.26992189039641473,0.1967269595176572,0.002470553623774028,0.0004019523399368361,5.7421762848119435e-05,651.0,244.0,803.0,2927.0,0.0,40.0,3.0,4582.0,0.0,7.0,0.0,4618.0,0.0,1.0,0.0,4624.0
2018-06-24,2018,4625.0,125.74573213573242,6.092165018821236,5.401831178706427,0.1917300795017977,0.25442732425218784,0.0022522091428206843,0.00023394051530715328,0.00011484352569623887,614.0,150.0,1063.0,2798.0,1.0,33.0,7.0,4584.0,0.0,4.0,0.0,4621.0,0.0,2.0,0.0,4623.0
2018-06-25,2018,4625.0,147.13252979130303,7.074061611767089,6.111324962043324,0.3231275494988855,0.27859125275145946,0.0027002406751665056,0.0007514452915926742,5.7421762848119435e-05,621.0,122.0,1345.0,2537.0,0.0,45.0,0.0,4580.0,0.0,13.0,0.0,4612.0,0.0,1.0,0.0,4624.0
2018-06-26,2018,4625.0,377.6778194703225,10.706720761431862,9.57616529691382,1.075541157983405,0.318047092934642,0.008129787362249799,0.0024117140396210162,0.0001722652885443583,965.0,186.0,1445.0,2029.0,0.0,138.0,2.0,4485.0,0.0,42.0,0.0,4583.0,0.0,3.0,0.0,4622.0
2018-06-27,2018,4625.0,227.20063995016875,10.594375468207408,9.279465466145473,0.19396514037039664,0.3617330029809693,0.0032546088053792143,0.00022968705139247774,0.0,1260.0,241.0,1484.0,1640.0,0.0,56.0,0.0,4569.0,0.0,4.0,0.0,4621.0,0.0,0.0,0.0,4625.0
2018-06-28,2018,4625.0,256.240282063178,9.937154706318513,8.773780421318367,0.5287495639433174,0.3358372057577723,0.004939689426243164,0.0006890611541774332,5.7421762848119435e-05,1576.0,502.0,932.0,1615.0,0.0,83.0,3.0,4539.0,0.0,12.0,0.0,4613.0,0.0,1.0,0.0,4624.0
2018-06-29,2018,4625.0,231.9587714931842,9.050815295995484,8.283018789200868,0.28062229981389014,0.29141261081159636,0.0046759746635332815,0.0001722652885443583,0.0,785.0,918.0,573.0,2349.0,0.0,81.0,2.0,4542.0,0.0,3.0,0.0,4622.0,0.0,0.0,0.0,4625.0
2018-06-30,2018,4625.0,98.91870502349269,6.549767692027826,6.011583849283081,0.03127651448754179,0.24828248671678665,0.00039273650145503914,0.0,0.0,297.0,770.0,676.0,2882.0,0.0,5.0,1.0,4619.0,0.0,0.0,0.0,4625.0,0.0,0.0,0.0,4625.0
2018-07-01,2018,4625.0,172.95524491732814,7.102649887169298,6.361920374333783,0.6024546291738261,0.24121535642255332,0.00490566171492576,0.001268241157225749,0.00011484352569623887,478.0,277.0,981.0,2889.0,14.0,65.0,11.0,4535.0,0.0,22.0,0.0,4603.0,0.0,2.0,0.0,4623.0
2018-07-02,2018,4625.0,303.3080664413304,8.62052926776264,7.792171959324918,1.0870011986960637,0.291122666354746,0.009339897845974983,0.0026591238573246425,0.00022968705139247774,859.0,333.0,858.0,2575.0,22.0,95.0,13.0,4495.0,0.0,41.0,0.0,4584.0,0.0,4.0,0.0,4621.0
2018-07-03,2018,4625.0,257.66062400455974,9.362162592857059,8.514556566701732,0.4918302927360878,0.286830212354186,0.007415205424584314,0.0005203404188953045,0.0,951.0,465.0,1092.0,2117.0,3.0,93.0,22.0,4507.0,0.0,9.0,0.0,4616.0,0.0,0.0,0.0,4625.0
2018-07-04,2018,4625.0,228.78888134740706,8.029214678177075,7.269513278748709,0.7918269195127058,0.3164428281281569,0.003749428440786466,0.0016078093597473443,0.0002871088142405972,718.0,516.0,1150.0,2241.0,2.0,64.0,2.0,4557.0,0.0,28.0,0.0,4597.0,0.0,5.0,0.0,4620.0
2018-07-05,2018,4625.0,187.33404648136198,7.4854918048086345,6.703994438064153,0.4779343264841978,0.2807066421383581,0.0034268740939235724,0.0009761699684180305,0.0,721.0,412.0,1066.0,2426.0,0.0,60.0,2.0,4563.0,0.0,17.0,0.0,4608.0,0.0,0.0,0.0,4625.0
2018-07-06,2018,4625.0,140.56106188117454,6.8932444634105225,5.763128367474957,0.29740723067917824,0.24303938353129662,0.002854783197399716,0.00047851469040099536,0.0,692.0,256.0,1134.0,2543.0,0.0,49.0,2.0,4574.0,0.0,8.0,0.0,4617.0,0.0,0.0,0.0,4625.0
2018-07-07,2018,4625.0,305.1968613690523,8.236588969063245,7.215210747036544,1.0374475922021302,0.2540636530874831,0.005499019931022993,0.0021820269882285386,0.0001722652885443583,840.0,161.0,990.0,2634.0,0.0,95.0,0.0,4530.0,0.0,38.0,0.0,4587.0,0.0,3.0,0.0,4622.0
2018-07-08,2018,4625.0,201.77977385453542,7.239198032826338,6.474403453596442,0.502244300151293,0.27239891820234435,0.0030589494653041403,0.0010357184632234877,0.00011484352569623887,993.0,214.0,837.0,2581.0,0.0,52.0,0.0,4573.0,0.0,18.0,0.0,4607.0,0.0,2.0,0.0,4623.0
2018-07-09,2018,4625.0,139.78697837355236,6.8725939124077655,5.937879736238673,0.2737712385892311,0.33947675304742964,0.0034502681454542878,0.0003445305770887166,5.7421762848119435e-05,970.0,110.0,959.0,2586.0,2.0,56.0,1.0,4566.0,0.0,6.0,0.0,4619.0,0.0,1.0,0.0,4624.0
2018-07-10,2018,4625.0,198.75682618129636,8.935990736299201,7.83796382349989,0.4127122406202195,0.36709094969215555,0.004948905264724961,0.0005742176284811944,5.7421762848119435e-05,1035.0,211.0,1283.0,2096.0,0.0,79.0,5.0,4541.0,0.0,10.0,0.0,4615.0,0.0,1.0,0.0,4624.0
2018-07-11,2018,4625.0,242.8932040724163,10.463985298969332,9.303684886726051,0.5938498436364883,0.3674411515544639,0.006008017779479163,0.0008039046798736722,0.0,1095.0,174.0,1812.0,1544.0,0.0,103.0,1.0,4521.0,0.0,14.0,0.0,4611.0,0.0,0.0,0.0,4625.0
2018-07-12,2018,4625.0,277.4984211691205,11.16436164541158,9.972851542389957,0.5666283763965687,0.33334396699311997,0.006034956384272108,0.0005742176284811944,0.0,1413.0,161.0,1519.0,1532.0,0.0,106.0,0.0,4519.0,0.0,10.0,0.0,4615.0,0.0,0.0,0.0,4625.0
2018-07-13,2018,4625.0,283.33569079867607,10.248758775829925,9.048458261993094,0.757626393150957,0.3140587616039813,0.007125969878386377,0.0013207005455067472,0.0,1540.0,312.0,1353.0,1420.0,6.0,127.0,1.0,4491.0,0.0,23.0,0.0,4602.0,0.0,0.0,0.0,4625.0
2018-07-14,2018,4625.0,193.98930020117433,9.256097869230556,8.17731983984046,0.35984284461129296,0.35383290267011197,0.004722762766594712,0.0006323483019817597,0.0,1202.0,301.0,1488.0,1634.0,8.0,69.0,4.0,4544.0,0.0,11.0,0.0,4614.0,0.0,0.0,0.0,4625.0
2018-07-15,2018,4625.0,261.5736597525103,10.033183389127927,8.67884230312043,0.6505006464312861,0.34356929424399996,0.00857569216263828,0.0010279204460465826,0.00011484352569623887,1399.0,218.0,1285.0,1723.0,37.0,57.0,58.0,4473.0,0.0,17.0,0.0,4608.0,0.0,2.0,0.0,4623.0
2018-07-16,2018,4625.0,332.6648644863064,11.107260743285572,9.81380577726316,1.4253316290150255,0.32991992854180624,0.010576238023840667,0.002735686207788801,0.0001722652885443583,1309.0,261.0,1392.0,1663.0,32.0,159.0,35.0,4399.0,0.0,48.0,0.0,4577.0,0.0,3.0,0.0,4622.0
2018-07-17,2018,4625.0,320.4878744534585,10.063157863813082,9.0001059501868,0.9873439748906914,0.314369973380405,0.00827582295665366,0.0014362529818554319,0.0001722652885443583,1357.0,513.0,942.0,1813.0,10.0,148.0,2.0,4465.0,0.0,25.0,0.0,4600.0,0.0,3.0,0.0,4622.0
2018-07-18,2018,4625.0,267.877767780824,8.378165886564156,7.34315187756795,0.7593096946888778,0.30295367623341596,0.00598604154925334,0.001251227301567047,0.0002871088142405972,883.0,444.0,1028.0,2270.0,0.0,94.0,0.0,4531.0,0.0,22.0,0.0,4603.0,0.0,5.0,0.0,4620.0
2018-07-19,2018,4625.0,156.64382612401303,8.231106911639879,7.181576824406802,0.12631737492710582,0.32397145925713255,0.006287328576542856,8.081581437883477e-05,0.0,838.0,137.0,1464.0,2186.0,0.0,42.0,0.0,4583.0,0.0,0.0,0.0,4625.0,0.0,0.0,0.0,4625.0
2018-07-20,2018,4625.0,236.24494564180455,10.540107144512836,9.052797734087868,0.2697687631840303,0.3050775725481438,0.00732871832498591,6.38019587201327e-05,0.0,1021.0,147.0,1908.0,1549.0,4.0,62.0,19.0,4540.0,0.0,0.0,0.0,4625.0,0.0,0.0,0.0,4625.0
2018-07-21,2018,4625.0,305.3401246351588,11.172431005210886,9.905204950614191,0.8589594191405469,0.2884210078582746,0.007791636981033096,0.0013249540094214226,0.00011484352569623887,1351.0,134.0,1802.0,1338.0,5.0,124.0,27.0,4469.0,0.0,23.0,0.0,4602.0,0.0,2.0,0.0,4623.0
2018-07-22,2018,4625.0,513.5936942517468,12.223322934934673,10.996157880174694,1.407498529029919,0.28587885425860354,0.008512599114570595,0.0017977974146028506,0.0006316393913293138,1517.0,244.0,1387.0,1477.0,25.0,153.0,17.0,4430.0,0.0,32.0,0.0,4593.0,0.0,11.0,0.0,4614.0
2018-07-23,2018,4625.0,177.32993889403463,8.871402319399968,7.661304369109604,0.09409573405943275,0.23389727175735409,0.0023670526685169234,0.0,0.0,1408.0,361.0,1034.0,1822.0,0.0,40.0,0.0,4585.0,0.0,0.0,0.0,4625.0,0.0,0.0,0.0,4625.0
2018-07-24,2018,4625.0,160.0781662690491,7.940673694785246,6.854215920359948,0.19513550219298761,0.21994874575982815,0.0038011789184150178,0.0,0.0,1198.0,243.0,1039.0,2145.0,0.0,65.0,0.0,4560.0,0.0,0.0,0.0,4625.0,0.0,0.0,0.0,4625.0
2018-07-25,2018,4625.0,182.06657747487242,8.533110490662239,7.383114790929866,0.23605319249665774,0.24908355575405053,0.0031518167607745558,0.0002871088142405972,0.0,1047.0,309.0,1238.0,2031.0,0.0,53.0,2.0,4570.0,0.0,5.0,0.0,4620.0,0.0,0.0,0.0,4625.0
2018-07-26,2018,4625.0,224.47580464278437,8.226268940142939,7.231116180328963,0.5910303015304798,0.22725548785458827,0.006110100913431376,0.000977587789722922,5.7421762848119435e-05,1527.0,328.0,550.0,2220.0,0.0,111.0,0.0,4514.0,0.0,17.0,0.0,4608.0,0.0,1.0,0.0,4624.0
2018-07-27,2018,4625.0,147.96626729046648,6.196071932249786,5.367358152901993,0.35693238067642863,0.252780524806556,0.0030298841285538577,0.0005742176284811944,5.7421762848119435e-05,1071.0,200.0,769.0,2585.0,0.0,53.0,0.0,4572.0,0.0,10.0,0.0,4615.0,0.0,1.0,0.0,4624.0
2018-07-28,2018,4625.0,148.85183299831766,6.469508606760588,5.623329067849273,0.33608639762128717,0.25684329175572357,0.0028597455719668375,0.0005182136869379668,0.0,775.0,149.0,912.0,2789.0,0.0,49.0,0.0,4576.0,0.0,9.0,0.0,4616.0,0.0,0.0,0.0,4625.0
2018-07-29,2018,4625.0,138.8874075353848,6.321199438915451,5.584364800656241,0.24879927642400318,0.30021940784693196,0.0030298841285538577,0.0003445305770887166,0.0,806.0,134.0,791.0,2894.0,0.0,52.0,0.0,4573.0,0.0,6.0,0.0,4619.0,0.0,0.0,0.0,4625.0
2018-07-30,2018,4625.0,152.4228245817633,6.091373137093215,5.28451707803534,0.3755802943215674,0.30298203265951373,0.003649472038791591,0.0005167958656330749,0.0,933.0,93.0,627.0,2972.0,0.0,62.0,0.0,4563.0,0.0,9.0,0.0,4616.0,0.0,0.0,0.0,4625.0
2018-07-31,2018,4625.0,139.78797805523993,6.09680330470651,5.330958018798568,0.26347568337202154,0.2896105599330788,0.0026811000875504656,0.0005182136869379668,0.0,903.0,128.0,577.0,3017.0,0.0,45.0,2.0,4578.0,0.0,9.0,0.0,4616.0,0.0,0.0,0.0,4625.0
2018-08-01,2018,4625.0,144.22498577773854,6.17075794934777,5.39099017292145,0.16351238077133148,0.25207728543932967,0.0026477812868855076,0.00022968705139247774,0.0,811.0,248.0,495.0,3071.0,0.0,41.0,0.0,4584.0,0.0,4.0,0.0,4621.0,0.0,0.0,0.0,4625.0
2018-08-02,2018,4625.0,133.3738256616475,5.913580669624246,5.152653661741428,0.18643847639623548,0.19812634914558544,0.0029511950461323603,0.0001722652885443583,0.0,735.0,360.0,445.0,3085.0,0.0,50.0,0.0,4575.0,0.0,3.0,0.0,4622.0,0.0,0.0,0.0,4625.0
2018-08-03,2018,4625.0,90.737844745462,4.534882977694871,3.9998855776720723,0.1369999366548008,0.21686498442168842,0.0017722766311147973,0.00011484352569623887,0.0,525.0,283.0,475.0,3342.0,0.0,31.0,0.0,4594.0,0.0,2.0,0.0,4623.0,0.0,0.0,0.0,4625.0
2018-08-04,2018,4625.0,59.301944512131776,4.055578064028353,3.5855052931721705,0.01712704335636881,0.24372490013221185,0.0004225107488577677,0.0,0.0,468.0,185.0,611.0,3361.0,0.0,7.0,0.0,4618.0,0.0,0.0,0.0,4625.0,0.0,0.0,0.0,4625.0
2018-08-05,2018,4625.0,143.02056729296282,6.063494831119454,5.382162883315638,0.2319662266135574,0.274468228396834,0.0031426009222927584,0.00012193263222069807,0.0,543.0,152.0,789.0,3141.0,0.0,36.0,26.0,4563.0,0.0,2.0,0.0,4623.0,0.0,0.0,0.0,4625.0
2018-08-06,2018,4625.0,202.62985869452902,7.133087701878238,6.446675745151251,0.3419086323801103,0.3093792423871857,0.003212783076884905,0.00052459388280998,0.0001722652885443583,748.0,101.0,980.0,2796.0,2.0,39.0,8.0,4576.0,0.0,9.0,0.0,4616.0,0.0,3.0,0.0,4622.0
2018-08-07,2018,4625.0,152.71607335560864,7.526429903406732,6.592520262800547,0.12372539164266629,0.25342917805354404,0.0015985935212655474,0.00011484352569623887,0.0,1054.0,128.0,1235.0,2208.0,0.0,25.0,0.0,4600.0,0.0,2.0,0.0,4623.0,0.0,0.0,0.0,4625.0
2018-08-08,2018,4625.0,227.2171791928763,9.454044899497354,8.472616906264776,0.2763368603382104,0.22850246169224062,0.003911060069544135,0.0001722652885443583,0.0,847.0,849.0,890.0,2039.0,0.0,68.0,0.0,4557.0,0.0,3.0,0.0,4622.0,0.0,0.0,0.0,4625.0
2018-08-09,2018,4625.0,227.047672859398,6.82805485784073,6.268907286666049,0.5338580239785684,0.22090223058736794,0.002871088142405972,0.0008613264427217916,0.0003445305770887166,420.0,800.0,425.0,2980.0,0.0,50.0,0.0,4575.0,0.0,15.0,0.0,4610.0,0.0,6.0,0.0,4619.0
2018-08-10,2018,4625.0,91.81793420838748,6.20567519564145,5.544826576035868,0.07378342535291309,0.3365914866919748,0.0011923877174140356,0.00011484352569623887,0.0,304.0,359.0,1117.0,2845.0,0.0,20.0,0.0,4605.0,0.0,2.0,0.0,4623.0,0.0,0.0,0.0,4625.0
2018-08-11,2018,4625.0,185.8892714646374,9.012245474457872,8.088902859887417,0.2203914338217841,0.37516260638090476,0.0036026839357301598,0.0001644672713674532,0.0,692.0,202.0,1613.0,2118.0,0.0,51.0,1.0,4573.0,0.0,2.0,0.0,4623.0,0.0,0.0,0.0,4625.0
2018-08-12,2018,4625.0,433.4072734190098,10.499167395069804,9.445554094720173,1.3000422824085416,0.3180428394707273,0.009317921615749158,0.002284819032833197,0.0003445305770887166,1320.0,151.0,1086.0,2068.0,0.0,153.0,9.0,4463.0,0.0,40.0,0.0,4585.0,0.0,6.0,0.0,4619.0
2018-08-13,2018,4625.0,298.7521147008827,8.624845232749047,7.830610169869168,1.11286406876733,0.32550554190902553,0.00825810019034251,0.0020678923731847453,0.00022968705139247774,1305.0,166.0,885.0,2269.0,20.0,131.0,3.0,4471.0,0.0,36.0,0.0,4589.0,0.0,4.0,0.0,4621.0
2018-08-14,2018,4625.0,147.69744665033744,7.010055738270607,6.198518908489233,0.5207494881157085,0.3578722755677488,0.004283947072730688,0.0010697461745408918,0.00022968705139247774,986.0,205.0,1233.0,2201.0,24.0,54.0,5.0,4542.0,0.0,18.0,0.0,4607.0,0.0,4.0,0.0,4621.0
2018-08-15,2018,4625.0,298.53602593932396,10.87848769708502,9.460488363977436,0.9498576658638391,0.3678672068565838,0.0036551433240111586,0.00227914774761363,0.0004019523399368361,766.0,230.0,2019.0,1610.0,47.0,47.0,38.0,4493.0,0.0,42.0,0.0,4583.0,0.0,7.0,0.0,4618.0
2018-08-16,2018,4625.0,550.5516143509384,12.081407254302288,10.48385405014236,2.0010403704395046,0.24273809650400713,0.00977800462918656,0.0033970998465208437,0.000918748205569911,1280.0,529.0,849.0,1967.0,24.0,166.0,38.0,4397.0,0.0,59.0,0.0,4566.0,0.0,16.0,0.0,4609.0
2018-08-17,2018,4625.0,430.43534158475535,9.891235467291608,8.901182191389726,1.8006617870854267,0.2625542759718279,0.013178649028969635,0.003330462245190927,5.7421762848119435e-05,723.0,452.0,666.0,2784.0,0.0,225.0,1.0,4399.0,0.0,58.0,0.0,4567.0,0.0,1.0,0.0,4624.0
2018-08-18,2018,4625.0,123.03889645299152,6.7290814702408355,5.822495006237948,0.1412395860826647,0.3052122655721086,0.00231033981632125,5.7421762848119435e-05,0.0,675.0,249.0,1165.0,2536.0,0.0,40.0,0.0,4585.0,0.0,1.0,0.0,4624.0,0.0,0.0,0.0,4625.0
2018-08-19,2018,4625.0,154.9145151389901,8.890526586736147,7.926967735074989,0.10307827668497074,0.33341698479032195,0.0016333301432353974,6.380195872013274e-05,0.0,692.0,346.0,1742.0,1845.0,0.0,28.0,0.0,4597.0,0.0,1.0,0.0,4624.0,0.0,0.0,0.0,4625.0
2018-08-20,2018,4625.0,306.1810616077862,10.530579117289536,9.371154970389622,0.9344361877336399,0.26104429628211806,0.007308868826717424,0.0017226528854435831,5.7421762848119435e-05,1356.0,161.0,1376.0,1732.0,0.0,129.0,0.0,4496.0,0.0,30.0,0.0,4595.0,0.0,1.0,0.0,4624.0
2018-08-21,2018,4625.0,355.5058820894068,10.179481802364347,9.120280646645476,0.9341320872601168,0.20334605827954474,0.010131751044757074,0.0014929658340511053,5.7421762848119435e-05,1349.0,565.0,772.0,1939.0,0.0,172.0,0.0,4453.0,0.0,26.0,0.0,4599.0,0.0,1.0,0.0,4624.0
2018-08-22,2018,4625.0,291.6073601336118,8.900857837876826,8.214143957259765,0.6925777858986153,0.23643729862506774,0.006553170071210074,0.0010335917312661498,0.0,720.0,415.0,1205.0,2285.0,0.0,114.0,0.0,4511.0,0.0,18.0,0.0,4607.0,0.0,0.0,0.0,4625.0
2018-08-23,2018,4625.0,132.598202022998,7.339372785113089,6.560556909001712,0.12198797882291369,0.2809193153340918,0.001505017315142686,5.7421762848119435e-05,0.0,840.0,256.0,1219.0,2310.0,0.0,26.0,0.0,4599.0,0.0,1.0,0.0,4624.0,0.0,0.0,0.0,4625.0
2018-08-24,2018,4625.0,267.3221835890243,8.71922667105533,7.748737446366586,0.5867993121968137,0.342559805474917,0.0038181927740737194,0.0009761699684180305,0.0001722652885443583,828.0,195.0,1334.0,2268.0,0.0,65.0,0.0,4560.0,0.0,17.0,0.0,4608.0,0.0,3.0,0.0,4622.0
2018-08-25,2018,4625.0,165.35581343736519,7.776656596803135,6.778529641580613,0.2007369423716077,0.27073085143713915,0.0032496464308120923,0.0001743920205016961,0.0,1099.0,169.0,950.0,2407.0,0.0,55.0,2.0,4568.0,0.0,3.0,0.0,4622.0,0.0,0.0,0.0,4625.0
2018-08-26,2018,4625.0,160.68567851076975,7.393021526946403,6.36476974163004,0.2621012250144839,0.25934503744820525,0.004065602591777346,0.0004147127316808626,0.0,997.0,293.0,934.0,2401.0,0.0,49.0,0.0,4576.0,0.0,7.0,0.0,4618.0,0.0,0.0,0.0,4625.0
2018-08-27,2018,4625.0,168.8559287636787,7.298160191729935,6.220905046025748,0.6127344106501406,0.2576748439510426,0.004106719409619208,0.0012058570198105081,0.0,952.0,320.0,879.0,2474.0,0.0,79.0,0.0,4546.0,0.0,21.0,0.0,4604.0,0.0,0.0,0.0,4625.0
2018-08-28,2018,4625.0,192.00448396445918,8.549258942112441,7.139168056022359,0.20307208049046743,0.24938838733460228,0.002798070345204042,0.0003445305770887166,0.0,829.0,248.0,1469.0,2079.0,0.0,41.0,0.0,4584.0,0.0,6.0,0.0,4619.0,0.0,0.0,0.0,4625.0
2018-08-29,2018,4625.0,116.48730070288319,6.556135551902804,5.467355303239772,0.0824235753141167,0.20710541146946546,0.0008733779238133722,0.0001722652885443583,0.0,757.0,520.0,927.0,2421.0,0.0,14.0,0.0,4611.0,0.0,3.0,0.0,4622.0,0.0,0.0,0.0,4625.0
2018-08-30,2018,4625.0,93.75365693111209,5.915520069107566,5.168730789134166,0.0783809036282567,0.24709577028459218,0.0009357620612286131,0.00011697025765357664,0.0,506.0,394.0,1034.0,2691.0,0.0,16.0,0.0,4609.0,0.0,2.0,0.0,4623.0,0.0,0.0,0.0,4625.0
2018-08-31,2018,4625.0,118.4833287249435,6.49695382031631,5.830027982763063,0.09528941221494933,0.2796290979466403,0.0014383797138127696,5.7421762848119435e-05,0.0,888.0,227.0,1036.0,2474.0,0.0,25.0,0.0,4600.0,0.0,1.0,0.0,4624.0,0.0,0.0,0.0,4625.0
2018-09-01,2018,4625.0,189.6926608608626,7.138971094044898,6.488590930140045,0.46693176000819114,0.21127593283780477,0.0036962601418530213,0.0008492749616302109,0.0,1052.0,232.0,914.0,2427.0,0.0,65.0,0.0,4560.0,0.0,15.0,0.0,4610.0,0.0,0.0,0.0,4625.0
2018-09-02,2018,4625.0,180.86643495604963,6.832824453062625,6.022871285619632,0.4024671746331292,0.17697103745529433,0.0032127830768849046,0.0006890611541774332,0.00011484352569623887,974.0,244.0,1019.0,2388.0,0.0,55.0,0.0,4570.0,0.0,12.0,0.0,4613.0,0.0,2.0,0.0,4623.0
2018-09-03,2018,4625.0,107.20921606925475,5.5868797056632715,4.967539497732804,0.11055321935705237,0.225253524172081,0.0012058570198105081,0.0001722652885443583,5.7421762848119435e-05,860.0,261.0,865.0,2639.0,0.0,21.0,0.0,4604.0,0.0,3.0,0.0,4622.0,0.0,1.0,0.0,4624.0
2018-09-04,2018,4625.0,77.06057328736537,5.1947634506950875,4.626423982458644,0.023588972761824326,0.23407946179503264,0.00045299390691294226,0.0,0.0,670.0,278.0,863.0,2814.0,0.0,6.0,0.0,4619.0,0.0,0.0,0.0,4625.0,0.0,0.0,0.0,4625.0
2018-09-05,2018,4625.0,99.53716554081434,6.119513703078707,5.2855944816047415,0.009350443072823393,0.19126480294056136,0.0028122485582529606,3.4736621969850034e-05,0.0,521.0,186.0,1201.0,2717.0,0.0,6.0,0.0,4619.0,0.0,0.0,0.0,4625.0,0.0,0.0,0.0,4625.0
2018-09-06,2018,4625.0,217.23574381592098,6.444691134180024,5.645560657811282,0.5702684340252653,0.11763379802426599,0.003448850324149396,0.0008613264427217916,0.0004019523399368361,958.0,94.0,869.0,2704.0,0.0,56.0,0.0,4569.0,0.0,15.0,0.0,4610.0,0.0,7.0,0.0,4618.0
2018-09-07,2018,4625.0,234.25518744493286,7.477606486785886,6.820015053178218,0.4811579027447973,0.1067371323855198,0.004873760735565693,0.0006890611541774332,0.0,813.0,515.0,635.0,2662.0,0.0,82.0,0.0,4543.0,0.0,12.0,0.0,4613.0,0.0,0.0,0.0,4625.0
2018-09-08,2018,4625.0,176.04451830351883,5.987354246871462,5.452455668040146,0.37761057268033876,0.11665195677062842,0.0036813730181516576,0.0008627442640266834,0.0,325.0,509.0,319.0,3472.0,0.0,59.0,0.0,4566.0,0.0,15.0,0.0,4610.0,0.0,0.0,0.0,4625.0
2018-09-09,2018,4625.0,99.18595204001466,4.336640178125919,3.909218309029173,0.1385710445656393,0.12737139474626316,0.0023734328643889363,5.954849480545719e-05,0.0,253.0,304.0,372.0,3696.0,0.0,30.0,6.0,4589.0,0.0,1.0,0.0,4624.0,0.0,0.0,0.0,4625.0
2018-09-10,2018,4625.0,168.22068625646727,4.324924114646742,3.8037245461128855,0.6926120118510934,0.11315560943276516,0.0045136341241231665,0.001130003579998795,0.0004593741027849555,349.0,144.0,298.0,3834.0,15.0,33.0,28.0,4549.0,0.0,17.0,3.0,4605.0,0.0,8.0,0.0,4617.0
2018-09-11,2018,4625.0,82.39639897139031,4.089765748005773,3.6711798202879162,0.14259706840333755,0.10657124729284745,0.0033673255991181154,9.499402742775315e-05,0.0,318.0,267.0,244.0,3796.0,4.0,22.0,29.0,4570.0,0.0,0.0,0.0,4625.0,0.0,0.0,0.0,4625.0
2018-09-12,2018,4625.0,100.39031582567368,4.381334761648815,4.081011919160084,0.2949882188716808,0.11773375442626087,0.00495244981798719,0.00012193263222069807,0.0,321.0,329.0,207.0,3768.0,8.0,38.0,37.0,4542.0,0.0,1.0,2.0,4622.0,0.0,0.0,0.0,4625.0
2018-09-13,2018,4625.0,94.51006520744245,3.9448775828444247,3.6083485771408377,0.2435342217120163,0.14970420703026693,0.003092977176621545,0.00012476827483048176,0.0,368.0,260.0,271.0,3726.0,7.0,36.0,22.0,4560.0,0.0,2.0,0.0,4623.0,0.0,0.0,0.0,4625.0
2018-09-14,2018,4625.0,102.3296462066057,3.92906940156887,3.6142415397730105,0.1592688148800516,0.20267897335559315,0.001997001307940154,0.0001722652885443583,0.0,211.0,327.0,232.0,3855.0,0.0,34.0,1.0,4590.0,0.0,3.0,0.0,4622.0,0.0,0.0,0.0,4625.0
2018-09-15,2018,4625.0,52.593765929906695,3.0349384037724185,2.765976252164264,0.05609926295924831,0.1888027562446167,0.0006316393913293138,0.0,0.0,114.0,217.0,341.0,3953.0,0.0,11.0,0.0,4614.0,0.0,0.0,0.0,4625.0,0.0,0.0,0.0,4625.0
2018-09-16,2018,4625.0,34.34658857298626,2.841760919723189,2.4929291001622382,0.006234396444784628,0.16195347419387998,0.0004076236251564034,1.2051481091580622e-05,0.0,89.0,214.0,212.0,4110.0,0.0,3.0,0.0,4622.0,0.0,0.0,0.0,4625.0,0.0,0.0,0.0,4625.0
2018-09-17,2018,4625.0,34.92160824743965,2.6946432362600055,2.3894011889790416,0.012391687341638513,0.18244382769217682,0.002403916022444111,0.0,0.0,271.0,210.0,209.0,3935.0,0.0,3.0,0.0,4622.0,0.0,0.0,0.0,4625.0,0.0,0.0,0.0,4625.0
2018-09-18,2018,4625.0,27.41879637281281,2.2540202919122003,2.038727092714635,0.0031063710805532096,0.22425183342017488,0.005150944800672047,6.663760132991638e-05,0.0,95.0,298.0,125.0,4107.0,0.0,1.0,0.0,4624.0,0.0,0.0,0.0,4625.0,0.0,0.0,0.0,4625.0
2018-09-19,2018,4625.0,25.585110899312372,2.416959595039952,2.1982769191968226,0.0,0.2610676903336488,0.0046759746635332815,0.00036579789666209425,0.0,47.0,289.0,240.0,4049.0,0.0,0.0,0.0,4625.0,0.0,0.0,0.0,4625.0,0.0,0.0,0.0,4625.0
2018-09-20,2018,4625.0,121.83235115402526,5.887258139111737,5.104904210527836,0.05737580383607535,0.226328232721189,0.00440162624103671,0.00018573459094083078,0.0,244.0,134.0,1083.0,3164.0,0.0,6.0,21.0,4598.0,0.0,0.0,0.0,4625.0,0.0,0.0,0.0,4625.0
2018-09-21,2018,4625.0,326.3078630980034,10.106064690434758,8.835370090067359,0.6634717726872927,0.1581976655572215,0.004983641886694811,0.001382375772269542,0.0001722652885443583,669.0,255.0,1479.0,2222.0,0.0,76.0,9.0,4540.0,0.0,24.0,0.0,4601.0,0.0,3.0,0.0,4622.0
2018-09-22,2018,4625.0,322.3584913482946,10.118854044454613,9.07372978203741,0.44372213830349644,0.12564590621820979,0.0066999145762663805,0.00035161968361317584,0.0,642.0,822.0,705.0,2456.0,0.0,75.0,57.0,4493.0,0.0,6.0,0.0,4619.0,0.0,0.0,0.0,4625.0
2018-09-23,2018,4625.0,236.27667650786907,7.165182315769488,6.226903105703456,0.9911116373772059,0.11481375144883615,0.007195443122326077,0.0019643914179276415,0.0,742.0,397.0,327.0,3159.0,80.0,84.0,56.0,4405.0,8.0,14.0,28.0,4575.0,0.0,0.0,0.0,4625.0
2018-09-24,2018,4625.0,375.1955603950868,8.232571241420084,7.54190760412244,0.9748720895656156,0.1438833416630335,0.00797666266132148,0.0017226528854435831,0.0001722652885443583,545.0,586.0,234.0,3260.0,0.0,121.0,22.0,4482.0,0.0,30.0,0.0,4595.0,0.0,3.0,0.0,4622.0
2018-09-25,2018,4625.0,204.56847936923256,5.933126265862669,5.56839651198304,0.40367536192828113,0.13112294991900697,0.004058513485252886,0.0006316393913293138,0.0,190.0,506.0,335.0,3594.0,0.0,67.0,4.0,4554.0,0.0,11.0,0.0,4614.0,0.0,0.0,0.0,4625.0
2018-09-26,2018,4625.0,99.35265954936986,3.550353305141599,3.216764462987882,0.20358075853487156,0.07654533660850056,0.0018098488956944311,0.0003445305770887166,0.0,306.0,201.0,334.0,3784.0,0.0,25.0,6.0,4594.0,0.0,6.0,0.0,4619.0,0.0,0.0,0.0,4625.0
2018-09-27,2018,4625.0,59.9025066114776,3.3522540299084174,3.0253691536311855,0.015764946671060456,0.08893851263456011,0.0006259681061097464,0.0,0.0,236.0,261.0,268.0,3860.0,0.0,8.0,3.0,4614.0,0.0,0.0,0.0,4625.0,0.0,0.0,0.0,4625.0
2018-09-28,2018,4625.0,39.67306097962182,2.9608272943233898,2.6728451713720256,0.0038932840918794566,0.09867540044590481,0.00014178213048918382,0.0,0.0,156.0,183.0,310.0,3976.0,0.0,1.0,1.0,4623.0,0.0,0.0,0.0,4625.0,0.0,0.0,0.0,4625.0
2018-09-29,2018,4625.0,41.795993398994305,2.607153105544999,2.375978463480216,0.025164100872901506,0.0820500278247431,0.0004593741027849555,0.0,0.0,186.0,211.0,170.0,4058.0,0.0,7.0,1.0,4617.0,0.0,0.0,0.0,4625.0,0.0,0.0,0.0,4625.0
2018-09-30,2018,4625.0,30.632274130775492,2.063349401243599,1.8798062181203765,0.009073090846672988,0.0983308698688161,0.00025662565618542264,0.0,0.0,63.0,137.0,187.0,4238.0,0.0,4.0,1.0,4620.0,0.0,0.0,0.0,4625.0,0.0,0.0,0.0,4625.0
2020-06-03,2020,4625.0,196.79202926458765,7.327906828088205,6.3247367455032455,0.25991687601981733,0.2171691070915877,0.004878014199480368,0.0002651325840147737,0.0,564.0,321.0,687.0,3053.0,3.0,43.0,22.0,4557.0,0.0,4.0,0.0,4621.0,0.0,0.0,0.0,4625.0
2020-06-04,2020,4625.0,289.810431176613,9.349400935904384,8.231829598926256,0.3280912439610746,0.235097457491945,0.004344913388841037,0.0004593741027849555,0.0,668.0,362.0,827.0,2768.0,0.0,65.0,5.0,4555.0,0.0,8.0,0.0,4617.0,0.0,0.0,0.0,4625.0
2020-06-05,2020,4625.0,237.8880784114043,7.692047275154815,7.186705850271288,0.2810932216415176,0.28145099832342624,0.005133222034360899,0.00011697025765357664,0.0,428.0,776.0,377.0,3044.0,0.0,63.0,17.0,4545.0,0.0,2.0,0.0,4623.0,0.0,0.0,0.0,4625.0
2020-06-06,2020,4625.0,157.55591952613005,5.662955274816003,5.314955838299204,0.2430597562528985,0.3027707772850849,0.002991602953321778,0.0004593741027849555,0.0,339.0,593.0,132.0,3561.0,0.0,46.0,5.0,4574.0,0.0,8.0,0.0,4617.0,0.0,0.0,0.0,4625.0
2020-06-07,2020,4625.0,66.32659445468632,3.620456248162369,3.277082049056454,0.09961653128965402,0.2723655994016794,0.00161206282366202,5.7421762848119435e-05,0.0,186.0,346.0,114.0,3979.0,0.0,27.0,2.0,4596.0,0.0,1.0,0.0,4624.0,0.0,0.0,0.0,4625.0
2020-06-08,2020,4625.0,45.12864879400302,3.1894048288864205,2.9042108702982126,0.01995929889882609,0.20556991099626762,0.0003509107729607299,0.0,0.0,96.0,379.0,200.0,3950.0,0.0,5.0,1.0,4619.0,0.0,0.0,0.0,4625.0,0.0,0.0,0.0,4625.0
2020-06-09,2020,4625.0,60.23389841209183,3.662897913022313,3.275425641841725,0.03488244463946368,0.233294697702775,0.00043172658733956463,5.7421762848119435e-05,0.0,76.0,265.0,330.0,3954.0,0.0,5.0,0.0,4620.0,0.0,1.0,0.0,4624.0,0.0,0.0,0.0,4625.0
2020-06-10,2020,4625.0,62.118329016637965,5.073614713567021,4.46791274340638,4.239000874755777e-06,0.3135292053466041,0.0008010690372638884,2.126731957337757e-06,0.0,208.0,120.0,1005.0,3292.0,0.0,0.0,0.0,4625.0,0.0,0.0,0.0,4625.0,0.0,0.0,0.0,4625.0
2020-06-11,2020,4625.0,139.6051186115669,7.071821805593534,6.16774844420381,0.15217830517580797,0.3346604140747121,0.0029469415822176853,0.00011484352569623887,0.0,858.0,263.0,884.0,2620.0,0.0,42.0,0.0,4583.0,0.0,2.0,0.0,4623.0,0.0,0.0,0.0,4625.0
2020-06-12,2020,4625.0,124.23759566949856,7.169829185348829,6.271136990316757,0.06204296607067476,0.26987874083289914,0.001987785469458357,5.7421762848119435e-05,0.0,956.0,219.0,1121.0,2329.0,0.0,18.0,6.0,4601.0,0.0,1.0,0.0,4624.0,0.0,0.0,0.0,4625.0
2020-06-13,2020,4625.0,109.65224077088743,6.43416312561715,5.570547103922911,0.12302041012038778,0.2222782261637655,0.0010385541058332713,0.00022968705139247774,0.0,1042.0,234.0,870.0,2479.0,0.0,18.0,0.0,4607.0,0.0,4.0,0.0,4621.0,0.0,0.0,0.0,4625.0
2020-06-14,2020,4625.0,104.7756473334102,6.696716319651861,5.7396049999739445,0.06263633822599252,0.2723152667453558,0.0009782967003753682,5.7421762848119435e-05,0.0,846.0,197.0,1175.0,2407.0,0.0,17.0,0.0,4608.0,0.0,1.0,0.0,4624.0,0.0,0.0,0.0,4625.0
2020-06-15,2020,4625.0,129.7166752213372,7.363299046112205,6.586406502185877,0.037125715772827986,0.3362320689911847,0.0008521106042399946,0.0,0.0,934.0,299.0,1172.0,2220.0,0.0,13.0,0.0,4612.0,0.0,0.0,0.0,4625.0,0.0,0.0,0.0,4625.0
2020-06-16,2020,4625.0,163.80664652275908,7.500957229812608,6.596200607138012,0.178243900527865,0.31507604839024117,0.005270041790282961,0.0001743920205016961,0.0,1223.0,332.0,664.0,2406.0,2.0,37.0,4.0,4582.0,0.0,3.0,0.0,4622.0,0.0,0.0,0.0,4625.0
2020-06-17,2020,4625.0,222.31376974610447,8.229608414860309,7.070718573084309,0.3654647678824556,0.2450619056227248,0.008277949688610996,0.0005167958656330749,5.7421762848119435e-05,1111.0,402.0,589.0,2523.0,0.0,71.0,12.0,4542.0,0.0,9.0,0.0,4616.0,0.0,1.0,0.0,4624.0
2020-06-18,2020,4625.0,169.66951246588388,6.337409713362112,5.318708474350009,0.4774738391846628,0.21970984286995388,0.004521432141300071,0.0009782967003753682,5.7421762848119435e-05,879.0,326.0,495.0,2925.0,0.0,75.0,1.0,4549.0,0.0,17.0,0.0,4608.0,0.0,1.0,0.0,4624.0
2020-06-19,2020,4625.0,165.15678200303216,6.722360060492947,5.805960639836454,0.2368193902140424,0.21380957950964652,0.0027796386682404483,0.0004019523399368361,0.0,713.0,420.0,580.0,2912.0,0.0,47.0,1.0,4577.0,0.0,7.0,0.0,4618.0,0.0,0.0,0.0,4625.0
2020-06-20,2020,4625.0,119.6151884819361,6.3947730344992815,5.471618207638945,0.10026582497519415,0.25357379582664297,0.0014816232636119708,6.167522676279495e-05,0.0,733.0,295.0,733.0,2864.0,0.0,28.0,0.0,4597.0,0.0,1.0,0.0,4624.0,0.0,0.0,0.0,4625.0
2020-06-21,2020,4625.0,148.51483076479533,6.575856620463132,5.652901113863208,0.1817409195230132,0.2973284702062575,0.0025669654725066727,0.00022968705139247774,0.0,827.0,283.0,733.0,2782.0,2.0,35.0,13.0,4575.0,0.0,4.0,0.0,4621.0,0.0,0.0,0.0,4625.0
2020-06-22,2020,4625.0,187.47883919729537,7.194871013887132,6.383689168781327,0.5608262287716806,0.24644428139499439,0.004931182498413812,0.0008039046798736722,0.0,793.0,280.0,837.0,2715.0,0.0,83.0,3.0,4539.0,0.0,14.0,0.0,4611.0,0.0,0.0,0.0,4625.0
2020-06-23,2020,4625.0,138.69290382657874,6.586466444542756,5.787712979248468,0.17404332475961348,0.21489137716527898,0.0026215515927450086,0.00023039596204492367,0.0,727.0,468.0,774.0,2656.0,0.0,42.0,5.0,4578.0,0.0,4.0,0.0,4621.0,0.0,0.0,0.0,4625.0
2020-06-24,2020,4625.0,152.4452692610976,7.172324192936598,6.274194333499733,0.3052564995232367,0.27071383758148043,0.0019743161670618846,0.0006890611541774332,0.00011484352569623887,672.0,320.0,940.0,2693.0,6.0,30.0,9.0,4580.0,0.0,12.0,0.0,4613.0,0.0,2.0,0.0,4623.0
2020-06-25,2020,4625.0,257.8330849277655,8.62479409154658,7.574266795535451,0.8926335003098368,0.30219017946073173,0.0064801522740081455,0.0020501696068735975,0.00017297419919680423,645.0,393.0,1094.0,2493.0,24.0,60.0,51.0,4490.0,2.0,33.0,5.0,4585.0,0.0,3.0,0.0,4622.0
2020-06-26,2020,4625.0,244.29792034566316,8.237103158160897,7.514436397262468,0.8539352298169522,0.24141881377980529,0.008613973337870362,0.0013611084526961644,0.0001722652885443583,1031.0,419.0,628.0,2547.0,37.0,73.0,60.0,4455.0,0.0,19.0,5.0,4601.0,0.0,3.0,0.0,4622.0
2020-06-27,2020,4625.0,343.28481985279603,8.556232852772633,7.847058449427059,1.2611125753198738,0.24353207643474656,0.005652144631951311,0.0023507477235106674,0.0005742176284811944,836.0,450.0,982.0,2357.0,18.0,79.0,13.0,4515.0,0.0,41.0,0.0,4584.0,0.0,10.0,0.0,4615.0
2020-06-28,2020,4625.0,222.58436262232885,7.3021436073270225,6.546962646560567,0.4248842381503449,0.27159784916508045,0.0027619159019293005,0.0003445305770887166,0.0001722652885443583,987.0,283.0,1081.0,2274.0,0.0,47.0,0.0,4578.0,0.0,6.0,0.0,4619.0,0.0,3.0,0.0,4622.0
2020-06-29,2020,4625.0,154.27899942448676,7.626998159346665,6.914343710336803,0.1601958981071029,0.3596069799342839,0.0024783516409509327,0.0,0.0,897.0,376.0,1280.0,2072.0,0.0,43.0,0.0,4582.0,0.0,0.0,0.0,4625.0,0.0,0.0,0.0,4625.0
2020-06-30,2020,4625.0,143.1722095136929,7.026053717168502,6.340142784013088,0.1332980224471272,0.3806431946349642,0.001644672713674532,0.0001722652885443583,0.0,695.0,502.0,988.0,2440.0,0.0,28.0,1.0,4596.0,0.0,3.0,0.0,4622.0,0.0,0.0,0.0,4625.0
2020-07-01,2020,4625.0,100.91344691440962,6.131244518301297,5.516646873608908,0.041861445910142264,0.31003711147265556,0.0007627878620318088,0.0,0.0,394.0,564.0,797.0,2870.0,0.0,11.0,4.0,4610.0,0.0,0.0,0.0,4625.0,0.0,0.0,0.0,4625.0
2020-07-02,2020,4625.0,170.21755031478702,6.95729676971601,6.280275545357951,0.44590752413673,0.35831250908291773,0.003384339454776817,0.0008039046798736722,5.7421762848119435e-05,504.0,308.0,947.0,2866.0,3.0,53.0,4.0,4565.0,0.0,14.0,0.0,4611.0,0.0,1.0,0.0,4624.0
2020-07-03,2020,4625.0,139.0816554773261,7.518674687692518,6.5979489508244304,0.22149521670152156,0.36916734899316966,0.002791690149332029,0.0004090414464612953,0.0,762.0,170.0,1576.0,2117.0,4.0,31.0,13.0,4577.0,0.0,7.0,0.0,4618.0,0.0,0.0,0.0,4625.0
2020-07-04,2020,4625.0,215.7168986082066,10.373727116746037,9.21009911514974,0.1957052303490179,0.37326556147495954,0.00493685378363338,7.514452915926741e-05,0.0,1125.0,239.0,1859.0,1402.0,5.0,48.0,13.0,4559.0,0.0,1.0,0.0,4624.0,0.0,0.0,0.0,4625.0
2020-07-05,2020,4625.0,272.837891403192,11.366501157267344,10.156841247438201,0.4414802772780041,0.3062947721383935,0.006987732301159424,0.0009258373120943701,6.592869067747047e-05,1404.0,349.0,1657.0,1215.0,2.0,55.0,18.0,4550.0,0.0,14.0,0.0,4611.0,0.0,1.0,0.0,4624.0
2020-07-06,2020,4625.0,310.8491280700565,10.230626484440124,9.096888332370867,0.7701927738689286,0.2592684750977411,0.007526504397018322,0.001006653126473205,0.0004600830134374014,1506.0,423.0,1101.0,1595.0,31.0,85.0,6.0,4503.0,2.0,18.0,1.0,4604.0,0.0,8.0,0.0,4617.0
2020-07-07,2020,4625.0,302.52668171365514,9.121715109964075,7.880342456843759,1.0074866311934378,0.2781403855765039,0.007539973699414795,0.0020707280157945297,0.0005813067350056535,1237.0,440.0,727.0,2221.0,16.0,99.0,12.0,4498.0,4.0,26.0,6.0,4589.0,0.0,10.0,0.0,4615.0
2020-07-08,2020,4625.0,358.14074926241324,9.453480183010958,8.302883886055364,1.0262863037639511,0.31619754504241065,0.008110646774633759,0.0017311598132729344,0.0004700077625716443,883.0,359.0,1296.0,2087.0,0.0,98.0,8.0,4519.0,0.0,29.0,0.0,4596.0,0.0,8.0,0.0,4617.0
2020-07-09,2020,4625.0,245.27384385993471,9.873656016096058,8.859989878968555,0.6123890863341572,0.2796262623040305,0.010025414446890188,0.0008606175320693457,0.0,1055.0,563.0,1306.0,1701.0,22.0,74.0,48.0,4481.0,0.0,11.0,1.0,4613.0,0.0,0.0,0.0,4625.0
2020-07-10,2020,4625.0,350.28745562455714,10.219931098414945,9.449115848382942,1.1298720449418038,0.28233146535376413,0.014941000910950191,0.002091995335367907,0.00022968705139247774,964.0,704.0,702.0,2255.0,70.0,114.0,37.0,4404.0,8.0,18.0,11.0,4588.0,0.0,4.0,0.0,4621.0
2020-07-11,2020,4625.0,269.2639227222993,8.000582557443122,7.264922948094099,0.832898505525745,0.3243011027105199,0.012008237541781422,0.002093413156672799,0.0001722652885443583,840.0,566.0,567.0,2652.0,43.0,60.0,60.0,4462.0,3.0,22.0,2.0,4598.0,0.0,3.0,0.0,4622.0
2020-07-12,2020,4625.0,253.90364130512273,7.810037298407204,6.97264678073784,0.9351674804491801,0.3723560291078714,0.0049857686186521475,0.0017630607926330004,0.0002871088142405972,820.0,491.0,735.0,2579.0,20.0,62.0,4.0,4539.0,0.0,33.0,0.0,4592.0,0.0,5.0,0.0,4620.0
2020-07-13,2020,4625.0,162.88363571709215,7.641174358541086,6.7613190979806825,0.25783995487119576,0.4009627006660216,0.0028108307369480684,0.000464336477352077,5.7421762848119435e-05,853.0,407.0,1128.0,2237.0,0.0,47.0,0.0,4578.0,0.0,8.0,0.0,4617.0,0.0,1.0,0.0,4624.0
2020-07-14,2020,4625.0,153.99419250712933,8.368175165500247,7.284398076603219,0.11728476041119855,0.3573597331660304,0.0017928350400357289,7.089106524459189e-06,0.0,930.0,177.0,1546.0,1972.0,0.0,29.0,2.0,4594.0,0.0,0.0,0.0,4625.0,0.0,0.0,0.0,4625.0
2020-07-15,2020,4625.0,189.47650760675273,9.447054172300579,8.430742737785696,0.08278239587183034,0.3763748435965873,0.0022160546995459427,2.8356426097836756e-06,0.0,1143.0,351.0,1393.0,1738.0,4.0,28.0,5.0,4588.0,0.0,0.0,0.0,4625.0,0.0,0.0,0.0,4625.0
2020-07-16,2020,4625.0,147.84338132348893,7.632398109665974,6.798498563008824,0.16599174462694863,0.3809622044285648,0.0031029019257557875,0.00018360785898349302,0.0,1239.0,396.0,941.0,2049.0,1.0,48.0,4.0,4572.0,0.0,3.0,0.0,4622.0,0.0,0.0,0.0,4625.0
2020-07-17,2020,4625.0,83.96711483592344,5.752513162777544,5.017585419902299,0.13044454826050136,0.3603442470128277,0.002026775555342882,0.00011484352569623887,0.0,537.0,550.0,550.0,2988.0,0.0,29.0,4.0,4592.0,0.0,2.0,0.0,4623.0,0.0,0.0,0.0,4625.0
2020-07-18,2020,4625.0,117.16343691591541,6.870707803158237,5.999213257942526,0.20990266224874193,0.24051495269793674,0.0034523948774116252,0.00011697025765357664,0.0,483.0,206.0,1043.0,2893.0,0.0,33.0,20.0,4572.0,0.0,2.0,0.0,4623.0,0.0,0.0,0.0,4625.0
2020-07-19,2020,4625.0,231.8104661193695,9.524148014525998,8.481191723920043,0.562640112400055,0.3039929392499016,0.007644892475976791,0.0010321739099612582,0.00022968705139247774,668.0,320.0,1613.0,2024.0,32.0,38.0,51.0,4504.0,0.0,11.0,6.0,4608.0,0.0,4.0,0.0,4621.0
2020-07-20,2020,4625.0,394.56714912113085,11.289334084339307,10.177329978498975,1.48606538830529,0.3112691981866066,0.01472336534064929,0.004340659924926362,0.0003558731475278513,1313.0,373.0,1288.0,1651.0,35.0,112.0,53.0,4425.0,1.0,61.0,0.0,4563.0,0.0,6.0,0.0,4619.0
2020-07-21,2020,4625.0,305.6129973217749,10.342304747924437,9.40836969541369,0.7394033531183236,0.3018435221516856,0.007596686551610468,0.0010973936899862826,0.00022968705139247774,1399.0,681.0,1014.0,1531.0,6.0,92.0,14.0,4513.0,0.0,19.0,0.0,4606.0,0.0,4.0,0.0,4621.0
2020-07-22,2020,4625.0,168.94623347889384,8.337544544407432,7.4566058371202875,0.24520239124132628,0.30598001580870754,0.0023932823626574224,0.0005742176284811944,0.0,940.0,648.0,1065.0,1972.0,0.0,35.0,0.0,4590.0,0.0,10.0,0.0,4615.0,0.0,0.0,0.0,4625.0
2020-07-23,2020,4625.0,148.4353309721194,7.9821273386909315,7.045706080967874,0.14444932346070333,0.36915742424403536,0.0031915157573115275,6.167522676279495e-05,0.0,1208.0,214.0,1275.0,1928.0,0.0,46.0,0.0,4579.0,0.0,1.0,0.0,4624.0,0.0,0.0,0.0,4625.0
2020-07-24,2020,4625.0,184.15973980212792,8.150806853879171,7.179843064000751,0.2757098270749744,0.27508427175380956,0.003821737327335949,0.0003558731475278513,0.0,1331.0,335.0,1202.0,1757.0,0.0,64.0,0.0,4561.0,0.0,6.0,0.0,4619.0,0.0,0.0,0.0,4625.0
2020-07-25,2020,4625.0,145.9104124275581,7.146252840207125,6.487487065558103,0.14203141166068411,0.2288824378019516,0.0019395795450920343,6.0966316110349036e-05,0.0,616.0,682.0,814.0,2513.0,0.0,33.0,0.0,4592.0,0.0,1.0,0.0,4624.0,0.0,0.0,0.0,4625.0
2020-07-26,2020,4625.0,69.8231584926263,5.1416660354611325,4.596303857748592,0.03269192014123982,0.22717396312955698,0.00034594839839360847,5.7421762848119435e-05,0.0,315.0,594.0,414.0,3302.0,0.0,6.0,0.0,4619.0,0.0,1.0,0.0,4624.0,0.0,0.0,0.0,4625.0
2020-07-27,2020,4625.0,74.68143543241997,5.9218778177591895,5.321020045049127,0.020828443058976184,0.24620892305838235,0.00041896619559553814,1.4178213048918378e-06,0.0,263.0,211.0,1043.0,3108.0,0.0,3.0,0.0,4622.0,0.0,0.0,0.0,4625.0,0.0,0.0,0.0,4625.0
2020-07-28,2020,4625.0,134.96976123769628,8.267935223550687,7.525699234156907,0.12494551039553499,0.41644672713674535,0.002403207111791665,0.0001673029139772369,0.0,661.0,128.0,1849.0,1987.0,1.0,29.0,0.0,4595.0,0.0,3.0,0.0,4622.0,0.0,0.0,0.0,4625.0
2020-07-29,2020,4625.0,257.8671363738322,9.831184044297187,8.948754002469425,0.3702050253535892,0.4115034931572399,0.004539863818263666,0.00042392857016265956,5.7421762848119435e-05,1382.0,470.0,1267.0,1506.0,0.0,67.0,10.0,4548.0,0.0,7.0,0.0,4618.0,0.0,1.0,0.0,4624.0
2020-07-30,2020,4625.0,176.33751100174885,7.960548466918502,7.148657319031926,0.2962920099039813,0.3322607515161827,0.004138620388979275,0.00046079192408984734,0.0,1215.0,401.0,902.0,2107.0,6.0,68.0,5.0,4546.0,0.0,8.0,0.0,4617.0,0.0,0.0,0.0,4625.0
2020-07-31,2020,4625.0,136.2121298508923,7.6226176702714765,6.793170127966269,0.2781932618531299,0.39208713929739863,0.002241575483033996,0.0006316393913293138,0.0,711.0,331.0,1763.0,1820.0,0.0,39.0,0.0,4586.0,0.0,11.0,0.0,4614.0,0.0,0.0,0.0,4625.0
2020-08-01,2020,4625.0,136.68345864756222,7.763214522325979,7.000185251064554,0.07292591939928693,0.40978013136114394,0.0017070568510897729,0.0,0.0,551.0,629.0,1471.0,1974.0,0.0,26.0,1.0,4598.0,0.0,0.0,0.0,4625.0,0.0,0.0,0.0,4625.0
2020-08-02,2020,4625.0,142.7116488655294,7.434201180694777,6.688210275499973,0.114378298748164,0.383601478787621,0.004797907295753981,6.38019587201327e-06,0.0,459.0,540.0,1243.0,2383.0,1.0,21.0,23.0,4580.0,0.0,0.0,0.0,4625.0,0.0,0.0,0.0,4625.0
2020-08-03,2020,4625.0,121.68150023322467,7.561829708302686,6.694935733986682,0.07688119070681883,0.40376431556448783,0.009393066144908428,5.7421762848119435e-05,0.0,780.0,257.0,1472.0,2116.0,2.0,10.0,24.0,4589.0,0.0,1.0,0.0,4624.0,0.0,0.0,0.0,4625.0
2020-08-04,2020,4625.0,188.0077338835256,9.720088202768352,8.47782189807744,0.42540166538080687,0.3876897665202766,0.014641131704965565,0.0014660272292581606,2.055840892093165e-05,773.0,197.0,1823.0,1832.0,48.0,25.0,28.0,4524.0,3.0,17.0,2.0,4603.0,0.0,0.0,0.0,4625.0
2020-08-05,2020,4625.0,359.74711259050724,11.341972163249533,9.981369089447664,1.4699408221766674,0.3418813779805262,0.010617354841682526,0.0035488067261442704,0.0007046571885312435,1512.0,131.0,1586.0,1396.0,81.0,101.0,16.0,4427.0,0.0,58.0,0.0,4567.0,0.0,12.0,0.0,4613.0
2020-08-06,2020,4625.0,313.1901252657332,9.356316244815362,8.422204737592715,1.2364527735353747,0.35428447875572006,0.007260662902351102,0.0028725059637108637,0.0005742176284811944,1414.0,396.0,863.0,1952.0,29.0,79.0,25.0,4492.0,0.0,49.0,0.0,4576.0,0.0,10.0,0.0,4615.0
2020-08-07,2020,4625.0,259.1053634204717,8.011503321671055,7.301440419818885,1.1291970578097565,0.406128532590395,0.0061703583188892795,0.0021855715414907683,0.0001722652885443583,692.0,782.0,741.0,2410.0,15.0,82.0,0.0,4528.0,0.0,38.0,0.0,4587.0,0.0,3.0,0.0,4622.0
2020-08-08,2020,4625.0,190.97996782018174,9.356635098129011,8.175302018417584,0.5163363211248014,0.4463748081510547,0.003737376959694885,0.001215072858292305,5.7421762848119435e-05,623.0,359.0,1774.0,1869.0,17.0,45.0,4.0,4559.0,0.0,21.0,0.0,4604.0,0.0,1.0,0.0,4624.0
2020-08-09,2020,4625.0,194.962381342864,10.05998306077718,8.80213892010304,0.19908992594673428,0.43502089514148085,0.0042463748081510546,5.883958415301128e-05,0.0,1056.0,369.0,1714.0,1486.0,8.0,48.0,19.0,4550.0,0.0,1.0,0.0,4624.0,0.0,0.0,0.0,4625.0
2020-08-10,2020,4625.0,300.3621672128267,10.443511391375852,9.51011036430866,0.5386693254796354,0.34374085062189186,0.007385431177181584,0.0004600830134374014,0.0,1178.0,661.0,1076.0,1710.0,1.0,121.0,7.0,4496.0,0.0,8.0,0.0,4617.0,0.0,0.0,0.0,4625.0
2020-08-11,2020,4625.0,194.457287793963,9.591509304494316,8.553888854048262,0.17110779804955892,0.2993105843904963,0.0032461018775498626,0.00011484352569623887,0.0,1052.0,397.0,1520.0,1656.0,0.0,50.0,5.0,4570.0,0.0,2.0,0.0,4623.0,0.0,0.0,0.0,4625.0
2020-08-12,2020,4625.0,301.3628823121174,11.709710840118523,10.17765883234469,0.468235406387954,0.3200518922597591,0.005336679391612878,0.0008039046798736722,0.0,1378.0,284.0,1552.0,1411.0,2.0,91.0,1.0,4531.0,0.0,14.0,0.0,4611.0,0.0,0.0,0.0,4625.0
2020-08-13,2020,4625.0,376.0590566009425,11.918691460176687,10.316218143010444,1.0950667524711664,0.3134023103398163,0.010888867621569317,0.0015787440229970615,5.7421762848119435e-05,1922.0,249.0,1050.0,1404.0,0.0,177.0,5.0,4443.0,0.0,27.0,0.0,4598.0,0.0,1.0,0.0,4624.0
2020-08-14,2020,4625.0,381.8276216515007,11.383964477647044,10.04820063918727,1.0053667214186461,0.30098928481548826,0.010554261793614843,0.0016390014284549646,0.00011484352569623887,1894.0,211.0,997.0,1523.0,12.0,151.0,28.0,4434.0,0.0,28.0,0.0,4597.0,0.0,2.0,0.0,4623.0
2020-08-15,2020,4625.0,433.49666890474026,11.66805731335857,10.239603356068931,1.3755536183633126,0.2741385849434467,0.009719873955685996,0.0028583277506619453,0.0003445305770887166,1454.0,196.0,1323.0,1652.0,28.0,131.0,53.0,4413.0,0.0,50.0,0.0,4575.0,0.0,6.0,0.0,4619.0
2020-08-16,2020,4625.0,428.17499574007024,11.581820406428022,10.341137628263365,1.4064117109408805,0.2243921977293592,0.010054479783640468,0.0025265575653172553,0.0004019523399368361,1518.0,314.0,1195.0,1598.0,9.0,159.0,2.0,4455.0,0.0,44.0,0.0,4581.0,0.0,7.0,0.0,4618.0
2020-08-17,2020,4625.0,300.159830373654,10.26233225758498,8.981192879460567,0.7547223255582598,0.2076264607990132,0.010832154769373641,0.0012391758204754663,7.089106524459189e-07,1328.0,490.0,1097.0,1710.0,0.0,134.0,2.0,4489.0,0.0,21.0,0.0,4604.0,0.0,0.0,0.0,4625.0
2020-08-18,2020,4625.0,276.6184941830231,10.733450931349882,9.458102389961075,0.5743390502929687,0.2614278169450914,0.00779092807038065,0.0007939799307394293,5.813067350056536e-05,1066.0,307.0,1772.0,1480.0,0.0,100.0,0.0,4525.0,0.0,13.0,0.0,4612.0,0.0,1.0,0.0,4624.0
2020-08-19,2020,4625.0,253.1394864003792,10.900434391307527,9.112823844838822,0.22670553220985018,0.26035169057467844,0.004427147024524764,6.0257405457903115e-05,0.0,1250.0,250.0,1597.0,1528.0,0.0,58.0,3.0,4564.0,0.0,1.0,0.0,4624.0,0.0,0.0,0.0,4625.0
2020-08-20,2020,4625.0,366.5369655120431,12.001279544253311,10.401851547185288,0.9755401749606128,0.25780103004717797,0.008798290107506301,0.0014929658340511053,5.7421762848119435e-05,1705.0,199.0,1296.0,1425.0,0.0,151.0,0.0,4474.0,0.0,26.0,0.0,4599.0,0.0,1.0,0.0,4624.0
2020-08-21,2020,4625.0,382.2732918934474,11.628191001443888,10.546081445264381,1.034690651344545,0.24462805230342793,0.010255101498282664,0.0014929658340511053,5.7421762848119435e-05,1588.0,531.0,1071.0,1435.0,7.0,149.0,53.0,4416.0,0.0,26.0,0.0,4599.0,0.0,1.0,0.0,4624.0
2020-08-22,2020,4625.0,255.19661352152065,9.07000294894831,8.027996623869047,1.0620750365823677,0.24954222094618303,0.005313285340082163,0.0019977102185926,0.0004593741027849555,1103.0,568.0,793.0,2161.0,71.0,88.0,15.0,4451.0,7.0,48.0,0.0,4570.0,0.0,8.0,0.0,4617.0
2020-08-23,2020,4625.0,228.80129077388418,8.398153100354245,7.310257123294979,0.7775316158286086,0.22225057864832007,0.005237431900270449,0.001505017315142686,0.0001233504535255899,922.0,398.0,938.0,2367.0,63.0,57.0,59.0,4446.0,3.0,27.0,3.0,4592.0,0.0,2.0,0.0,4623.0
2020-08-24,2020,4625.0,396.49660904672726,9.447442583330764,8.388284872086016,1.5003262549670173,0.19386792285634283,0.013664961736547535,0.0027895634173746913,0.00022259794486801857,766.0,512.0,786.0,2561.0,30.0,121.0,63.0,4411.0,0.0,54.0,0.0,4571.0,0.0,4.0,0.0,4621.0
2020-08-25,2020,4625.0,418.2696675195084,9.947210535234074,9.00978124650165,0.9288217582336695,0.20148871237013644,0.009682301691106362,0.002212510146283713,4.962374567121432e-06,503.0,446.0,1061.0,2615.0,0.0,97.0,19.0,4509.0,0.0,36.0,0.0,4589.0,0.0,0.0,0.0,4625.0
2020-08-26,2020,4625.0,315.64772669377226,9.764370209615725,8.549846072443835,1.1143733436405003,0.17996618496187833,0.00719686094363097,0.002655579304062413,0.0,645.0,303.0,1281.0,2396.0,31.0,112.0,45.0,4437.0,0.0,51.0,0.0,4574.0,0.0,0.0,0.0,4625.0
2020-08-27,2020,4625.0,398.8181988535265,11.078244748085961,9.482219252739677,1.0618552308106446,0.12990007904353776,0.00899465835823382,0.002093413156672799,0.0,1034.0,515.0,876.0,2200.0,15.0,142.0,73.0,4395.0,0.0,35.0,0.0,4590.0,0.0,0.0,0.0,4625.0
2020-08-28,2020,4625.0,316.2583389576844,9.241707617067675,7.981312846611768,1.370049509534368,0.1633528638218082,0.009313668151834485,0.0022642606239122653,0.00022968705139247774,912.0,485.0,858.0,2370.0,26.0,179.0,7.0,4413.0,0.0,39.0,0.0,4586.0,0.0,4.0,0.0,4621.0
2020-08-29,2020,4625.0,306.19033032784534,8.381302263606084,7.235655954548847,1.395061668547464,0.13622781552727,0.007149363929917094,0.00280374163042361,0.00043527114060179425,792.0,440.0,558.0,2835.0,13.0,147.0,1.0,4464.0,0.0,54.0,0.0,4571.0,0.0,8.0,0.0,4617.0
2020-08-30,2020,4625.0,545.7908386819663,9.61229216653023,8.554016819221083,1.8079088558127654,0.13917404819883525,0.009327137454230956,0.0035679473137603104,0.0005182136869379667,785.0,455.0,428.0,2957.0,2.0,165.0,3.0,4455.0,0.0,62.0,0.0,4563.0,0.0,9.0,0.0,4616.0
2020-08-31,2020,4625.0,391.9728214038653,8.590339714926087,7.783641293219827,1.0814408547918837,0.19874451923451827,0.008431074389539314,0.002077108211666542,0.00011484352569623887,515.0,482.0,631.0,2997.0,0.0,142.0,0.0,4483.0,0.0,36.0,0.0,4589.0,0.0,2.0,0.0,4623.0
2020-09-01,2020,4625.0,122.80405895341006,6.771483500435613,6.007316051898432,0.06704392221811656,0.2832090967414922,0.0011831718789322386,0.00011484352569623887,0.0,410.0,372.0,1063.0,2780.0,0.0,16.0,0.0,4609.0,0.0,2.0,0.0,4623.0,0.0,0.0,0.0,4625.0
2020-09-02,2020,4625.0,124.59444497882001,7.0606620312180945,6.278636139890398,0.09403425226984798,0.24634007152908483,0.0016092271810522359,5.7421762848119435e-05,0.0,631.0,317.0,1139.0,2538.0,0.0,28.0,0.0,4597.0,0.0,1.0,0.0,4624.0,0.0,0.0,0.0,4625.0
2020-09-03,2020,4625.0,98.93614696273946,6.640182453219693,5.794725457512063,0.04219218815983953,0.17012296055266676,0.0008039046798736722,0.0,0.0,462.0,413.0,1028.0,2722.0,0.0,14.0,0.0,4611.0,0.0,0.0,0.0,4625.0,0.0,0.0,0.0,4625.0
2020-09-04,2020,4625.0,85.34866100800767,5.579982077130919,4.75121517737579,0.060523045010991525,0.16227390180878554,0.0012413025524328043,5.7421762848119435e-05,0.0,549.0,348.0,747.0,2981.0,0.0,21.0,1.0,4603.0,0.0,1.0,0.0,4624.0,0.0,0.0,0.0,4625.0
2020-09-05,2020,4625.0,106.87774523670052,6.254905991631911,5.4102171149715215,0.0496540168088239,0.1879825466197368,0.0014043520024953654,7.089106524459189e-07,0.0,309.0,391.0,653.0,3272.0,0.0,14.0,10.0,4601.0,0.0,0.0,0.0,4625.0,0.0,0.0,0.0,4625.0
2020-09-06,2020,4625.0,92.46747297415041,6.508513406668045,5.6900036649663,0.1056975739386466,0.2906831417502295,0.0017382489197973936,1.1342570439134702e-05,3.5445532622295946e-06,353.0,282.0,1222.0,2768.0,0.0,16.0,12.0,4597.0,0.0,0.0,0.0,4625.0,0.0,0.0,0.0,4625.0
2020-09-07,2020,4625.0,147.90290679614893,6.668707707118276,6.000378258764285,0.2940552227711097,0.26953633698776774,0.002703785228428735,0.0005749265391336402,0.0,587.0,565.0,643.0,2830.0,0.0,46.0,1.0,4578.0,0.0,10.0,0.0,4615.0,0.0,0.0,0.0,4625.0
2020-09-08,2020,4625.0,159.98580394382356,5.917770664776696,5.3712732168673725,0.44561922304686763,0.2725314844943517,0.002608082290348536,0.0011491441676148347,0.0,440.0,381.0,699.0,3105.0,0.0,45.0,0.0,4580.0,0.0,20.0,0.0,4605.0,0.0,0.0,0.0,4625.0
2020-09-09,2020,4625.0,78.47358289990483,5.494233606970281,4.937768755297644,0.05126034679721505,0.353446546364529,0.0011406372397854835,5.671285219567351e-06,0.0,434.0,164.0,1239.0,2788.0,0.0,17.0,0.0,4608.0,0.0,0.0,0.0,4625.0,0.0,0.0,0.0,4625.0
2020-09-10,2020,4625.0,103.01576176264025,6.412032170631523,5.811610375581149,0.06186882714681081,0.368252145340862,0.0009577382914544365,5.7421762848119435e-05,0.0,680.0,286.0,1446.0,2213.0,0.0,14.0,1.0,4610.0,0.0,1.0,0.0,4624.0,0.0,0.0,0.0,4625.0
2020-09-11,2020,4625.0,105.02263493137436,6.4936638360398025,5.840947600363177,0.0748116905557978,0.3233206792781872,0.0012469738376523715,1.346930239647246e-05,0.0,819.0,287.0,1166.0,2353.0,0.0,18.0,3.0,4604.0,0.0,0.0,0.0,4625.0,0.0,0.0,0.0,4625.0
2020-09-12,2020,4625.0,106.87061030348596,6.215891967770753,5.480182976374352,0.13488316507358572,0.2858675116881644,0.0021749378817040796,0.0001155524363486848,0.0,681.0,221.0,1124.0,2599.0,0.0,32.0,4.0,4589.0,0.0,2.0,0.0,4623.0,0.0,0.0,0.0,4625.0
2020-09-13,2020,4625.0,133.02209715782573,6.430779610187137,5.649240253828848,0.21872539389129475,0.24291461525646615,0.002976006918967968,0.0003445305770887166,0.0,964.0,155.0,870.0,2636.0,0.0,47.0,5.0,4573.0,0.0,6.0,0.0,4619.0,0.0,0.0,0.0,4625.0
2020-09-14,2020,4625.0,136.45884972328003,6.578216178045428,5.8355125059894775,0.1916889151023315,0.2586169862081433,0.003585670080071458,6.521978002502455e-05,0.0,873.0,279.0,739.0,2734.0,0.0,56.0,5.0,4564.0,0.0,1.0,0.0,4624.0,0.0,0.0,0.0,4625.0
2020-09-15,2020,4625.0,167.71850367793346,6.6729004900624025,5.955070972276932,0.44750062253087775,0.27592291305565303,0.004751119192692548,0.0005827245563105454,5.7421762848119435e-05,747.0,201.0,875.0,2802.0,0.0,70.0,9.0,4546.0,0.0,10.0,0.0,4615.0,0.0,1.0,0.0,4624.0
2020-09-16,2020,4625.0,126.10637537273911,6.19830196234077,5.466671640387582,0.2770130553477837,0.24959609815576894,0.002756244616709733,0.0004019523399368361,0.0,668.0,395.0,770.0,2792.0,0.0,41.0,7.0,4577.0,0.0,7.0,0.0,4618.0,0.0,0.0,0.0,4625.0
2020-09-17,2020,4625.0,115.27537538119111,5.741235394573346,5.073819452885911,0.22746795557688426,0.26134203875614537,0.0020806527649287723,0.0004593741027849555,0.0,648.0,293.0,782.0,2902.0,0.0,36.0,1.0,4588.0,0.0,8.0,0.0,4617.0,0.0,0.0,0.0,4625.0
2020-09-18,2020,4625.0,134.78366753438996,6.493538318262199,5.828212264398709,0.1778237675842461,0.327235992811646,0.002223852716722848,0.000236067247264491,0.0,624.0,237.0,1166.0,2598.0,0.0,31.0,0.0,4594.0,0.0,4.0,0.0,4621.0,0.0,0.0,0.0,4625.0
2020-09-19,2020,4625.0,140.09970013010448,6.419157000714909,5.730365518726382,0.20276928006564532,0.3400041825728494,0.008312686310580845,0.00042180183820532185,0.0,575.0,197.0,1005.0,2848.0,0.0,30.0,11.0,4584.0,0.0,6.0,0.0,4619.0,0.0,0.0,0.0,4625.0
2020-09-20,2020,4625.0,114.04035900575073,6.540358299894554,5.745316365337751,0.22863958832356066,0.36372575082499475,0.006456049311824984,0.000708910652445919,0.0,661.0,197.0,1261.0,2506.0,20.0,19.0,9.0,4577.0,0.0,12.0,0.0,4613.0,0.0,0.0,0.0,4625.0
2020-09-21,2020,4625.0,174.30102298620682,8.652620664321178,7.699578641672664,0.240247369855334,0.324299684889215,0.003161032599256353,0.00034665730904605437,5.7421762848119435e-05,1138.0,225.0,1320.0,1942.0,2.0,48.0,0.0,4575.0,0.0,6.0,0.0,4619.0,0.0,1.0,0.0,4624.0
2020-09-22,2020,4625.0,260.8294128845968,9.60806022353266,8.54121515350358,0.4000866322781509,0.22330472878850716,0.007873161706064377,0.00042392857016265956,0.0,1255.0,375.0,875.0,2120.0,2.0,56.0,56.0,4511.0,0.0,7.0,0.0,4618.0,0.0,0.0,0.0,4625.0
2020-09-23,2020,4625.0,242.1622173176138,7.914272430044151,6.8008998247737775,0.6179550376880316,0.21701314674804964,0.008758591110969329,0.0012980154046284774,0.00011626134700113071,1311.0,304.0,456.0,2554.0,19.0,57.0,49.0,4500.0,0.0,17.0,0.0,4608.0,0.0,2.0,0.0,4623.0
2020-09-24,2020,4625.0,259.95275013622796,7.615106286111321,6.902617446651836,0.8964017988769141,0.2643882278297055,0.009567458165410124,0.0015900865934361963,5.7421762848119435e-05,770.0,646.0,324.0,2885.0,28.0,124.0,13.0,4460.0,0.0,23.0,4.0,4598.0,0.0,1.0,0.0,4624.0
2020-09-25,2020,4625.0,447.6269029513359,9.046413385265785,8.10004234238983,1.407193197565871,0.2280693172835962,0.010546463776437937,0.002506708067048769,0.00022968705139247774,450.0,378.0,1020.0,2777.0,12.0,140.0,30.0,4443.0,0.0,43.0,0.0,4582.0,0.0,4.0,0.0,4621.0
2020-09-26,2020,4625.0,308.5237220705313,8.099682864356417,7.409157617444251,0.8734969086015388,0.16383350524416654,0.009436309694707627,0.001451140105556796,7.089106524459189e-07,710.0,585.0,172.0,3158.0,11.0,147.0,8.0,4459.0,0.0,25.0,0.0,4600.0,0.0,0.0,0.0,4625.0
2020-09-27,2020,4625.0,101.34276101823373,4.262709998088985,3.853055269333996,0.1686652930208473,0.14786458388716978,0.0018807399609390232,0.0001722652885443583,0.0,225.0,483.0,135.0,3782.0,0.0,30.0,3.0,4592.0,0.0,3.0,0.0,4622.0,0.0,0.0,0.0,4625.0
2020-09-28,2020,4625.0,24.66933554733607,2.1238973596698227,1.838232105475528,0.004213231628482883,0.1836184926432797,0.00033885929186914924,0.0,0.0,97.0,203.0,79.0,4246.0,0.0,4.0,1.0,4620.0,0.0,0.0,0.0,4625.0,0.0,0.0,0.0,4625.0
2020-09-29,2020,4625.0,29.07816040695423,2.681679044971012,2.3060668123048877,0.002307143752639358,0.23056042931629112,0.00011484352569623887,0.0,0.0,56.0,105.0,407.0,4057.0,0.0,2.0,0.0,4623.0,0.0,0.0,0.0,4625.0,0.0,0.0,0.0,4625.0
2020-09-30,2020,4625.0,64.8126528198572,3.8900788301609897,3.2808153046907633,0.008603494180215372,0.18589834930154575,0.0003331880066495819,2.8356426097836756e-06,0.0,257.0,273.0,484.0,3611.0,0.0,5.0,0.0,4620.0,0.0,0.0,0.0,4625.0,0.0,0.0,0.0,4625.0
