date,fold,n_cells,mse_mm2,mae_mm,twcrps_64.5_mm,brier_7.5,hits_7.5,misses_7.5,false_alarms_7.5,correct_negatives_7.5,hits_64.5,misses_64.5,false_alarms_64.5,correct_negatives_64.5,hits_115.6,misses_115.6,false_alarms_115.6,correct_negatives_115.6,hits_204.5,misses_204.5,false_alarms_204.5,correct_negatives_204.5
2018-06-05,2018,4625.0,49.092177887972404,3.3659499162935345,0.0009690040382179054,0.3446454206144129,178.0,168.0,594.0,3685.0,0.0,1.0,0.0,4624.0,0.0,0.0,0.0,4625.0,0.0,0.0,0.0,4625.0
2018-06-06,2018,4625.0,94.16136313464557,5.203728232296509,0.014750317828597639,0.34705713465403387,288.0,282.0,781.0,3274.0,0.0,6.0,2.0,4617.0,0.0,0.0,0.0,4625.0,0.0,0.0,0.0,4625.0
2018-06-07,2018,4625.0,196.67161363540976,6.622895471196838,0.3109179695702378,0.35113407981625033,531.0,203.0,846.0,3045.0,0.0,12.0,54.0,4559.0,0.0,0.0,8.0,4617.0,0.0,0.0,0.0,4625.0
2018-06-08,2018,4625.0,403.379236796324,9.173766359037762,1.2528485924564468,0.34728682170542635,552.0,221.0,1226.0,2626.0,14.0,37.0,72.0,4502.0,3.0,10.0,38.0,4574.0,0.0,0.0,9.0,4616.0
2018-06-09,2018,4625.0,425.9730176080255,9.407858794096407,1.5153751535361484,0.3093310364628194,547.0,312.0,995.0,2771.0,15.0,19.0,90.0,4501.0,2.0,1.0,62.0,4560.0,0.0,0.0,6.0,4619.0
2018-06-10,2018,4625.0,252.27802157331078,9.250352723997795,0.6192455850067679,0.30858455354579384,611.0,449.0,1013.0,2552.0,42.0,7.0,47.0,4529.0,3.0,4.0,30.0,4588.0,0.0,0.0,0.0,4625.0
2018-06-11,2018,4625.0,427.61139356294905,11.06400438060754,1.0058918149071616,0.32420327304048235,610.0,304.0,1147.0,2564.0,31.0,25.0,141.0,4428.0,1.0,10.0,18.0,4596.0,0.0,1.0,0.0,4624.0
2018-06-12,2018,4625.0,355.76986385044023,8.233886643195325,1.0122078904948282,0.24582256675279932,550.0,361.0,572.0,3142.0,46.0,39.0,99.0,4441.0,11.0,10.0,14.0,4590.0,0.0,0.0,8.0,4617.0
2018-06-13,2018,4625.0,422.665903878467,7.2019413761784925,2.0630478052977548,0.23284524834912432,445.0,421.0,169.0,3590.0,28.0,29.0,186.0,4382.0,0.0,12.0,50.0,4563.0,0.0,0.0,13.0,4612.0
2018-06-14,2018,4625.0,259.9740482659587,4.6373812890373145,1.4582463021302967,0.2044214757393052,437.0,214.0,59.0,3915.0,24.0,56.0,134.0,4411.0,0.0,19.0,28.0,4578.0,0.0,0.0,0.0,4625.0
2018-06-15,2018,4625.0,216.22749257488587,4.196533979837,1.1550496559654333,0.2156187194946885,356.0,135.0,152.0,3982.0,29.0,44.0,89.0,4463.0,0.0,8.0,30.0,4587.0,0.0,0.0,1.0,4624.0
2018-06-16,2018,4625.0,268.28209877951434,4.46764062238608,1.2730459703935426,0.1506172839506173,317.0,297.0,144.0,3867.0,14.0,19.0,98.0,4494.0,0.0,0.0,45.0,4580.0,0.0,0.0,4.0,4621.0
2018-06-17,2018,4625.0,167.1226420962724,3.6773139241710044,0.7669514909397602,0.15119150157909847,267.0,224.0,150.0,3984.0,10.0,24.0,80.0,4511.0,0.0,3.0,22.0,4600.0,0.0,0.0,1.0,4624.0
2018-06-18,2018,4625.0,100.6909052147923,2.9989942454330527,0.18172935126295842,0.18340511053689348,225.0,194.0,165.0,4041.0,0.0,9.0,46.0,4570.0,0.0,2.0,1.0,4622.0,0.0,0.0,0.0,4625.0
2018-06-19,2018,4625.0,73.00023968413763,2.948290302318134,0.09581360814941309,0.2286534596612116,167.0,189.0,234.0,4035.0,4.0,2.0,22.0,4597.0,0.0,0.0,0.0,4625.0,0.0,0.0,0.0,4625.0
2018-06-20,2018,4625.0,111.38943515245892,4.2543274147123284,0.2053284384808104,0.22641401091013494,149.0,266.0,413.0,3797.0,3.0,9.0,33.0,4580.0,0.0,1.0,1.0,4623.0,0.0,0.0,0.0,4625.0
2018-06-21,2018,4625.0,153.39535335603372,5.503787412836462,0.24974045318233623,0.22004019523399368,265.0,265.0,657.0,3438.0,3.0,13.0,41.0,4568.0,0.0,2.0,1.0,4622.0,0.0,0.0,0.0,4625.0
2018-06-22,2018,4625.0,179.4757509347162,6.350801296030905,0.2133199791498974,0.21998277347114556,423.0,443.0,643.0,3116.0,6.0,22.0,35.0,4562.0,0.0,3.0,3.0,4619.0,0.0,0.0,0.0,4625.0
2018-06-23,2018,4625.0,240.27229742602788,6.662963287576023,0.6731367228804019,0.21757105943152455,467.0,428.0,425.0,3305.0,8.0,32.0,64.0,4521.0,0.0,7.0,12.0,4606.0,0.0,1.0,0.0,4624.0
2018-06-24,2018,4625.0,247.00628127305055,6.928877653339526,0.704682033001376,0.2594315245478036,528.0,236.0,920.0,2941.0,10.0,24.0,76.0,4515.0,0.0,4.0,17.0,4604.0,0.0,2.0,0.0,4623.0
2018-06-25,2018,4625.0,258.9604688601773,8.502000291013374,0.592896128498791,0.2631639391329314,606.0,137.0,1268.0,2614.0,6.0,39.0,75.0,4505.0,0.0,13.0,4.0,4608.0,0.0,1.0,0.0,4624.0
2018-06-26,2018,4625.0,372.88884554098235,10.180984145180288,1.2227720809277345,0.3104794717197818,990.0,161.0,1234.0,2240.0,1.0,137.0,36.0,4451.0,0.0,42.0,2.0,4581.0,0.0,3.0,2.0,4620.0
2018-06-27,2018,4625.0,314.7242834156269,11.802684277933745,0.2898555977710422,0.3527418891759977,1164.0,337.0,1376.0,1748.0,4.0,52.0,35.0,4534.0,0.0,4.0,0.0,4621.0,0.0,0.0,0.0,4625.0
2018-06-28,2018,4625.0,396.16787132346207,12.803549863253213,0.5860393076047743,0.3223083548664944,1637.0,441.0,1048.0,1499.0,5.0,78.0,35.0,4507.0,0.0,12.0,0.0,4613.0,0.0,1.0,0.0,4624.0
2018-06-29,2018,4625.0,303.45110656922515,10.585894035769762,0.5678083214450892,0.331725523973586,1122.0,581.0,1088.0,1834.0,12.0,69.0,51.0,4493.0,0.0,3.0,9.0,4613.0,0.0,0.0,0.0,4625.0
2018-06-30,2018,4625.0,199.97712870433406,7.763371144413476,0.3962401654629651,0.24099913867355727,301.0,766.0,717.0,2841.0,0.0,5.0,60.0,4560.0,0.0,0.0,10.0,4615.0,0.0,0.0,0.0,4625.0
2018-07-01,2018,4625.0,347.84680399035324,8.14374899181573,1.487494850171544,0.20097616996841802,437.0,318.0,638.0,3232.0,54.0,25.0,77.0,4469.0,7.0,15.0,35.0,4568.0,0.0,2.0,10.0,4613.0
2018-07-02,2018,4625.0,640.0452407231741,11.04600897689022,2.7119858678763973,0.24921045076083836,639.0,553.0,663.0,2770.0,53.0,64.0,147.0,4361.0,3.0,38.0,70.0,4514.0,0.0,4.0,7.0,4614.0
2018-07-03,2018,4625.0,449.4566931309383,10.629465169996477,1.5487631356130342,0.2579385587137525,789.0,627.0,630.0,2579.0,18.0,78.0,122.0,4407.0,0.0,9.0,42.0,4574.0,0.0,0.0,3.0,4622.0
2018-07-04,2018,4625.0,244.5285397039017,7.883501042109612,1.0074207787579696,0.3049095607235142,598.0,636.0,722.0,2669.0,27.0,39.0,73.0,4486.0,1.0,27.0,6.0,4591.0,0.0,5.0,0.0,4620.0
2018-07-05,2018,4625.0,209.87443965054405,7.823229761171733,0.5920516391002698,0.2972724662647143,560.0,573.0,805.0,2687.0,17.0,43.0,29.0,4536.0,1.0,16.0,4.0,4604.0,0.0,0.0,0.0,4625.0
2018-07-06,2018,4625.0,224.0521699847599,8.685234307052077,0.3143518748514873,0.2667240884295148,613.0,335.0,997.0,2680.0,11.0,38.0,13.0,4563.0,0.0,8.0,0.0,4617.0,0.0,0.0,0.0,4625.0
2018-07-07,2018,4625.0,472.05526058273045,10.649920247103852,1.2619496193668638,0.24421475739305196,749.0,252.0,801.0,2823.0,16.0,79.0,97.0,4433.0,0.0,38.0,3.0,4584.0,0.0,3.0,0.0,4622.0
2018-07-08,2018,4625.0,277.6206826958761,8.447059552259466,0.6306979033211538,0.2690783807062877,962.0,245.0,765.0,2653.0,9.0,43.0,37.0,4536.0,0.0,18.0,1.0,4606.0,0.0,2.0,0.0,4623.0
2018-07-09,2018,4625.0,255.33749748573004,8.68807242741035,0.6233131723637424,0.3222509331036463,952.0,128.0,940.0,2605.0,23.0,35.0,130.0,4437.0,0.0,6.0,5.0,4614.0,0.0,1.0,1.0,4623.0
2018-07-10,2018,4625.0,402.55501739572685,11.973126799650279,0.9464589165540206,0.35010048808498423,889.0,357.0,1154.0,2225.0,23.0,56.0,165.0,4381.0,0.0,10.0,7.0,4608.0,0.0,1.0,0.0,4624.0
2018-07-11,2018,4625.0,502.5288240228686,12.971982499332485,1.557536865072285,0.32592592592592595,1028.0,241.0,1317.0,2039.0,40.0,63.0,203.0,4319.0,2.0,12.0,28.0,4583.0,0.0,0.0,0.0,4625.0
2018-07-12,2018,4625.0,481.3940487536022,14.228786004744403,1.1707880564735436,0.32362905541200115,1306.0,268.0,1432.0,1619.0,41.0,65.0,158.0,4361.0,1.0,9.0,24.0,4591.0,0.0,0.0,0.0,4625.0
2018-07-13,2018,4625.0,506.68692219946956,13.942243597670572,1.4037912229401994,0.3151880562733276,1452.0,400.0,1231.0,1542.0,40.0,93.0,76.0,4416.0,4.0,19.0,36.0,4566.0,0.0,0.0,0.0,4625.0
2018-07-14,2018,4625.0,441.106710108478,12.84358282532059,1.2885165454398573,0.32948607522250933,1073.0,430.0,1263.0,1859.0,40.0,37.0,80.0,4468.0,5.0,6.0,50.0,4564.0,0.0,0.0,1.0,4624.0
2018-07-15,2018,4625.0,535.591269897081,12.653910735197933,2.1209396291622507,0.3228825724949756,1237.0,380.0,1081.0,1927.0,39.0,55.0,109.0,4422.0,3.0,14.0,63.0,4545.0,1.0,1.0,11.0,4612.0
2018-07-16,2018,4625.0,531.3223904692576,13.536096066772934,2.3733274196933523,0.36032156187194947,1254.0,316.0,1278.0,1777.0,74.0,117.0,140.0,4294.0,15.0,33.0,54.0,4523.0,1.0,2.0,6.0,4616.0
2018-07-17,2018,4625.0,437.5744500696417,12.391584527657658,1.6831597085320391,0.3294286534596612,1359.0,511.0,908.0,1847.0,61.0,97.0,96.0,4371.0,7.0,18.0,48.0,4552.0,0.0,3.0,1.0,4621.0
2018-07-18,2018,4625.0,362.46872084502627,10.09201945503649,0.909012040517772,0.3040482342807924,856.0,471.0,1016.0,2282.0,7.0,87.0,34.0,4497.0,0.0,22.0,2.0,4601.0,0.0,5.0,0.0,4620.0
2018-07-19,2018,4625.0,198.1206176098431,8.987111150277325,0.20325777941739467,0.35664656904966985,838.0,137.0,1508.0,2142.0,3.0,39.0,25.0,4558.0,0.0,0.0,0.0,4625.0,0.0,0.0,0.0,4625.0
2018-07-20,2018,4625.0,559.8418487019547,12.639439565281844,1.5236328223850613,0.3479758828596038,974.0,194.0,1823.0,1634.0,13.0,53.0,107.0,4452.0,0.0,0.0,35.0,4590.0,0.0,0.0,13.0,4612.0
2018-07-21,2018,4625.0,428.62186365926294,12.908227975829304,1.424431229653729,0.2958369221935113,1330.0,155.0,1634.0,1506.0,16.0,113.0,107.0,4389.0,3.0,20.0,15.0,4587.0,0.0,2.0,3.0,4620.0
2018-07-22,2018,4625.0,614.1066279061702,15.394487005063528,1.8107321810465646,0.3113982199253517,1581.0,180.0,1407.0,1457.0,67.0,111.0,154.0,4293.0,12.0,20.0,16.0,4577.0,0.0,11.0,0.0,4614.0
2018-07-23,2018,4625.0,600.8630489195791,14.712535316812207,1.8668604509001137,0.2463393626184324,1507.0,262.0,1101.0,1755.0,21.0,19.0,296.0,4289.0,0.0,0.0,45.0,4580.0,0.0,0.0,0.0,4625.0
2018-07-24,2018,4625.0,347.7621688681612,10.376127795189555,0.9349757554669426,0.22492104507608385,1150.0,291.0,855.0,2329.0,10.0,55.0,159.0,4401.0,0.0,0.0,5.0,4620.0,0.0,0.0,0.0,4625.0
2018-07-25,2018,4625.0,265.94872741573374,9.99021854148946,0.29777682338276035,0.24685615848406547,1021.0,335.0,1145.0,2124.0,0.0,53.0,22.0,4550.0,0.0,5.0,0.0,4620.0,0.0,0.0,0.0,4625.0
2018-07-26,2018,4625.0,264.60674849000605,8.81271559704208,0.6600219448961651,0.22457651449899513,1431.0,424.0,541.0,2229.0,3.0,108.0,24.0,4490.0,0.0,17.0,1.0,4607.0,0.0,1.0,0.0,4624.0
2018-07-27,2018,4625.0,200.80480050679307,7.463390843158111,0.3579073073839314,0.2662647143267298,975.0,296.0,822.0,2532.0,0.0,53.0,4.0,4568.0,0.0,10.0,0.0,4615.0,0.0,1.0,0.0,4624.0
2018-07-28,2018,4625.0,230.65903912220332,8.401740676007623,0.34382235998697736,0.2664369796152742,760.0,164.0,1083.0,2618.0,0.0,49.0,12.0,4564.0,0.0,9.0,0.0,4616.0,0.0,0.0,0.0,4625.0
2018-07-29,2018,4625.0,246.02111940691515,8.146973967742225,0.2635455231477621,0.2732701693942004,794.0,146.0,796.0,2889.0,0.0,52.0,16.0,4557.0,0.0,6.0,0.0,4619.0,0.0,0.0,0.0,4625.0
2018-07-30,2018,4625.0,281.19797956097136,8.3373619733339,0.4760803050864706,0.2895779500430663,937.0,89.0,701.0,2898.0,7.0,55.0,49.0,4514.0,0.0,9.0,0.0,4616.0,0.0,0.0,0.0,4625.0
2018-07-31,2018,4625.0,289.0121798650621,8.442834186671329,0.6365754977900339,0.29595176571920756,887.0,144.0,733.0,2861.0,6.0,39.0,96.0,4484.0,0.0,9.0,7.0,4609.0,0.0,0.0,0.0,4625.0
2018-08-01,2018,4625.0,323.7263793488792,8.708626450132117,0.7114241419879535,0.2589147286821705,767.0,292.0,658.0,2908.0,10.0,31.0,95.0,4489.0,0.0,4.0,17.0,4604.0,0.0,0.0,0.0,4625.0
2018-08-02,2018,4625.0,255.51392291471151,7.3157750057906235,0.5429616549757112,0.21808785529715763,673.0,422.0,426.0,3104.0,6.0,44.0,79.0,4496.0,0.0,3.0,14.0,4608.0,0.0,0.0,0.0,4625.0
2018-08-03,2018,4625.0,138.65212731613673,5.177659879030507,0.14336909008503654,0.2044214757393052,472.0,336.0,383.0,3434.0,0.0,31.0,3.0,4591.0,0.0,2.0,0.0,4623.0,0.0,0.0,0.0,4625.0
2018-08-04,2018,4625.0,103.84635586502205,4.556529707544047,0.06174658793820986,0.23611828883146713,414.0,239.0,555.0,3417.0,0.0,7.0,17.0,4601.0,0.0,0.0,0.0,4625.0,0.0,0.0,0.0,4625.0
2018-08-05,2018,4625.0,329.5962016419212,7.374477526463807,0.9491278467529192,0.25093310364628196,515.0,180.0,719.0,3211.0,4.0,32.0,59.0,4530.0,0.0,2.0,29.0,4594.0,0.0,0.0,5.0,4620.0
2018-08-06,2018,4625.0,341.6300718310984,8.304081034128188,0.827517558433623,0.3012345679012346,756.0,93.0,933.0,2843.0,7.0,34.0,49.0,4535.0,1.0,8.0,17.0,4599.0,0.0,3.0,5.0,4617.0
2018-08-07,2018,4625.0,215.36994475980617,8.171520263759295,0.25074387789128905,0.24536319265001436,973.0,209.0,995.0,2448.0,0.0,25.0,40.0,4560.0,0.0,2.0,0.0,4623.0,0.0,0.0,0.0,4625.0
2018-08-08,2018,4625.0,242.4941627143699,9.367938686695387,0.28133990580726426,0.24484639678438128,827.0,869.0,856.0,2073.0,1.0,67.0,4.0,4553.0,0.0,3.0,0.0,4622.0,0.0,0.0,0.0,4625.0
2018-08-09,2018,4625.0,255.68422420377294,7.84381432032935,0.5338580239785684,0.23020384725811083,530.0,690.0,718.0,2687.0,0.0,50.0,0.0,4575.0,0.0,15.0,0.0,4610.0,0.0,6.0,0.0,4619.0
2018-08-10,2018,4625.0,118.02110146055914,6.5220350060512295,0.07848173555324156,0.3036462819408556,309.0,354.0,1045.0,2917.0,0.0,20.0,3.0,4602.0,0.0,2.0,0.0,4623.0,0.0,0.0,0.0,4625.0
2018-08-11,2018,4625.0,373.62557572635916,11.779995638099876,0.4343439523996063,0.36853287395923057,472.0,422.0,1458.0,2273.0,6.0,45.0,63.0,4511.0,0.0,2.0,4.0,4619.0,0.0,0.0,0.0,4625.0
2018-08-12,2018,4625.0,747.0976266436676,14.334500407113614,2.307217531702588,0.34194659776055125,1179.0,292.0,1018.0,2136.0,20.0,133.0,168.0,4304.0,0.0,40.0,26.0,4559.0,0.0,6.0,2.0,4617.0
2018-08-13,2018,4625.0,340.8477298498363,9.327491432522358,1.5547075554102079,0.29710020097616996,1241.0,230.0,795.0,2359.0,47.0,104.0,68.0,4406.0,5.0,31.0,25.0,4564.0,0.0,4.0,0.0,4621.0
2018-08-14,2018,4625.0,169.12842691897595,7.234984653819866,0.6458603558600093,0.341831754234855,912.0,279.0,953.0,2481.0,48.0,30.0,32.0,4515.0,14.0,4.0,15.0,4592.0,0.0,4.0,0.0,4621.0
2018-08-15,2018,4625.0,412.4721678590079,12.291746622372893,1.36497740740222,0.36026414010910135,734.0,262.0,1680.0,1949.0,67.0,27.0,103.0,4428.0,18.0,24.0,23.0,4560.0,0.0,7.0,3.0,4615.0
2018-08-16,2018,4625.0,748.8232140471375,14.037609107167851,3.0097673884168645,0.22136089577950044,1225.0,584.0,736.0,2080.0,79.0,111.0,170.0,4265.0,11.0,48.0,37.0,4529.0,0.0,16.0,13.0,4596.0
2018-08-17,2018,4625.0,619.8787298901195,12.45843628005501,2.7140147118006905,0.23508469710020097,677.0,498.0,714.0,2736.0,80.0,145.0,187.0,4213.0,4.0,54.0,37.0,4530.0,0.0,1.0,2.0,4622.0
2018-08-18,2018,4625.0,146.616787301722,7.340798156044006,0.2076881341004664,0.31151306345104796,680.0,244.0,1073.0,2628.0,22.0,18.0,47.0,4538.0,0.0,1.0,0.0,4624.0,0.0,0.0,0.0,4625.0
2018-08-19,2018,4625.0,167.51517867659103,7.930951149433077,0.15986699568582535,0.3197817973011772,710.0,328.0,1209.0,2378.0,6.0,22.0,21.0,4576.0,0.0,1.0,0.0,4624.0,0.0,0.0,0.0,4625.0
2018-08-20,2018,4625.0,389.5168907654079,12.471973409488298,0.9938437284279146,0.2806201550387597,1415.0,102.0,1461.0,1647.0,7.0,122.0,28.0,4468.0,0.0,30.0,0.0,4595.0,0.0,1.0,0.0,4624.0
2018-08-21,2018,4625.0,354.15171609271874,11.26269195542168,0.9916857010622602,0.21871949468848695,1523.0,391.0,1010.0,1701.0,4.0,168.0,33.0,4420.0,0.0,26.0,0.0,4599.0,0.0,1.0,0.0,4624.0
2018-08-22,2018,4625.0,333.8051660485157,10.616865966629508,0.7190161649337256,0.25627332759115706,792.0,343.0,1400.0,2090.0,4.0,110.0,6.0,4505.0,0.0,18.0,1.0,4606.0,0.0,0.0,0.0,4625.0
2018-08-23,2018,4625.0,183.21622286832692,8.387748216294785,0.14187690145686546,0.25845535457938557,872.0,224.0,1166.0,2363.0,1.0,25.0,8.0,4591.0,0.0,1.0,0.0,4624.0,0.0,0.0,0.0,4625.0
2018-08-24,2018,4625.0,360.925453513853,10.905792539657975,0.6269620378903354,0.311053689348263,845.0,178.0,1392.0,2210.0,0.0,65.0,20.0,4540.0,0.0,17.0,0.0,4608.0,0.0,3.0,0.0,4622.0
2018-08-25,2018,4625.0,265.57968208382204,9.960876445366853,0.23507152803032624,0.25483778351995406,1099.0,169.0,1126.0,2231.0,2.0,53.0,16.0,4554.0,0.0,3.0,0.0,4622.0,0.0,0.0,0.0,4625.0
2018-08-26,2018,4625.0,260.5360765810929,9.298021353077894,0.37769706456641017,0.25093310364628196,917.0,373.0,990.0,2345.0,4.0,45.0,28.0,4548.0,0.0,7.0,3.0,4615.0,0.0,0.0,0.0,4625.0
2018-08-27,2018,4625.0,241.91256966330374,8.767700681195882,0.8345954407305973,0.23060579959804767,894.0,378.0,950.0,2403.0,16.0,63.0,35.0,4511.0,2.0,19.0,10.0,4594.0,0.0,0.0,0.0,4625.0
2018-08-28,2018,4625.0,495.1049100157967,11.345462844619352,1.201978995821963,0.20752225093310364,747.0,330.0,1259.0,2289.0,6.0,35.0,79.0,4505.0,0.0,6.0,38.0,4581.0,0.0,0.0,5.0,4620.0
2018-08-29,2018,4625.0,366.9894587698994,10.058520549252043,0.35462146774269715,0.18484065460809646,524.0,753.0,687.0,2661.0,0.0,14.0,110.0,4501.0,0.0,3.0,0.0,4622.0,0.0,0.0,0.0,4625.0
2018-08-30,2018,4625.0,100.7291434295628,5.563286563661479,0.07894162194491358,0.21871949468848695,463.0,437.0,762.0,2963.0,0.0,16.0,1.0,4608.0,0.0,2.0,0.0,4623.0,0.0,0.0,0.0,4625.0
2018-08-31,2018,4625.0,134.01726815423123,6.484176224742607,0.09528941221494933,0.2570198105081826,760.0,355.0,869.0,2641.0,0.0,25.0,0.0,4600.0,0.0,1.0,0.0,4624.0,0.0,0.0,0.0,4625.0
2018-09-01,2018,4625.0,220.65350323336938,7.741097432358416,0.47871123577528274,0.20901521676715476,996.0,288.0,900.0,2441.0,0.0,65.0,1.0,4559.0,0.0,15.0,0.0,4610.0,0.0,0.0,0.0,4625.0
2018-09-02,2018,4625.0,215.64564175036813,7.85037348952776,0.4087700936210928,0.18616135515360321,873.0,345.0,981.0,2426.0,1.0,54.0,5.0,4565.0,0.0,12.0,0.0,4613.0,0.0,2.0,0.0,4623.0
2018-09-03,2018,4625.0,148.0059231431803,6.5600284307342545,0.11055321935705237,0.20333046224519094,768.0,353.0,804.0,2700.0,0.0,21.0,0.0,4604.0,0.0,3.0,0.0,4622.0,0.0,1.0,0.0,4624.0
2018-09-04,2018,4625.0,116.9585478834271,5.898896611378686,0.023588972761824326,0.22698822853861614,626.0,322.0,906.0,2771.0,0.0,6.0,0.0,4619.0,0.0,0.0,0.0,4625.0,0.0,0.0,0.0,4625.0
2018-09-05,2018,4625.0,92.08851589918577,5.437640878825859,0.010788937393609116,0.1823140970427792,460.0,247.0,990.0,2928.0,0.0,6.0,1.0,4618.0,0.0,0.0,0.0,4625.0,0.0,0.0,0.0,4625.0
2018-09-06,2018,4625.0,212.18771158846894,5.954735085665339,0.5690039557379645,0.1385587137525122,719.0,333.0,544.0,3029.0,0.0,56.0,0.0,4569.0,0.0,15.0,0.0,4610.0,0.0,7.0,0.0,4618.0
2018-09-07,2018,4625.0,210.43582097302618,7.159901212118021,0.4810623053473395,0.11513063451047947,805.0,523.0,556.0,2741.0,0.0,82.0,0.0,4543.0,0.0,12.0,0.0,4613.0,0.0,0.0,0.0,4625.0
2018-09-08,2018,4625.0,212.09919642861354,6.220785321839967,0.4126496083986156,0.10496698248636233,300.0,534.0,257.0,3534.0,0.0,59.0,9.0,4557.0,0.0,15.0,0.0,4610.0,0.0,0.0,0.0,4625.0
2018-09-09,2018,4625.0,146.11428716367752,4.45479370483515,0.32287647347586135,0.11823140970427792,256.0,301.0,314.0,3754.0,0.0,30.0,34.0,4561.0,0.0,1.0,5.0,4619.0,0.0,0.0,1.0,4624.0
2018-09-10,2018,4625.0,347.0092787062253,5.084281242581034,1.7660794407050642,0.11289118575940281,308.0,185.0,230.0,3902.0,31.0,17.0,86.0,4491.0,4.0,13.0,47.0,4561.0,0.0,8.0,10.0,4607.0
2018-09-11,2018,4625.0,542.240078083522,6.692578915341875,2.183195329116792,0.11036462819408556,295.0,290.0,232.0,3808.0,11.0,15.0,138.0,4461.0,0.0,0.0,69.0,4556.0,0.0,0.0,18.0,4607.0
2018-09-12,2018,4625.0,415.39901149256195,6.104420222700495,1.9631229986171628,0.11541774332472007,316.0,334.0,253.0,3722.0,29.0,17.0,113.0,4466.0,0.0,1.0,63.0,4561.0,0.0,0.0,15.0,4610.0
2018-09-13,2018,4625.0,278.7005660654689,4.737068340511637,1.266705258766394,0.14142980189491816,337.0,291.0,166.0,3831.0,19.0,24.0,85.0,4497.0,0.0,2.0,35.0,4588.0,0.0,0.0,12.0,4613.0
2018-09-14,2018,4625.0,112.91607283946276,3.879454408814737,0.1731061843672686,0.18943439563594602,183.0,355.0,291.0,3796.0,0.0,34.0,4.0,4587.0,0.0,3.0,0.0,4622.0,0.0,0.0,0.0,4625.0
2018-09-15,2018,4625.0,72.87075333199414,3.0298130509072876,0.05799047583380612,0.19397071490094747,53.0,278.0,320.0,3974.0,0.0,11.0,2.0,4612.0,0.0,0.0,0.0,4625.0,0.0,0.0,0.0,4625.0
2018-09-16,2018,4625.0,36.896067834757226,2.275184555263717,0.006234396444784628,0.15503875968992248,40.0,263.0,159.0,4163.0,0.0,3.0,0.0,4622.0,0.0,0.0,0.0,4625.0,0.0,0.0,0.0,4625.0
2018-09-17,2018,4625.0,50.308962447368806,2.645466781420868,0.012391687341638513,0.19460235429227676,188.0,293.0,203.0,3941.0,0.0,3.0,0.0,4622.0,0.0,0.0,0.0,4625.0,0.0,0.0,0.0,4625.0
2018-09-18,2018,4625.0,34.24911053217794,2.1247862715243575,0.0031063710805532096,0.23830031581969566,64.0,329.0,138.0,4094.0,0.0,1.0,0.0,4624.0,0.0,0.0,0.0,4625.0,0.0,0.0,0.0,4625.0
2018-09-19,2018,4625.0,30.43043275025992,2.1302721598554535,0.0,0.26241745621590584,24.0,312.0,184.0,4105.0,0.0,0.0,0.0,4625.0,0.0,0.0,0.0,4625.0,0.0,0.0,0.0,4625.0
2018-09-20,2018,4625.0,294.06829811113494,6.254133330510798,0.6756739944295599,0.2549526270456503,229.0,149.0,766.0,3481.0,0.0,6.0,77.0,4542.0,0.0,0.0,22.0,4603.0,0.0,0.0,3.0,4622.0
2018-09-21,2018,4625.0,514.5226381283895,11.472332406434955,1.7004527077763003,0.17197817973011773,800.0,124.0,1281.0,2420.0,9.0,67.0,129.0,4420.0,0.0,24.0,38.0,4563.0,0.0,3.0,2.0,4620.0
2018-09-22,2018,4625.0,1031.0275251536457,15.305494635354995,2.8831649724616435,0.11719781797301178,680.0,784.0,710.0,2451.0,19.0,56.0,275.0,4275.0,0.0,6.0,75.0,4544.0,0.0,0.0,27.0,4598.0
2018-09-23,2018,4625.0,3098.9351326235796,17.955264214075978,10.357187678927021,0.09853574504737296,759.0,380.0,384.0,3102.0,91.0,73.0,246.0,4215.0,13.0,9.0,201.0,4402.0,0.0,0.0,129.0,4496.0
2018-09-24,2018,4625.0,830.279342497047,10.515126662033548,2.8549301139679732,0.12006890611541775,477.0,654.0,213.0,3281.0,6.0,115.0,156.0,4348.0,0.0,30.0,51.0,4544.0,0.0,3.0,19.0,4603.0
2018-09-25,2018,4625.0,261.3846667056442,5.8108311813511495,0.6118997862306756,0.13402239448751077,158.0,538.0,152.0,3777.0,0.0,67.0,38.0,4520.0,0.0,11.0,4.0,4610.0,0.0,0.0,0.0,4625.0
2018-09-26,2018,4625.0,206.23981656488075,3.878219553583961,0.6073292768431995,0.08756818834338215,208.0,299.0,188.0,3930.0,0.0,25.0,42.0,4558.0,0.0,6.0,15.0,4604.0,0.0,0.0,2.0,4623.0
2018-09-27,2018,4625.0,102.59953623321735,3.3257429953210953,0.1354052112749323,0.09463106517370083,188.0,309.0,227.0,3901.0,0.0,8.0,23.0,4594.0,0.0,0.0,3.0,4622.0,0.0,0.0,0.0,4625.0
2018-09-28,2018,4625.0,62.76324024632217,2.6398759719949045,0.04467234409869144,0.07401665231122595,138.0,201.0,227.0,4059.0,0.0,1.0,8.0,4616.0,0.0,0.0,1.0,4624.0,0.0,0.0,0.0,4625.0
2018-09-29,2018,4625.0,58.873849970773136,2.4200795845427185,0.04472057743234282,0.07194946884869366,156.0,241.0,163.0,4065.0,0.0,7.0,7.0,4611.0,0.0,0.0,0.0,4625.0,0.0,0.0,0.0,4625.0
2018-09-30,2018,4625.0,52.283031473554004,1.9504100719396469,0.027077757252631132,0.09514786103933391,78.0,122.0,191.0,4234.0,0.0,4.0,5.0,4616.0,0.0,0.0,0.0,4625.0,0.0,0.0,0.0,4625.0
2020-06-05,2020,4625.0,380.6842892118071,9.82429924519936,0.6229206829342385,0.3352856732701694,494.0,710.0,648.0,2773.0,0.0,63.0,72.0,4490.0,0.0,2.0,11.0,4612.0,0.0,0.0,1.0,4624.0
2020-06-06,2020,4625.0,209.26220107042653,6.5427325145946,0.3934516271146996,0.32156187194946884,330.0,602.0,396.0,3297.0,0.0,46.0,25.0,4554.0,0.0,8.0,4.0,4613.0,0.0,0.0,0.0,4625.0
2020-06-07,2020,4625.0,96.98709464526227,3.8270173636430993,0.2864755339321743,0.3122021246052254,222.0,310.0,243.0,3850.0,11.0,16.0,20.0,4578.0,0.0,1.0,7.0,4617.0,0.0,0.0,0.0,4625.0
2020-06-08,2020,4625.0,67.52502113408008,3.485244537065514,0.03948123824030343,0.3297157622739018,123.0,352.0,254.0,3896.0,0.0,5.0,6.0,4614.0,0.0,0.0,0.0,4625.0,0.0,0.0,0.0,4625.0
2020-06-09,2020,4625.0,78.32901987426901,4.102048894356593,0.03488244463946368,0.35549813379270745,93.0,248.0,547.0,3737.0,0.0,5.0,0.0,4620.0,0.0,1.0,0.0,4624.0,0.0,0.0,0.0,4625.0
2020-06-10,2020,4625.0,147.43039340273876,7.351885873174923,0.0009546782102866264,0.4126327878265863,234.0,94.0,1413.0,2884.0,0.0,0.0,1.0,4624.0,0.0,0.0,0.0,4625.0,0.0,0.0,0.0,4625.0
2020-06-11,2020,4625.0,309.19695375380127,9.635174440027386,0.6899193257916576,0.4056273327591157,894.0,227.0,993.0,2511.0,8.0,34.0,129.0,4454.0,0.0,2.0,14.0,4609.0,0.0,0.0,0.0,4625.0
2020-06-12,2020,4625.0,802.0028799660663,14.898954826974656,1.9426904697832978,0.3258110824002297,933.0,242.0,1203.0,2247.0,1.0,17.0,232.0,4375.0,0.0,1.0,65.0,4559.0,0.0,0.0,9.0,4616.0
2020-06-13,2020,4625.0,420.0586500542442,12.132544578621374,0.8180671127782388,0.29560723514211884,987.0,289.0,1371.0,1978.0,11.0,7.0,117.0,4490.0,1.0,3.0,25.0,4596.0,0.0,0.0,0.0,4625.0
2020-06-14,2020,4625.0,322.0396783583884,10.93388141928828,0.4334085936118839,0.30381854722939994,844.0,199.0,1460.0,2122.0,2.0,15.0,93.0,4515.0,0.0,1.0,6.0,4618.0,0.0,0.0,0.0,4625.0
2020-06-15,2020,4625.0,316.60324895820384,10.247692551801954,0.6142163555224949,0.3761699684180304,874.0,359.0,1186.0,2206.0,1.0,12.0,116.0,4496.0,0.0,0.0,3.0,4622.0,0.0,0.0,0.0,4625.0
2020-06-16,2020,4625.0,369.20693365461926,10.171643922795674,0.8958157655896715,0.33626184323858743,1217.0,338.0,691.0,2379.0,20.0,19.0,145.0,4441.0,1.0,2.0,20.0,4602.0,0.0,0.0,2.0,4623.0
2020-06-17,2020,4625.0,389.38617315727424,10.352340519557217,0.6891727273470419,0.2868217054263566,1059.0,454.0,587.0,2525.0,20.0,51.0,149.0,4405.0,0.0,9.0,2.0,4614.0,0.0,1.0,0.0,4624.0
2020-06-18,2020,4625.0,407.06966247105424,9.199679261661212,1.467377709032065,0.2805627332759116,877.0,328.0,557.0,2863.0,46.0,29.0,179.0,4371.0,0.0,17.0,22.0,4586.0,0.0,1.0,0.0,4624.0
2020-06-19,2020,4625.0,433.9664040292608,10.196557320799956,1.056351144968054,0.26833189778926214,653.0,480.0,639.0,2853.0,2.0,45.0,158.0,4420.0,0.0,7.0,15.0,4603.0,0.0,0.0,0.0,4625.0
2020-06-20,2020,4625.0,402.54950335053024,10.243706077835752,1.0430058164139124,0.2873959230548378,726.0,302.0,813.0,2784.0,12.0,16.0,155.0,4442.0,1.0,0.0,31.0,4593.0,0.0,0.0,0.0,4625.0
2020-06-21,2020,4625.0,453.037187967936,10.87671729616219,1.2240759652010946,0.3612403100775194,839.0,271.0,892.0,2623.0,8.0,29.0,157.0,4431.0,1.0,3.0,38.0,4583.0,0.0,0.0,0.0,4625.0
2020-06-22,2020,4625.0,343.189254646884,9.766447237665695,0.8806380563831269,0.3496985357450474,833.0,240.0,878.0,2674.0,1.0,82.0,71.0,4471.0,0.0,14.0,4.0,4607.0,0.0,0.0,1.0,4624.0
2020-06-23,2020,4625.0,384.4678630226654,9.81861581795173,0.9000967041017205,0.286534596612116,744.0,451.0,976.0,2454.0,1.0,41.0,81.0,4502.0,0.0,4.0,21.0,4600.0,0.0,0.0,7.0,4618.0
2020-06-24,2020,4625.0,378.02420068688787,10.595962963836703,0.9582951853747493,0.35176571920757965,692.0,300.0,1371.0,2262.0,20.0,16.0,79.0,4510.0,0.0,12.0,21.0,4592.0,0.0,2.0,5.0,4618.0
2020-06-25,2020,4625.0,777.8057599890886,13.50662315321535,2.938904702272072,0.3652024117140396,787.0,251.0,1762.0,1825.0,53.0,31.0,172.0,4369.0,22.0,13.0,68.0,4522.0,0.0,3.0,31.0,4591.0
2020-06-26,2020,4625.0,1260.1045855581385,13.344734756201738,4.685789470262036,0.2582830892908412,1158.0,292.0,944.0,2231.0,55.0,55.0,177.0,4338.0,10.0,9.0,111.0,4495.0,0.0,3.0,54.0,4568.0
2020-06-27,2020,4625.0,852.4545720737187,12.745223919116944,3.524792566695511,0.2614987080103359,733.0,553.0,1104.0,2235.0,70.0,27.0,156.0,4372.0,29.0,12.0,83.0,4501.0,3.0,7.0,41.0,4574.0
2020-06-28,2020,4625.0,453.5182667080815,10.890613452066335,1.44685645085307,0.31260407694516223,979.0,291.0,1134.0,2221.0,21.0,26.0,151.0,4427.0,0.0,6.0,39.0,4580.0,0.0,3.0,2.0,4620.0
2020-06-29,2020,4625.0,352.0973293863794,11.469232172038685,0.5692088036862846,0.39247774906689636,858.0,415.0,1493.0,1859.0,3.0,40.0,91.0,4491.0,0.0,0.0,4.0,4621.0,0.0,0.0,0.0,4625.0
2020-06-30,2020,4625.0,351.46011001950006,10.373681313144981,0.6126540077834318,0.40344530577088716,801.0,396.0,1294.0,2134.0,4.0,24.0,80.0,4517.0,0.0,3.0,10.0,4612.0,0.0,0.0,1.0,4624.0
2020-07-01,2020,4625.0,415.71864587575027,9.52916238493323,0.9473808434246628,0.3838070628768303,505.0,453.0,1219.0,2448.0,2.0,9.0,115.0,4499.0,0.0,0.0,22.0,4603.0,0.0,0.0,8.0,4617.0
2020-07-02,2020,4625.0,411.9878979331293,10.252687081461078,1.4108835623200775,0.39127189204708585,578.0,234.0,1426.0,2387.0,34.0,22.0,140.0,4429.0,6.0,8.0,34.0,4577.0,0.0,1.0,4.0,4620.0
2020-07-03,2020,4625.0,470.26085908348233,12.10885411535576,1.4937462242972297,0.38983634797588285,765.0,167.0,1712.0,1981.0,24.0,11.0,153.0,4437.0,3.0,4.0,53.0,4565.0,0.0,0.0,0.0,4625.0
2020-07-04,2020,4625.0,729.6326588456944,16.54037095735126,1.943781117726365,0.3959804766006316,1143.0,221.0,1854.0,1407.0,11.0,42.0,166.0,4406.0,0.0,1.0,67.0,4557.0,0.0,0.0,3.0,4622.0
2020-07-05,2020,4625.0,841.5045072377345,17.838020969756368,2.376319835258898,0.40401952339936836,1442.0,311.0,1856.0,1016.0,31.0,26.0,223.0,4345.0,12.0,2.0,84.0,4527.0,0.0,1.0,3.0,4621.0
2020-07-06,2020,4625.0,1147.3848350455974,17.906394030794786,4.607683030891585,0.3545219638242894,1562.0,367.0,1293.0,1403.0,50.0,66.0,251.0,4258.0,14.0,6.0,142.0,4463.0,0.0,8.0,44.0,4573.0
2020-07-07,2020,4625.0,730.78861382671,14.66968758696972,3.185863102963407,0.390869939707149,1214.0,463.0,1047.0,1901.0,58.0,57.0,233.0,4277.0,20.0,10.0,107.0,4488.0,1.0,9.0,4.0,4611.0
2020-07-08,2020,4625.0,473.3144765852051,12.66886640669078,1.5227473019408173,0.43181165661785814,979.0,263.0,1810.0,1573.0,55.0,43.0,112.0,4415.0,14.0,15.0,32.0,4564.0,6.0,2.0,9.0,4608.0
2020-07-09,2020,4625.0,848.8326707849264,13.457698178991597,3.171798351497062,0.3878840080390468,1122.0,496.0,1411.0,1596.0,57.0,39.0,165.0,4364.0,6.0,5.0,84.0,4530.0,0.0,0.0,36.0,4589.0
2020-07-10,2020,4625.0,1291.9716035847073,15.11070484138103,5.2220854666667265,0.29486075222509334,1069.0,599.0,793.0,2164.0,120.0,64.0,198.0,4243.0,21.0,5.0,120.0,4479.0,0.0,4.0,64.0,4557.0
2020-07-11,2020,4625.0,1447.4388860161177,14.319427985906513,5.5477189662846,0.35664656904966985,825.0,581.0,882.0,2337.0,66.0,37.0,246.0,4276.0,17.0,8.0,122.0,4478.0,0.0,3.0,66.0,4556.0
2020-07-12,2020,4625.0,640.4258586803567,10.960565267032356,2.745660397032676,0.41728395061728396,826.0,485.0,932.0,2382.0,50.0,32.0,161.0,4382.0,19.0,14.0,58.0,4534.0,0.0,5.0,26.0,4594.0
2020-07-13,2020,4625.0,531.1885999954651,11.388885262541418,1.7626528488090456,0.46482917025552684,945.0,315.0,1522.0,1843.0,22.0,25.0,134.0,4444.0,2.0,6.0,44.0,4573.0,0.0,1.0,14.0,4610.0
2020-07-14,2020,4625.0,449.8817110226369,11.643673246906848,1.0294035216575836,0.4001722652885444,889.0,218.0,1710.0,1808.0,0.0,29.0,107.0,4489.0,0.0,0.0,26.0,4599.0,0.0,0.0,4.0,4621.0
2020-07-15,2020,4625.0,513.6423403959458,13.258843385877318,1.3134121940995749,0.4075222509331036,1172.0,322.0,1513.0,1618.0,7.0,25.0,146.0,4447.0,0.0,0.0,49.0,4576.0,0.0,0.0,0.0,4625.0
2020-07-16,2020,4625.0,416.54953999991704,11.764491632561839,1.3442127977700997,0.4475452196382429,1281.0,354.0,1203.0,1787.0,23.0,26.0,122.0,4454.0,1.0,2.0,55.0,4567.0,0.0,0.0,1.0,4624.0
2020-07-17,2020,4625.0,231.40470778851275,8.333315278573279,0.7905397001960877,0.45305770887166236,767.0,320.0,1159.0,2379.0,25.0,4.0,86.0,4510.0,2.0,0.0,31.0,4592.0,0.0,0.0,1.0,4624.0
2020-07-18,2020,4625.0,371.4092666690876,9.433409411641279,1.341939933447577,0.3536606373815676,501.0,188.0,1580.0,2356.0,15.0,18.0,99.0,4493.0,0.0,2.0,43.0,4580.0,0.0,0.0,9.0,4616.0
2020-07-19,2020,4625.0,963.9725768640438,14.668511565059676,3.330461396274867,0.36141257536606375,769.0,219.0,1958.0,1679.0,46.0,24.0,174.0,4381.0,7.0,4.0,87.0,4527.0,0.0,4.0,34.0,4587.0
2020-07-20,2020,4625.0,1179.6408795367033,15.842364789787535,4.342648967968574,0.32391616422624175,1420.0,266.0,1533.0,1406.0,102.0,45.0,169.0,4309.0,22.0,40.0,97.0,4466.0,0.0,6.0,45.0,4574.0
2020-07-21,2020,4625.0,800.4749633602347,14.792682969542698,3.044858987165583,0.3335055986218777,1540.0,540.0,1138.0,1407.0,37.0,61.0,218.0,4309.0,10.0,9.0,73.0,4533.0,0.0,4.0,25.0,4596.0
2020-07-22,2020,4625.0,410.0057705014968,12.756473793553234,1.0479968887854023,0.3460235429227677,905.0,683.0,1410.0,1627.0,13.0,22.0,134.0,4456.0,2.0,8.0,23.0,4592.0,0.0,0.0,0.0,4625.0
2020-07-23,2020,4625.0,397.8321914883578,12.178575694075448,0.7587660028815342,0.38455354579385587,1196.0,226.0,1410.0,1793.0,0.0,46.0,77.0,4502.0,0.0,1.0,22.0,4602.0,0.0,0.0,0.0,4625.0
2020-07-24,2020,4625.0,312.15624410009457,11.012472497140797,0.34489536979576685,0.3716910709158771,1364.0,302.0,1348.0,1611.0,0.0,64.0,43.0,4518.0,0.0,6.0,0.0,4619.0,0.0,0.0,0.0,4625.0
2020-07-25,2020,4625.0,245.2999009269129,9.245626737169454,0.18067650559896448,0.29738730979041056,663.0,635.0,883.0,2444.0,0.0,33.0,20.0,4572.0,0.0,1.0,0.0,4624.0,0.0,0.0,0.0,4625.0
2020-07-26,2020,4625.0,141.26485834501707,7.015025172349783,0.057358841614471384,0.33011771461383865,463.0,446.0,881.0,2835.0,0.0,6.0,13.0,4606.0,0.0,1.0,0.0,4624.0,0.0,0.0,0.0,4625.0
2020-07-27,2020,4625.0,203.0315678899031,8.615244337750841,0.23132924173040864,0.3265575653172552,294.0,180.0,1449.0,2702.0,2.0,1.0,57.0,4565.0,0.0,0.0,3.0,4622.0,0.0,0.0,0.0,4625.0
2020-07-28,2020,4625.0,370.36496287012915,12.436320598466311,0.6621483063128596,0.4433534309503302,684.0,105.0,2145.0,1691.0,18.0,12.0,115.0,4480.0,1.0,2.0,17.0,4605.0,0.0,0.0,0.0,4625.0
2020-07-29,2020,4625.0,519.7552304800314,13.779727051817774,1.3270085573665136,0.46149870801033593,1507.0,345.0,1492.0,1281.0,7.0,60.0,131.0,4427.0,0.0,7.0,32.0,4586.0,0.0,1.0,2.0,4622.0
2020-07-30,2020,4625.0,232.1660977659755,9.788675871737153,0.5832445252125859,0.3944875107665805,1299.0,317.0,1318.0,1691.0,17.0,57.0,42.0,4509.0,2.0,6.0,14.0,4603.0,0.0,0.0,0.0,4625.0
2020-07-31,2020,4625.0,175.94901813689302,9.088742053868627,0.2713977035415702,0.4323284524834912,775.0,267.0,1873.0,1710.0,19.0,20.0,20.0,4566.0,0.0,11.0,0.0,4614.0,0.0,0.0,0.0,4625.0
2020-08-01,2020,4625.0,242.83693124059255,10.00148010591298,0.41884750446889196,0.4779787539477462,648.0,532.0,1698.0,1747.0,1.0,25.0,50.0,4549.0,0.0,0.0,15.0,4610.0,0.0,0.0,0.0,4625.0
2020-08-02,2020,4625.0,499.7777137647602,11.364798674587046,1.4588870910339586,0.4570198105081826,500.0,499.0,1626.0,2000.0,1.0,21.0,91.0,4512.0,0.0,0.0,51.0,4574.0,0.0,0.0,14.0,4611.0
2020-08-03,2020,4625.0,581.1513311089154,12.193998780945801,1.9367450700574598,0.4411139821992535,829.0,208.0,1913.0,1675.0,5.0,7.0,107.0,4506.0,0.0,1.0,68.0,4556.0,0.0,0.0,22.0,4603.0
2020-08-04,2020,4625.0,752.0857205072656,15.904247644565222,2.521721081190398,0.48641975308641977,790.0,180.0,2041.0,1614.0,60.0,13.0,90.0,4462.0,20.0,0.0,64.0,4541.0,0.0,0.0,37.0,4588.0
2020-08-05,2020,4625.0,1385.8514507202945,20.1487985255987,5.149925874823581,0.36767154751650877,1546.0,97.0,1517.0,1465.0,112.0,70.0,292.0,4151.0,46.0,12.0,75.0,4492.0,7.0,5.0,68.0,4545.0
2020-08-06,2020,4625.0,1148.648676196836,16.147602504712914,5.1333106475641435,0.41693942004019524,1533.0,277.0,1211.0,1604.0,76.0,32.0,305.0,4212.0,36.0,13.0,168.0,4408.0,3.0,7.0,34.0,4581.0
2020-08-07,2020,4625.0,208.89302082017323,7.970323818035965,1.1012896729691588,0.4573069193224232,745.0,729.0,738.0,2413.0,77.0,20.0,50.0,4478.0,27.0,11.0,33.0,4554.0,1.0,2.0,7.0,4615.0
2020-08-08,2020,4625.0,359.8487658481804,12.33260348011861,0.9515497840615158,0.5074361182888315,671.0,311.0,1804.0,1839.0,53.0,9.0,83.0,4480.0,16.0,5.0,25.0,4579.0,0.0,1.0,5.0,4619.0
2020-08-09,2020,4625.0,518.9185968663924,14.995297821675399,1.4168337614842614,0.48125179443008903,1115.0,310.0,2100.0,1100.0,25.0,31.0,139.0,4430.0,0.0,1.0,43.0,4581.0,0.0,0.0,3.0,4622.0
2020-08-10,2020,4625.0,544.9044465739337,14.07174125937133,1.629313596367324,0.41923629055412004,1314.0,525.0,1381.0,1405.0,22.0,100.0,158.0,4345.0,3.0,5.0,45.0,4572.0,0.0,0.0,0.0,4625.0
2020-08-11,2020,4625.0,416.3022529237475,13.817187511968037,0.8842521502116877,0.3193224231983922,1268.0,181.0,1815.0,1361.0,23.0,27.0,129.0,4446.0,0.0,2.0,20.0,4603.0,0.0,0.0,0.0,4625.0
2020-08-12,2020,4625.0,576.51570413957,16.488422842267518,1.189054343660862,0.3245478036175711,1475.0,187.0,1917.0,1046.0,8.0,85.0,155.0,4377.0,0.0,14.0,18.0,4593.0,0.0,0.0,0.0,4625.0
2020-08-13,2020,4625.0,566.6820604054441,15.647980097052043,1.6380592463335726,0.32305483778351995,2047.0,124.0,1310.0,1144.0,49.0,128.0,164.0,4284.0,3.0,24.0,20.0,4578.0,0.0,1.0,0.0,4624.0
2020-08-14,2020,4625.0,739.626127881917,16.672237796389574,2.4192638046261163,0.33178294573643413,1768.0,337.0,1019.0,1501.0,47.0,116.0,221.0,4241.0,7.0,21.0,58.0,4539.0,0.0,2.0,3.0,4620.0
2020-08-15,2020,4625.0,1071.922072825816,18.74118426177286,3.6349456948134806,0.3231696813092162,1445.0,205.0,1326.0,1649.0,51.0,108.0,242.0,4224.0,4.0,46.0,70.0,4505.0,0.0,6.0,23.0,4596.0
2020-08-16,2020,4625.0,688.9912024119576,16.303389121056785,2.204671073045154,0.2664369796152742,1549.0,283.0,1253.0,1540.0,45.0,123.0,150.0,4307.0,10.0,34.0,42.0,4539.0,0.0,7.0,1.0,4617.0
2020-08-17,2020,4625.0,504.9617637016928,14.355781476955638,1.0385720396327203,0.26161355153603216,1409.0,409.0,1259.0,1548.0,37.0,97.0,119.0,4372.0,2.0,19.0,6.0,4598.0,0.0,0.0,0.0,4625.0
2020-08-18,2020,4625.0,495.0548967159004,14.866417675535308,1.0478503797394259,0.33092161929371233,1091.0,282.0,1924.0,1328.0,13.0,87.0,120.0,4405.0,0.0,13.0,3.0,4609.0,0.0,1.0,0.0,4624.0
2020-08-19,2020,4625.0,650.411924904605,17.910548821967044,0.7560139610547023,0.29882285386161356,1231.0,269.0,1800.0,1325.0,10.0,48.0,154.0,4413.0,0.0,1.0,5.0,4619.0,0.0,0.0,0.0,4625.0
2020-08-20,2020,4625.0,790.1059098198338,18.421678719294047,1.8988463601265035,0.28107952914154466,1628.0,276.0,1354.0,1367.0,1.0,150.0,193.0,4281.0,0.0,26.0,15.0,4584.0,0.0,1.0,0.0,4624.0
2020-08-21,2020,4625.0,427.30311002391363,13.276032106000773,1.160573008570788,0.3143267298306058,1669.0,450.0,1222.0,1284.0,30.0,126.0,83.0,4386.0,0.0,26.0,5.0,4594.0,0.0,1.0,0.0,4624.0
2020-08-22,2020,4625.0,691.7055887026944,13.994226163994565,3.1863308253353098,0.294229112833764,1126.0,545.0,998.0,1956.0,86.0,73.0,250.0,4216.0,32.0,23.0,87.0,4483.0,0.0,8.0,3.0,4614.0
2020-08-23,2020,4625.0,981.2798773136691,15.731786974753756,4.397004847243473,0.2902095894343956,842.0,478.0,1138.0,2167.0,63.0,57.0,269.0,4236.0,9.0,21.0,153.0,4442.0,0.0,2.0,16.0,4607.0
2020-08-24,2020,4625.0,1901.6593987766653,16.779986236959633,6.811146529700573,0.2160206718346253,835.0,443.0,978.0,2369.0,76.0,75.0,215.0,4259.0,8.0,46.0,155.0,4416.0,0.0,4.0,81.0,4540.0
2020-08-25,2020,4625.0,811.8949504272417,13.324300040530877,2.758463361409765,0.22750502440424922,666.0,283.0,1111.0,2565.0,3.0,94.0,179.0,4349.0,0.0,36.0,83.0,4506.0,0.0,0.0,0.0,4625.0
2020-08-26,2020,4625.0,480.4970528911769,12.596858096294007,1.7871595954685024,0.2268733850129199,854.0,94.0,1628.0,2049.0,64.0,79.0,117.0,4365.0,10.0,41.0,25.0,4549.0,0.0,0.0,2.0,4623.0
2020-08-27,2020,4625.0,807.6416916126852,16.88421581174877,2.873906036856393,0.22136089577950044,1159.0,390.0,1486.0,1590.0,17.0,140.0,269.0,4199.0,1.0,34.0,60.0,4530.0,0.0,0.0,2.0,4623.0
2020-08-28,2020,4625.0,539.3557627001607,13.283894944997952,1.916121863405262,0.20545506747057135,951.0,446.0,1394.0,1834.0,35.0,170.0,67.0,4353.0,6.0,33.0,22.0,4564.0,0.0,4.0,0.0,4621.0
2020-08-29,2020,4625.0,606.5059153342982,12.310748792099943,1.733020610722126,0.19121447028423771,732.0,500.0,855.0,2538.0,1.0,159.0,36.0,4429.0,0.0,54.0,4.0,4567.0,0.0,8.0,0.0,4617.0
2020-08-30,2020,4625.0,798.1493912264286,12.611964728249418,2.8625886248854044,0.20780935974734424,867.0,373.0,717.0,2668.0,15.0,152.0,143.0,4315.0,0.0,62.0,37.0,4526.0,0.0,9.0,0.0,4616.0
2020-08-31,2020,4625.0,400.5937544731761,10.099970139808924,1.1680633919739234,0.28406546080964684,745.0,252.0,907.0,2721.0,16.0,126.0,29.0,4454.0,0.0,36.0,3.0,4586.0,0.0,2.0,0.0,4623.0
2020-09-01,2020,4625.0,217.52330876730454,9.0284205190777,0.08693923218717037,0.33344817685902955,367.0,415.0,1339.0,2504.0,0.0,16.0,8.0,4601.0,0.0,2.0,0.0,4623.0,0.0,0.0,0.0,4625.0
2020-09-02,2020,4625.0,167.65755245301446,8.717574024386055,0.09552818516805142,0.27964398507034166,666.0,282.0,1530.0,2147.0,0.0,28.0,3.0,4594.0,0.0,1.0,0.0,4624.0,0.0,0.0,0.0,4625.0
2020-09-03,2020,4625.0,138.31194986348996,8.29474372837175,0.04219218815983953,0.23979328165374678,582.0,293.0,1678.0,2072.0,0.0,14.0,0.0,4611.0,0.0,0.0,0.0,4625.0,0.0,0.0,0.0,4625.0
2020-09-04,2020,4625.0,133.81651005502934,7.360637332778726,0.09207015983803521,0.21917886879127188,614.0,283.0,1171.0,2557.0,0.0,21.0,7.0,4597.0,0.0,1.0,0.0,4624.0,0.0,0.0,0.0,4625.0
2020-09-05,2020,4625.0,281.082149418829,7.912327250235431,0.6755267864455413,0.24898076370944588,469.0,231.0,1111.0,2814.0,0.0,14.0,57.0,4554.0,0.0,0.0,24.0,4601.0,0.0,0.0,4.0,4621.0
2020-09-06,2020,4625.0,321.9758675859058,8.708041676727209,0.9859806010469923,0.3078380706287683,340.0,295.0,1201.0,2789.0,8.0,8.0,84.0,4525.0,0.0,0.0,31.0,4594.0,0.0,0.0,4.0,4621.0
2020-09-07,2020,4625.0,243.94001041740174,8.063315316841722,0.7443100496260909,0.26747057134654034,606.0,546.0,817.0,2656.0,6.0,40.0,75.0,4504.0,0.0,10.0,6.0,4609.0,0.0,0.0,0.0,4625.0
2020-09-08,2020,4625.0,175.2175194217972,6.850644916195437,0.4720149810113775,0.2890611541774332,524.0,297.0,995.0,2809.0,19.0,26.0,21.0,4559.0,0.0,20.0,1.0,4604.0,0.0,0.0,0.0,4625.0
2020-09-09,2020,4625.0,160.36793058621356,7.47857580259007,0.11010340244240117,0.39896640826873386,452.0,146.0,1375.0,2652.0,0.0,17.0,26.0,4582.0,0.0,0.0,0.0,4625.0,0.0,0.0,0.0,4625.0
2020-09-10,2020,4625.0,201.79239829834864,8.302411154080959,0.16610129422814157,0.3922480620155039,567.0,399.0,1229.0,2430.0,4.0,10.0,30.0,4581.0,0.0,1.0,2.0,4622.0,0.0,0.0,0.0,4625.0
2020-09-11,2020,4625.0,270.5196634517185,9.45754455918094,0.37413004986775694,0.37525122021246055,740.0,366.0,1243.0,2276.0,4.0,14.0,78.0,4529.0,0.0,0.0,5.0,4620.0,0.0,0.0,0.0,4625.0
2020-09-12,2020,4625.0,249.712188508757,8.80808930706351,0.5173247270755857,0.319207579672696,737.0,165.0,1209.0,2514.0,8.0,24.0,88.0,4505.0,0.0,2.0,7.0,4616.0,0.0,0.0,0.0,4625.0
2020-09-13,2020,4625.0,279.2906280022133,9.086456902555904,0.5874734658808816,0.2756244616709733,968.0,151.0,925.0,2581.0,5.0,42.0,66.0,4512.0,0.0,6.0,13.0,4606.0,0.0,0.0,0.0,4625.0
2020-09-14,2020,4625.0,249.428619359522,8.391635128113755,0.681582008526598,0.32948607522250933,941.0,211.0,844.0,2629.0,15.0,41.0,55.0,4514.0,1.0,0.0,21.0,4603.0,0.0,0.0,1.0,4624.0
2020-09-15,2020,4625.0,418.83099041356706,9.510107209356464,1.2963992836939051,0.32948607522250933,765.0,183.0,1070.0,2607.0,17.0,53.0,65.0,4490.0,0.0,10.0,30.0,4585.0,0.0,1.0,9.0,4615.0
2020-09-16,2020,4625.0,412.21769526537054,9.76860803075975,1.2677112763077736,0.2699971289118576,689.0,374.0,1080.0,2482.0,9.0,32.0,71.0,4513.0,0.0,7.0,32.0,4586.0,0.0,0.0,10.0,4615.0
2020-09-17,2020,4625.0,189.44322982414496,7.386554327706218,0.40166201948339814,0.3006029285099053,686.0,255.0,963.0,2721.0,7.0,29.0,35.0,4554.0,0.0,8.0,5.0,4612.0,0.0,0.0,0.0,4625.0
2020-09-18,2020,4625.0,173.45802210962339,7.87520658779474,0.18830935762357784,0.37031294860752223,602.0,259.0,1230.0,2534.0,0.0,31.0,5.0,4589.0,0.0,4.0,0.0,4621.0,0.0,0.0,0.0,4625.0
2020-09-19,2020,4625.0,281.9141307353456,8.966610373049328,0.5537303045919022,0.39012345679012345,543.0,229.0,1146.0,2707.0,0.0,30.0,45.0,4550.0,0.0,6.0,18.0,4601.0,0.0,0.0,0.0,4625.0
2020-09-20,2020,4625.0,307.4744594940923,8.818171584942629,0.8895218330533378,0.4164800459374103,699.0,159.0,1108.0,2659.0,26.0,13.0,61.0,4525.0,12.0,0.0,25.0,4588.0,0.0,0.0,14.0,4611.0
2020-09-21,2020,4625.0,394.4605338911869,12.175525796965976,0.899895618820607,0.3583692219351134,1188.0,175.0,1229.0,2033.0,32.0,18.0,99.0,4476.0,5.0,1.0,32.0,4587.0,0.0,1.0,0.0,4624.0
2020-09-22,2020,4625.0,639.9788448413151,13.110893156101358,1.73234250484912,0.24122882572494975,1444.0,186.0,899.0,2096.0,14.0,44.0,176.0,4391.0,0.0,7.0,48.0,4570.0,0.0,0.0,4.0,4621.0
2020-09-23,2020,4625.0,591.5650916164482,13.519143852025755,2.0389965325034156,0.24501866207292564,1295.0,320.0,813.0,2197.0,35.0,41.0,251.0,4298.0,10.0,7.0,48.0,4560.0,0.0,2.0,7.0,4616.0
2020-09-24,2020,4625.0,512.0054660004865,10.133253588150524,2.3714819398151827,0.289922480620155,865.0,551.0,406.0,2803.0,70.0,82.0,157.0,4316.0,1.0,22.0,62.0,4540.0,0.0,1.0,5.0,4619.0
2020-09-25,2020,4625.0,636.7636177950925,10.715951578689053,2.5038703266139097,0.24128624748779787,501.0,327.0,1123.0,2674.0,20.0,132.0,79.0,4394.0,0.0,43.0,36.0,4546.0,0.0,4.0,10.0,4611.0
2020-09-26,2020,4625.0,415.5202271551431,9.116647276083343,1.3611962658351078,0.19638242894056848,709.0,586.0,392.0,2938.0,33.0,125.0,59.0,4408.0,6.0,19.0,22.0,4578.0,0.0,0.0,6.0,4619.0
2020-09-27,2020,4625.0,127.52477360744726,4.697402258010501,0.2636743114033811,0.19058283089290842,243.0,465.0,368.0,3549.0,0.0,30.0,18.0,4577.0,0.0,3.0,2.0,4620.0,0.0,0.0,0.0,4625.0
2020-09-28,2020,4625.0,35.81143331568436,2.510087950537977,0.011064326526585632,0.22268159632500717,110.0,190.0,309.0,4016.0,0.0,4.0,3.0,4618.0,0.0,0.0,0.0,4625.0,0.0,0.0,0.0,4625.0
2020-09-29,2020,4625.0,70.72478031998277,3.9830692321686145,0.004909612330233567,0.2662647143267298,60.0,101.0,789.0,3675.0,0.0,2.0,1.0,4622.0,0.0,0.0,0.0,4625.0,0.0,0.0,0.0,4625.0
2020-09-30,2020,4625.0,72.54880805047513,3.972865072183141,0.009829889195891188,0.21188630490956073,335.0,195.0,544.0,3551.0,0.0,5.0,1.0,4619.0,0.0,0.0,0.0,4625.0,0.0,0.0,0.0,4625.0
