date,fold,n_cells,crps_mm,brier_7.5,brier_35.5,brier_64.5,brier_115.6,brier_204.5,pit_mean
2018-06-05,2018,4625,1.625428132491849,0.07075745113093608,0.005326942296963263,0.00030680801489780515,4.791343343676636e-07,0.0,0.5695406204558155
2018-06-06,2018,4625,2.5394641056568963,0.1092931507094848,0.009657493022602734,0.0014482058028344703,3.211552426607903e-06,1.4859295701167728e-10,0.5846715978826388
2018-06-07,2018,4625,2.925528649493886,0.11253206828780507,0.020487217864979146,0.0030425807733987452,2.9072532875676245e-05,5.316323116226344e-07,0.5921236496716211
2018-06-08,2018,4625,3.9513852243461534,0.1212828365456133,0.03326854716509221,0.010872254574890609,0.0028722150234796844,2.2432463373170093e-05,0.5516474577407591
2018-06-09,2018,4625,3.7858740475622117,0.1350959795311967,0.030163781756901473,0.007266626045592956,0.000815769702162848,1.2808640982612194e-05,0.5385306198306998
2018-06-10,2018,4625,4.400183885476935,0.16471435254390973,0.02761956824958357,0.008471156116951945,0.0013868096996006694,3.8440037368348815e-07,0.5636123217070056
2018-06-11,2018,4625,4.420500236965162,0.14967429615354882,0.03114915579914747,0.010881707079790437,0.002326313311002293,0.00021774844882064507,0.600050202514339
2018-06-12,2018,4625,4.13918208558619,0.11954274703684262,0.034753288470060734,0.014352595124946806,0.004074952810509183,4.130701192272084e-05,0.6792243524686009
2018-06-13,2018,4625,3.5898642948681907,0.10464495224726911,0.03234565884266671,0.011453385552978625,0.002748058437849148,9.501084871491824e-06,0.7336751196722034
2018-06-14,2018,4625,3.20330841445529,0.06142083607026158,0.03730753650660771,0.015907321593477353,0.004117625511616791,1.471550420778386e-06,0.7551266363587213
2018-06-15,2018,4625,2.4795822200220816,0.04695780666315235,0.026300993468636,0.014438258607122868,0.0017951979181884711,4.0832852782928435e-06,0.7223750033665088
2018-06-16,2018,4625,2.074927789884119,0.07181833207202874,0.01679218164463476,0.006808654294185985,0.0001346208044245296,6.027232164438912e-06,0.7271827808906883
2018-06-17,2018,4625,2.1205096380777455,0.060604373931572086,0.01786655827583684,0.006996985085389724,0.0006843960274096364,1.3337916891855013e-06,0.7054748651176868
2018-06-18,2018,4625,1.665746945279745,0.05770294414220116,0.012860455506604945,0.0020035059104676935,0.00043805759886874696,6.767820258168869e-08,0.6860701916576363
2018-06-19,2018,4625,1.504197823927354,0.060549936371648246,0.004902823625403262,0.001162932603396411,6.712396512454282e-06,1.0192178591936992e-07,0.6679802282791768
2018-06-20,2018,4625,2.1308237464591993,0.08138800332616555,0.011926503419799865,0.0025826858283509216,0.00021606609027920441,1.399544111563672e-07,0.6208248428128651
2018-06-21,2018,4625,2.559375947461137,0.0916879399946017,0.017802388964557353,0.0034829076748744163,0.00043273790647391534,2.2055967056311987e-07,0.5947321947943449
2018-06-22,2018,4625,3.442811487110265,0.12019352872732295,0.028220353487135526,0.005866481844595908,0.0006500677701655252,2.566760101786885e-07,0.6189134882010348
2018-06-23,2018,4625,3.8237863838793364,0.11817205456035387,0.03514906539004118,0.00827670817786262,0.0015094131396025607,0.0002171919050330969,0.6064257348517875
2018-06-24,2018,4625,3.3449372297277407,0.11244282017351057,0.025731555897549347,0.007039406057490677,0.000883494076613593,0.0004340739906512673,0.5724375260800162
2018-06-25,2018,4625,3.618693372353371,0.11614499021745071,0.027743692410164052,0.009002958894555959,0.0027417212187964934,0.0002162436978706688,0.5355274915607011
2018-06-26,2018,4625,6.449793496001516,0.15597069074456715,0.05889830224996621,0.028166700456489245,0.00903665924074581,0.0006487473072669113,0.5551838124904656
2018-06-27,2018,4625,5.465890793596528,0.19139822261432413,0.049716551439384575,0.01176063245006771,0.0008750224567811112,8.782240410976145e-09,0.5524367593011665
2018-06-28,2018,4625,7.060926588341032,0.2177308699407601,0.06997268979124528,0.016982606961059108,0.002534833916800785,0.00021633725346145892,0.6388147704438993
2018-06-29,2018,4625,6.499328435852759,0.21865710384347248,0.06227435719513315,0.016732173746040375,0.0006652720851810247,2.611999012537456e-07,0.6374483362996485
2018-06-30,2018,4625,4.05511742186311,0.1805909333124673,0.016822581332835505,0.0013023864885296067,1.0607542661759975e-05,2.001610337573299e-07,0.6031067683351645
2018-07-01,2018,4625,3.8946294663527987,0.10995685571014993,0.025569998246252522,0.0135980929293765,0.00438487171216851,0.0004340730823198231,0.5780774681663968
2018-07-02,2018,4625,5.766304671476016,0.14507739344839538,0.05119834650543137,0.021777176260472635,0.008765301568494947,0.0008758837805189476,0.6061955856677889
2018-07-03,2018,4625,6.249707802901315,0.16959914617929728,0.07010226842176148,0.019800078767691243,0.002009477190782497,2.7944496105770616e-06,0.6141535402413877
2018-07-04,2018,4625,5.319629937752755,0.16928504857665785,0.03985772003599681,0.01244643081397666,0.005714931552594523,0.001066240772660454,0.6305664342164492
2018-07-05,2018,4625,4.832323913622107,0.1623453215329209,0.03351827946963853,0.011446431136969283,0.003545880924556244,3.4711256549652857e-07,0.6305109253835797
2018-07-06,2018,4625,4.152923102692616,0.14169311640929616,0.031895900308323004,0.00999185611816186,0.0017099611210795523,1.4923478856974124e-08,0.5950497144505693
2018-07-07,2018,4625,4.870806605891411,0.12631424818424605,0.04026415360714751,0.018909702640422053,0.008039025631369295,0.0006476466097340249,0.6008360242671221
2018-07-08,2018,4625,4.310443439796805,0.12847921580001054,0.03823535580826598,0.010451045958597784,0.0038159592669792146,0.00043247819923969644,0.6312389683740935
2018-07-09,2018,4625,3.9199397199995385,0.1110056383257287,0.04187932584715643,0.01143698221276248,0.0013103481670330712,0.00021969133944727562,0.58790652130458
2018-07-10,2018,4625,4.949120723773716,0.14985904568883285,0.043305425117860084,0.015431899281842854,0.0021456350218392885,0.00021824459890042205,0.5588381605241578
2018-07-11,2018,4625,5.457342851247815,0.16531884701422112,0.045119581920115344,0.019703827884044584,0.0029359651035856527,5.101236431873057e-08,0.5309850893820057
2018-07-12,2018,4625,6.437873925870013,0.1842636483676579,0.07067116328652179,0.020523462920980378,0.0021304972883235984,1.1872251866617476e-07,0.5568540919975666
2018-07-13,2018,4625,6.958862199855479,0.20832330894286624,0.06692075992820477,0.02518886470904191,0.00485100483332454,2.5565871661733716e-06,0.6031095205560935
2018-07-14,2018,4625,5.559495447178371,0.18979148644586094,0.044846314948501394,0.013449012171542759,0.0022919896484129105,1.4273667079986007e-05,0.58087548405233
2018-07-15,2018,4625,5.681625337559327,0.17582059875253608,0.05107296821101334,0.01700092727545334,0.00393788904875138,0.0004499651004057663,0.578827411881055
2018-07-16,2018,4625,7.119488199855176,0.16831950741453872,0.0700074920724743,0.0343939380051138,0.009622986715379386,0.0006114014002494767,0.556079071197012
2018-07-17,2018,4625,7.8319611788293395,0.20620728696856336,0.08276094321191044,0.028655169327203266,0.005043536633439705,0.0006305117108562302,0.6421064453224604
2018-07-18,2018,4625,5.858515933958843,0.17668115992490763,0.050057491259154846,0.019023845994889176,0.0046801552334218245,0.0010811040486042797,0.6008423896376471
2018-07-19,2018,4625,4.235845042480787,0.14333825922526858,0.039223478719941404,0.008947058134535564,1.2130552144167382e-05,2.1184351792398233e-08,0.5161406531096477
2018-07-20,2018,4625,5.291334438232342,0.17268293370078924,0.048495491183837086,0.01410034795408017,0.00025563773908736723,1.2821774126802621e-05,0.48583045109748135
2018-07-21,2018,4625,6.356903428615385,0.16701773578864243,0.06333730394310876,0.02474579566468115,0.004839186359312219,0.00043300653446909365,0.5286719189890328
2018-07-22,2018,4625,7.9105886806895205,0.18749015426902743,0.07884986561705822,0.033685032921130315,0.006568082302766662,0.002361467677038207,0.5806239362577247
2018-07-23,2018,4625,5.638702361352623,0.18847324595527212,0.06083081043129122,0.008689860254712627,3.683213557615788e-05,1.3668224529380768e-08,0.5930682871450408
2018-07-24,2018,4625,5.1000482717528985,0.1561233772966037,0.05390368301065869,0.013559671424847961,2.1957274580772002e-05,3.127530874749396e-08,0.5989764427256237
2018-07-25,2018,4625,4.731661845027403,0.16892769402243638,0.04081152358485694,0.01122461733893242,0.00108494174109325,1.728546843464295e-09,0.5978985674184459
2018-07-26,2018,4625,6.853631339575096,0.1792548626758604,0.07845207410014803,0.02253418933956587,0.003639694747194604,0.00021625047898696974,0.6857143544860687
2018-07-27,2018,4625,4.488981030551816,0.14224192441285832,0.04239713267059817,0.01100320771473969,0.002161564443129291,0.0002162174975912336,0.6472828658144208
2018-07-28,2018,4625,4.022315265357094,0.12284814326464191,0.03502007767383201,0.010213908529841985,0.0019034303875167806,6.077644651172633e-09,0.5989394230006819
2018-07-29,2018,4625,3.7816783330966435,0.1147393912647222,0.03489013794796876,0.010896100878765257,0.001290435474068455,2.2431249544810272e-08,0.6016860328307002
2018-07-30,2018,4625,3.795809088210421,0.10503315534561844,0.037352087190470805,0.0126935619058356,0.0019305708572290895,2.8421073818580588e-08,0.6078886643815112
2018-07-31,2018,4625,3.7820402166204956,0.10497276391561147,0.04132135740519731,0.009299859003869143,0.0019203539317227101,3.8549464790365e-09,0.6224350805868378
2018-08-01,2018,4625,3.6871741449823334,0.12170803633613261,0.03542865882013452,0.008624126829387515,0.0008771400303963725,2.464917113316526e-08,0.6615156848805019
2018-08-02,2018,4625,4.013849506744908,0.13909894388008778,0.03262975993337618,0.0105204481554027,0.0006641856315235628,3.7533804533837586e-08,0.6814923775139722
2018-08-03,2018,4625,3.15350916345107,0.10836196243876774,0.02562971117439917,0.0065687030283752895,0.0004362443356778242,3.960949593708376e-09,0.6785874621845632
2018-08-04,2018,4625,2.229404041806671,0.09352630671707574,0.01295853983430659,0.0016395999726191593,4.1712382422313065e-06,0.0,0.6692938103051481
2018-08-05,2018,4625,3.0391182087813986,0.09609259928919703,0.02773274632355736,0.007869284622772732,0.0005140236310616238,6.857741623864717e-06,0.6343772096339068
2018-08-06,2018,4625,3.5335302843952343,0.1024025352283093,0.029535666108792023,0.008563271293221427,0.001946461641965685,0.0006537175269397261,0.5949613101837673
2018-08-07,2018,4625,3.8540683230835846,0.13927284461297898,0.03163712115856178,0.005578457511009211,0.0004544102411646884,1.617441871439358e-07,0.5744358345954925
2018-08-08,2018,4625,6.487734328391011,0.22334566844683443,0.0664933856620454,0.014271878597564161,0.0006523782903141838,1.227071472954763e-09,0.6397193127917901
2018-08-09,2018,4625,5.079377586465733,0.17939256726135236,0.033432715149121287,0.010374626817006712,0.0032315499662456445,0.0012972972972972972,0.625097883866106
2018-08-10,2018,4625,3.094187031894015,0.12287118048403887,0.016786833981869607,0.004265474869866883,0.00043611068131194997,5.5155292605784365e-09,0.5135414385868131
2018-08-11,2018,4625,4.49786462892886,0.15771494595409538,0.03348079598322382,0.01080994922325912,0.00043936521589513526,0.0,0.5156963635559463
2018-08-12,2018,4625,7.054654425750274,0.15677601345528036,0.07078114702970542,0.032014789316715274,0.008872555491039328,0.0013281867273614726,0.5978555039042155
2018-08-13,2018,4625,6.384426159888279,0.14435460863325872,0.06437602825411304,0.02765916907162369,0.007408847988922881,0.0008701271856235088,0.6110487124129911
2018-08-14,2018,4625,4.288611130798291,0.13744539830437957,0.032385070607484925,0.012853413990517632,0.003225388694060151,0.0008244829116770862,0.5825779855841171
2018-08-15,2018,4625,4.929765781310591,0.1574994396164224,0.02858225297024771,0.014773368203123262,0.00803039135968612,0.001520636967036893,0.5083447035047158
2018-08-16,2018,4625,8.337402705346701,0.19035164655154535,0.07154058598683236,0.03504266187285258,0.01211748596429789,0.003453904527341059,0.6301247136394279
2018-08-17,2018,4625,6.839752723144242,0.13406124702152195,0.06538535152012157,0.04222759129652664,0.012095850974994281,0.00021685716796143538,0.6112536738341826
2018-08-18,2018,4625,3.6890349081391776,0.11817203645424569,0.03377638843610843,0.008058841636670666,0.00023049271601480311,5.3643248233928264e-08,0.5605564408103709
2018-08-19,2018,4625,4.326328397200903,0.1565893311919635,0.03419649645512555,0.0058418010719732865,0.00022331632958799854,0.0,0.5101905620236137
2018-08-20,2018,4625,6.13492219234838,0.1587673904103784,0.06081747536750368,0.02562476080726017,0.006371013991245104,0.0002162225090980889,0.5573792866099867
2018-08-21,2018,4625,7.740276271568616,0.18238517080070188,0.09192423314284644,0.03478843756324807,0.0055833924577370735,0.00021621919414439034,0.6468168128174215
2018-08-22,2018,4625,5.7916007386484,0.1644598372763678,0.0546637419632186,0.023496135374676947,0.003885657797416733,2.8362864350825728e-09,0.5961572907067888
2018-08-23,2018,4625,4.171274274124928,0.1536445940116346,0.035447083260977154,0.00558427446693609,0.0002216656725703016,3.752037913655629e-10,0.570847751868966
2018-08-24,2018,4625,5.008770254328177,0.15333778877919943,0.04325171006929133,0.013747755240171643,0.0036681023059733976,0.0006486486486486486,0.5522555837950073
2018-08-25,2018,4625,4.86627372595306,0.15780020670188183,0.04592106146812167,0.01157080689070899,0.0006604488034298315,1.1998383622206485e-08,0.5766351681604106
2018-08-26,2018,4625,4.79797765557385,0.15699300403845276,0.044851965232334146,0.010396640818615984,0.0015269780720109792,2.5590722244585672e-08,0.595599978942127
2018-08-27,2018,4625,4.581263375060442,0.14754938624885297,0.03537142442100659,0.014957973497871839,0.0043524651818945175,4.508371707393009e-07,0.6038016983991498
2018-08-28,2018,4625,4.740878303151516,0.17029144085405393,0.03762976356427771,0.00923291090298215,0.0013592531753578248,1.7577698876167675e-06,0.5688478082555419
2018-08-29,2018,4625,4.572161902671448,0.1956559082106889,0.027975327334069634,0.0034085613186446264,0.0006706520787600164,7.039509284369709e-08,0.6424363549871274
2018-08-30,2018,4625,3.3142487624420305,0.1368370858208274,0.017892384794748348,0.0034740907353638544,0.00043287070844410126,0.0,0.6320386303895331
2018-08-31,2018,4625,4.003241240333132,0.14431143534605223,0.03290345943665175,0.005448421862721272,0.0002188874654843774,4.979807897413045e-09,0.6396813410577631
2018-09-01,2018,4625,4.938390251828212,0.1533316026015857,0.042798497052615375,0.013449318978117485,0.003239146006921913,0.0,0.6313400236816473
2018-09-02,2018,4625,4.509749098225511,0.15063708069897722,0.03785605341025782,0.011460461611785296,0.0025851198428097984,0.00043243308640797477,0.6327296951488458
2018-09-03,2018,4625,3.7355472047794054,0.1453700362565678,0.029657573875435023,0.004581454894267118,0.00064901754198931,0.00021621621621621621,0.6454336272530871
2018-09-04,2018,4625,3.077836497145146,0.13587098649205945,0.017184673059302734,0.0014679644383529425,2.2728909050038123e-06,0.0,0.6353464577282709
2018-09-05,2018,4625,2.623012971076507,0.11385843071202421,0.01368322839816889,0.0015642614633361287,1.0417260586475946e-05,8.486780597160843e-09,0.6013048318051913
2018-09-06,2018,4625,4.206046961904425,0.11228043876997312,0.040008700755604004,0.011389893386404792,0.0031822036279190303,0.0015135401290256032,0.6253814596968696
2018-09-07,2018,4625,5.187969756422987,0.16397287678036912,0.047064351601155144,0.017187318898451775,0.002591308300072275,0.0,0.6569751310272337
2018-09-08,2018,4625,4.278812203114506,0.12344083078433367,0.04070454404880106,0.01220224046212762,0.0032370153002323735,8.24491392006293e-09,0.6753485981841966
2018-09-09,2018,4625,2.5388181167792934,0.08484122603909942,0.02080026240484592,0.006409440623421295,0.00022882806543940575,4.764567284644557e-07,0.6581506141391192
2018-09-10,2018,4625,2.522709329527384,0.05536030380200661,0.018219631753836594,0.008617148811598736,0.0034688595100261866,0.001706541511560361,0.6408630133123616
2018-09-11,2018,4625,2.3548475547958074,0.07296245792860717,0.01985603233929225,0.00614043427182343,0.0002078197905796437,9.484600925646769e-06,0.6629862586872391
2018-09-12,2018,4625,2.836731501614495,0.08691150579800042,0.023059352544606747,0.00893697990172643,0.00041718052814563873,8.72404717067952e-06,0.6859763614174135
2018-09-13,2018,4625,2.4405229040225738,0.07966658911831842,0.019812037576609935,0.008499467227221374,0.0005425665103714959,5.145220135894491e-06,0.6831774241424984
2018-09-14,2018,4625,2.77252774674615,0.08399462981102443,0.025933469437541157,0.0072087908315066835,0.000649466009680804,6.379005901336694e-09,0.6961678220625935
2018-09-15,2018,4625,1.7755473922677671,0.06680034795512568,0.010242825700433287,0.0024042532891994798,3.5871936572895793e-07,0.0,0.6653114162756296
2018-09-16,2018,4625,1.5569531322901398,0.06044141821757427,0.008150727697839807,0.0006694976830160769,9.040689083327443e-08,0.0,0.6356886152802067
2018-09-17,2018,4625,1.7273784245823267,0.07034323637960335,0.007271700712120719,0.0006793256711104294,1.9252683435683991e-07,0.0,0.6760897960686849
2018-09-18,2018,4625,1.4550851835315834,0.06409059864903384,0.00529429187206321,0.00025093211059664045,2.1124352419657872e-07,0.0,0.7108000181073193
2018-09-19,2018,4625,1.4237718951420848,0.0670829034861772,0.0029295378010487268,5.36831651254932e-05,7.343292070185761e-07,0.0,0.699827528314547
2018-09-20,2018,4625,2.120746250346957,0.08590300752284784,0.011858469360676365,0.0021002477043470563,0.00013013082639798046,1.0331257023504027e-05,0.609274824869742
2018-09-21,2018,4625,4.870134691226951,0.132222255444499,0.04572588955787129,0.015627816561469703,0.0050521284045800564,0.000648905782441029,0.5713965379774278
2018-09-22,2018,4625,6.091279931766578,0.19660275454476545,0.054391367994356406,0.01672979999270459,0.0015250680619274058,1.826220509460836e-05,0.6605185048685961
2018-09-23,2018,4625,5.358813720497381,0.13025217463237845,0.04934703146920518,0.02865225089669144,0.006998365386565123,0.0005703572344908229,0.6544446841205773
2018-09-24,2018,4625,6.510579616656809,0.1581241183554304,0.06458898214399707,0.026230207132277153,0.006792300936355274,0.0006963804475722148,0.670264127955109
2018-09-25,2018,4625,4.21046638080442,0.1255012637568174,0.03431604142432935,0.014423325182621757,0.00239306032166143,3.5569408466135514e-07,0.6702313088039649
2018-09-26,2018,4625,2.200995616019189,0.07364408168279059,0.016057704706727207,0.005703162966487157,0.00133656205537505,1.5044678623251536e-06,0.6992745285631088
2018-09-27,2018,4625,1.871580875617454,0.07451028163212096,0.013755731663037883,0.0019054649869722387,1.3517179877081178e-05,4.016663071527648e-07,0.6897150336895819
2018-09-28,2018,4625,1.4483565313459916,0.06082535847635947,0.006691224356883572,0.0003405755956341958,5.318309698767901e-06,1.0705557855041571e-07,0.6631927494192897
2018-09-29,2018,4625,1.5473078771084212,0.06170487696053095,0.008066294475086215,0.0015296509416167343,2.4596693345167903e-06,7.207557074965916e-08,0.6967889686968565
2018-09-30,2018,4625,1.041599812941348,0.03901145470319489,0.004726701716123174,0.0009193947407849416,1.0349135825168364e-06,0.0,0.7028929652364959
2020-06-05,2020,4625,5.4577871924818435,0.1804661982630494,0.04800811997766111,0.014249014689453462,0.0004937914236657066,1.055771643061185e-06,0.7029818559982579
2020-06-06,2020,4625,4.511030687294526,0.1395531037177401,0.042869725569434664,0.009849858426129659,0.0017356647820781104,6.76227382354178e-08,0.7171393818511178
2020-06-07,2020,4625,2.3019446049807777,0.07957375017143335,0.014541196700330519,0.005287235582256221,0.0002215780872812569,3.508718045671505e-08,0.6977398443341727
2020-06-08,2020,4625,2.041009382871294,0.08468315258830304,0.0069687269250556265,0.0011304892326720571,2.0104384814792114e-06,8.59782711380532e-09,0.703076315455111
2020-06-09,2020,4625,2.0019287311386833,0.07391148915445626,0.011501192158621358,0.0011445950684477704,0.00021727903545505989,0.0,0.6256618263244806
2020-06-10,2020,4625,1.9846711128779613,0.08730835694383059,0.005669566465541158,0.00029175378243437766,7.284494749521892e-06,1.0642586549189118e-08,0.5582591247109768
2020-06-11,2020,4625,4.134827495788133,0.13432173962430027,0.039576681238154575,0.0088860185757992,0.00047760767083549746,7.933038248119001e-07,0.6213188905463798
2020-06-12,2020,4625,3.898075713437658,0.14844529097100106,0.03155284963164435,0.00536694505987724,0.00038958889273792656,6.733141249733709e-06,0.5993349237675664
2020-06-13,2020,4625,3.956156045907671,0.1517726977457663,0.030519291700466536,0.0038568004992851177,0.000828558204830378,2.233488448186698e-06,0.5973147637778259
2020-06-14,2020,4625,3.729594116986402,0.13931267177238363,0.029246331935020187,0.003938920446392876,0.00025092915274412285,7.489518957937962e-07,0.6040289021962902
2020-06-15,2020,4625,3.912591221612052,0.16169093390321634,0.02528566427146888,0.003433762554644753,3.846159095905094e-05,5.514729111122605e-07,0.6488243095968426
2020-06-16,2020,4625,4.902504532327253,0.16195774377570968,0.05117488358310179,0.007647325302324663,0.0006642568709521108,8.131501808088465e-07,0.7161576506158271
2020-06-17,2020,4625,5.352350731848283,0.1655412305265537,0.055996099879598,0.01455630084323287,0.0019183510958538598,0.00021723348387733823,0.7117697147402533
2020-06-18,2020,4625,4.3735443738048625,0.1306411271766809,0.039505028264355965,0.014733259687985667,0.0036498819349063604,0.00021682173412547394,0.6748085309987635
2020-06-19,2020,4625,4.28412478224226,0.1437161793837088,0.0364360245475391,0.010511800764068492,0.0015757051699523137,1.2297154985493084e-06,0.6432404758207286
2020-06-20,2020,4625,3.616539569924889,0.13014189740564625,0.029064842322610945,0.005768283972107522,0.0002042059149726731,1.4490768027128912e-06,0.6296959821206909
2020-06-21,2020,4625,3.763053780464383,0.13038776747639558,0.031606642171424615,0.00790502497344582,0.0008975555858844667,1.35646897808648e-06,0.6471675456973034
2020-06-22,2020,4625,4.494273005295591,0.13391047407667014,0.0394179030205895,0.016534081074669308,0.0029475628719383665,8.87476953879621e-08,0.6286375695920304
2020-06-23,2020,4625,4.148306508363853,0.15435622424707085,0.03055810014854292,0.009052553317884168,0.0008778137431683584,5.178528161034485e-08,0.6235304440497413
2020-06-24,2020,4625,3.9523386842780486,0.13948015528852445,0.027325265790122462,0.007236377070986812,0.00253596722601718,0.00043252718943333007,0.5455565577316135
2020-06-25,2020,4625,4.993975728173746,0.14001523124307788,0.04146069549131846,0.015429647300515813,0.006981139507000189,0.0006512182457479091,0.5460799433864741
2020-06-26,2020,4625,5.978627798519782,0.16164019248788292,0.06066695201726595,0.01993810125459893,0.0038425356102748374,0.0006542179227891034,0.6361371420717489
2020-06-27,2020,4625,5.758219248556386,0.16109570156129788,0.040860994490851815,0.016874095686539345,0.008104369179699101,0.002141309292466739,0.6298714500312076
2020-06-28,2020,4625,4.720432307042762,0.14913830045066304,0.0433882490997692,0.009514074649025329,0.0012864228910978203,0.0006486701116422384,0.6045766502184028
2020-06-29,2020,4625,4.7141212894619215,0.17516935903543615,0.03885464714091498,0.009284687051195433,1.3621700070804979e-05,7.079252627589514e-08,0.5936356342560528
2020-06-30,2020,4625,4.581235852706002,0.17370602470812843,0.035756780612754634,0.006029020725843251,0.000664357188442218,1.536330923888281e-07,0.6165637125541988
2020-07-01,2020,4625,3.62066873965648,0.14853497863621748,0.023562336564892566,0.002709162840254069,1.8916535035235903e-05,1.4897808793708832e-07,0.5955937478547555
2020-07-02,2020,4625,3.8961396378602555,0.12410223368086742,0.030648050230220825,0.011017695718922622,0.002964873085950505,0.00021712836309700157,0.5551389146313765
2020-07-03,2020,4625,3.6639265814291746,0.14256669433304076,0.023584531192199946,0.006768345543921507,0.0015021315451513658,3.2562605192326906e-06,0.5287297914634006
2020-07-04,2020,4625,5.457865291089688,0.1899338555699075,0.048154321291764404,0.011491218242006286,0.00035317617786384444,3.8052323681462035e-06,0.5304784495000486
2020-07-05,2020,4625,6.411375966198252,0.21852284989939466,0.05381714952192521,0.01106651267219225,0.0027335249555291478,0.0002119209646814408,0.5475088117324329
2020-07-06,2020,4625,7.305709481569305,0.21306624248652176,0.06905184987295111,0.023019058350395433,0.004353863809014037,0.0017189714369698198,0.6205677563220177
2020-07-07,2020,4625,6.527221056700129,0.17160392769834104,0.061628378306553926,0.022144375286431674,0.006277534198952298,0.002142374099573011,0.6300569707626478
2020-07-08,2020,4625,5.75893945412031,0.1698739413755982,0.045135788691019293,0.018763078831757367,0.005907893772625158,0.0016908727980168429,0.5369270337843024
2020-07-09,2020,4625,6.02849415830064,0.19904197297354922,0.052255749424989686,0.01759346416033339,0.002336645441448944,2.818248729899096e-06,0.5874715509843258
2020-07-10,2020,4625,7.623070681535884,0.19563395390514313,0.07541006519448594,0.031527635576412194,0.005176704871838365,0.0008512625129403671,0.6642065681184368
2020-07-11,2020,4625,5.5696237344794195,0.16041180244647155,0.048309748429863485,0.018147278933693542,0.00490625326203065,0.0006488602142956782,0.6521831996716766
2020-07-12,2020,4625,5.312843340223202,0.1569411599731043,0.03840221049701057,0.01466109546656976,0.006662229360583918,0.001081568634804639,0.5706107830516342
2020-07-13,2020,4625,4.686213527917343,0.17175293073181216,0.03628023265206999,0.009499368569773984,0.0017182590239021712,0.0002167396845026408,0.5554247000842859
2020-07-14,2020,4625,4.368049094266943,0.1631977404894554,0.03435131087497184,0.0065284418121929295,2.7089672014957876e-05,3.9361790719820436e-07,0.5373338616995078
2020-07-15,2020,4625,5.4036392195000476,0.20051159383593012,0.048152511962278245,0.007132460322080341,8.082599073703774e-05,1.791627195797209e-06,0.587287541114204
2020-07-16,2020,4625,5.057601182602806,0.19644702675198006,0.03906971607482882,0.009540534662695572,0.0006603061983316384,8.516755796150993e-07,0.6108548740530012
2020-07-17,2020,4625,3.535630882077902,0.14940264280638588,0.02181175041216214,0.0049398132831086645,0.0004202238324510101,6.010716011670736e-07,0.5622935150951536
2020-07-18,2020,4625,3.2932157472324453,0.11269579100425209,0.02355919145311398,0.006688701646236882,0.00046513913807765266,6.452781766326992e-07,0.4747160794251421
2020-07-19,2020,4625,4.606422859262689,0.15661083310990181,0.03236313198511379,0.012955844224257046,0.002308180606058134,0.0008640700611644018,0.4735340134236625
2020-07-20,2020,4625,7.361732340175448,0.19525688425716903,0.060603225930573136,0.026250740512256992,0.012745118467715064,0.0013015422362455049,0.5823982381831501
2020-07-21,2020,4625,7.2647099911958355,0.21589171873620183,0.07396417709757147,0.018931021454181293,0.0038800932336220586,0.000861837829300501,0.6306618375565921
2020-07-22,2020,4625,5.559983279599571,0.21300748839923597,0.0408975128117231,0.0073347314545524605,0.0020953290338501475,1.2724620832125951e-08,0.5750896916516126
2020-07-23,2020,4625,4.845415357275637,0.16900929463653566,0.04160091210549369,0.009923600898114341,0.000229665038273618,1.504160096945804e-08,0.6018166679236526
2020-07-24,2020,4625,5.5974004270334925,0.19653992970514833,0.04956054599059727,0.01358380216324665,0.001301922236212364,7.18104501563462e-08,0.6240224698178839
2020-07-25,2020,4625,4.8879891810874865,0.19095577805574834,0.03503300127931351,0.007195649517700599,0.000223533646946134,3.553986592363693e-08,0.6144427466801892
2020-07-26,2020,4625,3.282196033075713,0.14839455453809955,0.012816181710919746,0.0013981455246051965,0.00021948221004347384,0.0,0.6088937415853327
2020-07-27,2020,4625,2.478293390239398,0.10477664925261758,0.011192023945590764,0.0008541190813742249,6.7216847303921846e-06,5.0448160845196945e-09,0.4976586339050703
2020-07-28,2020,4625,3.6627526022231978,0.13996616622356817,0.02358311306508004,0.006106912229589502,0.0006400877909784008,3.3520545061113933e-08,0.4891953795378334
2020-07-29,2020,4625,6.3324356304890035,0.2048611458275405,0.061429462787970054,0.01454666998549081,0.0015427793820584365,0.0002167588225142853,0.6153516062402534
2020-07-30,2020,4625,5.91217231490923,0.1814179059529948,0.060191313375117114,0.01498569881779046,0.001697608970144733,3.4357862163755284e-07,0.6076712888770741
2020-07-31,2020,4625,4.19273674579245,0.16165209532444108,0.02677970748436304,0.007806827260386572,0.0023237153358517727,2.748190003774054e-08,0.5047144145582579
2020-08-01,2020,4625,4.5976271896202885,0.18771144806757054,0.03335641508490257,0.005790784037776907,3.260687621886805e-05,6.390105183644137e-07,0.5423986643808288
2020-08-02,2020,4625,4.284670729770025,0.16656832565403223,0.028183779202006046,0.0058107034886437725,0.00012034934081658671,2.806539949015837e-06,0.5395857167528217
2020-08-03,2020,4625,3.8835699290727246,0.15948900046021064,0.023303620694860073,0.0037220524589377385,0.00033877644166801395,3.831070845562578e-06,0.5321993182827539
2020-08-04,2020,4625,4.250304631483586,0.1508050382359229,0.027175002169838508,0.009962173494694661,0.0035485964211358838,9.492067554619073e-06,0.4906470576127484
2020-08-05,2020,4625,7.102821883818516,0.16527392755970527,0.05999087817049874,0.02786153560544045,0.010807955833274692,0.0025349344118321517,0.5528007811202361
2020-08-06,2020,4625,6.515314544535687,0.18510615436821726,0.0542631065626618,0.016651944464254834,0.009075355033835622,0.0021366490834154655,0.624950684279824
2020-08-07,2020,4625,5.843730800922066,0.19906648151935522,0.03353170107645679,0.015292246662517528,0.007020550009180165,0.0006338934628203452,0.6403526927395733
2020-08-08,2020,4625,4.681664528163481,0.1740427076143722,0.02924958370250174,0.008947952893471191,0.0037073261540199404,0.00021373908944237983,0.4807179459268896
2020-08-09,2020,4625,5.401778768684113,0.19750446619938375,0.044703594903044215,0.011009814116497657,0.0003815767429117499,4.182474190841984e-06,0.5111123135497554
2020-08-10,2020,4625,7.406138333144432,0.21746575178478306,0.07942163004534442,0.024681777973592434,0.0016681932725157278,1.8637716568963126e-06,0.628897965543775
2020-08-11,2020,4625,5.61987167235566,0.1905402050391669,0.05808344845843692,0.009831804627761705,0.00045408928216545997,7.927841935580438e-07,0.5589327150693517
2020-08-12,2020,4625,6.637182288244825,0.2035118514503987,0.06732897816631635,0.019677146816931085,0.003057702023080957,6.576527630916186e-07,0.566773668595058
2020-08-13,2020,4625,8.305372730208955,0.200418350835899,0.09078675233207317,0.03487718318986657,0.005674229129219862,0.00021695532791623498,0.631605218749394
2020-08-14,2020,4625,7.7608842214054095,0.1969384682737321,0.0863824008895693,0.03171933773270644,0.005834164547872668,0.00043782918645793724,0.6421327243827031
2020-08-15,2020,4625,6.932898413464512,0.17772897048634978,0.06137150741179666,0.03073484361214095,0.010504423087594627,0.0013013586673587328,0.5888793871614401
2020-08-16,2020,4625,7.951805362120244,0.20012506995277612,0.07683832487482621,0.031242811683635525,0.00895942017742555,0.0015163827133795312,0.634040306863118
2020-08-17,2020,4625,7.256488017928338,0.21092637994069025,0.07154112392822984,0.026312872357140023,0.00437173645365788,1.805237035888239e-07,0.630225745614563
2020-08-18,2020,4625,6.075004621193819,0.1937910673542946,0.05283986766369496,0.020092804573356323,0.0028076173795597713,0.00021628707018232882,0.5465980948765083
2020-08-19,2020,4625,5.862768889968101,0.20302389642929541,0.05257721545703569,0.012783438394023447,0.0002950694625692018,2.3696312468519558e-07,0.5552385173422119
2020-08-20,2020,4625,8.04190679325884,0.19661137447639412,0.09059125843628803,0.030704352750594077,0.005552845487882535,0.0002170568691735898,0.6048744253697207
2020-08-21,2020,4625,8.416838211506294,0.2315841010274908,0.08819109192448521,0.03102400856060507,0.005547578871043352,0.00021700171912860888,0.654812938534399
2020-08-22,2020,4625,7.130590724554998,0.18704354831091263,0.055668599908064054,0.02825641285888484,0.010938472185788835,0.0017156894108663271,0.6554566738605478
2020-08-23,2020,4625,5.67130192336082,0.15650831895086362,0.049061386201629885,0.022173264282534168,0.0061013694824827505,0.0004346727933981256,0.6099980368424314
2020-08-24,2020,4625,6.942201250199978,0.17006783248411173,0.05757522890853193,0.02932203882445226,0.011276002713759104,0.0008636975699400146,0.6556540517520144
2020-08-25,2020,4625,5.999510608202142,0.16010228634193174,0.05191187311360911,0.021698964045620675,0.007858075994904366,2.2922208814556657e-06,0.580473673429713
2020-08-26,2020,4625,5.506765816617539,0.13683008119093729,0.042136352279674716,0.02608565744974824,0.010426036911352443,4.6961971900404435e-06,0.5308657151007105
2020-08-27,2020,4625,7.550741286643213,0.1838084707649607,0.07901778146344828,0.03192229415439659,0.007568318083862613,2.5466365726914017e-06,0.5978523442732737
2020-08-28,2020,4625,7.321780069739652,0.17925401072119876,0.06549420378887431,0.03876379347770882,0.00817677072128212,0.0008652196087581772,0.6088801234987861
2020-08-29,2020,4625,6.773706000910314,0.15347367155260705,0.05557117441387002,0.031287406336579844,0.011336791445448496,0.0017225106147209202,0.642218703137766
2020-08-30,2020,4625,7.561976937459206,0.15540143410571433,0.06974574640415947,0.034412606259657856,0.013397182653967886,0.001947525028895106,0.6622342133975345
2020-08-31,2020,4625,6.76025894009018,0.15270226785876603,0.07093356532599217,0.029416674889431532,0.007700649653155551,0.0004324365251923886,0.637545513788863
2020-09-01,2020,4625,3.9361893391592893,0.15064261156956782,0.0274160172479482,0.0036352741922413673,0.000439928878607449,4.263723779816354e-09,0.5555789351878334
2020-09-02,2020,4625,4.172879765173208,0.1503449718937147,0.031067094984166824,0.006152766963813185,0.00022285662024796853,1.5226187274802343e-08,0.5238961226883978
2020-09-03,2020,4625,3.667657751431756,0.1471435812157426,0.023807222853276546,0.003196689026399338,3.180547622757848e-06,0.0,0.5011040008798662
2020-09-04,2020,4625,3.3624938943581437,0.13891619779520986,0.01989782717806736,0.004489192681893348,0.00021842393743010647,0.0,0.5366845453888316
2020-09-05,2020,4625,3.355660465531806,0.12564208782096817,0.020049987493074,0.0032399546463698567,1.4856021345804237e-05,2.35992939742515e-07,0.48826847591540573
2020-09-06,2020,4625,2.9891728677548906,0.11586614442436508,0.01811291393201717,0.0035170999484046635,2.2770100292844342e-05,1.8128251501887503e-07,0.4999250408797897
2020-09-07,2020,4625,4.513245029305383,0.17064170151648259,0.033815080495539454,0.009391765836503039,0.002113780957783648,2.035147727335075e-09,0.6101613000633682
2020-09-08,2020,4625,3.8550518324934884,0.13171978263826384,0.024230995002250677,0.009071047575067088,0.004253269535890909,0.0,0.6155305102485966
2020-09-09,2020,4625,2.750387148628679,0.11181591734828959,0.016796479449534406,0.0037185161042399026,6.431667679070877e-06,1.80888914093596e-08,0.5586539752369948
2020-09-10,2020,4625,3.4945797292802108,0.1500373775263022,0.02151401828460679,0.0030881512205906104,0.00021858232987184578,9.486566818265416e-08,0.6064777542782408
2020-09-11,2020,4625,3.690876510536422,0.14886137521869225,0.02562937883513984,0.004004028433865252,2.9291619277936258e-05,2.892368192787897e-07,0.6110539167466943
2020-09-12,2020,4625,3.331599459476586,0.1220897601145917,0.025268106660494227,0.006647633795029985,0.00042502676382630565,2.9103487548721614e-07,0.5918741824389528
2020-09-13,2020,4625,4.0302892640719215,0.1268921965962907,0.03960544349500557,0.009841501523807625,0.0013158946735737592,1.5532123470043473e-07,0.6034016491874968
2020-09-14,2020,4625,4.43124381877735,0.13530273841672244,0.04532946000734343,0.011411354099900545,0.0002286200592670558,2.3764294919471883e-07,0.609662862804953
2020-09-15,2020,4625,4.214037187269831,0.12311886784990121,0.03884442601973749,0.014237298081341169,0.002138040175808497,0.00021676800064946504,0.573847057138998
2020-09-16,2020,4625,4.0933113465765905,0.14254654512162568,0.031071490311959875,0.008480711022967723,0.0015347211080388925,5.668430336280484e-07,0.5977782527605052
2020-09-17,2020,4625,3.6847958936566263,0.12598269768933576,0.031242734157162756,0.007427413890593759,0.0017227812416754347,2.143871768293118e-08,0.6134883939640969
2020-09-18,2020,4625,3.7693282290802075,0.12877604044148377,0.03100468236095524,0.006614276673841565,0.000864768068268141,9.8536309563481e-09,0.5710115931769313
2020-09-19,2020,4625,3.351308120912176,0.11966252325513617,0.024488220693159604,0.006806191168211116,0.0013402914868852944,1.7963376049116962e-06,0.569666509352874
2020-09-20,2020,4625,3.2698280173091003,0.1208716534965389,0.022071711461866206,0.006035960295366225,0.0020262072749955397,3.0577251753696074e-06,0.5890230772365183
2020-09-21,2020,4625,4.671170914365383,0.1713800387474307,0.03421576081365696,0.008846489262723882,0.0011542088809445748,0.00020959810251821597,0.5972163918765887
2020-09-22,2020,4625,5.47106776570851,0.1676978120617681,0.05400226458166447,0.01366150027104892,0.001730673215148438,8.85138038744882e-06,0.6410776822045511
2020-09-23,2020,4625,5.44885370685364,0.1459400798804004,0.06412971460068756,0.01376562965509721,0.003336154987964006,0.0004200596982809277,0.6966661877820869
2020-09-24,2020,4625,6.174916535074686,0.14818792691077073,0.06730116405951221,0.027336918312310634,0.004895167108809004,0.00021851960035524387,0.7203780855634971
2020-09-25,2020,4625,5.703638949015092,0.12168339024005019,0.048498166013004516,0.030407186493279264,0.009228334436967548,0.0008659630119793965,0.6524146490759652
2020-09-26,2020,4625,6.953875194928458,0.15490061635821387,0.08151160342368893,0.031494165449997905,0.00521815797523794,1.39137118069333e-06,0.7398665127341404
2020-09-27,2020,4625,3.1533940296691347,0.1104664291058364,0.022335255294313402,0.006380160777047954,0.0006537416065687935,1.759972711418769e-08,0.7383362893424079
2020-09-28,2020,4625,1.3300878326834045,0.049223440189376036,0.006969193757122957,0.0009056838750380987,1.0689272687100032e-06,1.5907035733265735e-08,0.7330471540142791
2020-09-29,2020,4625,1.1992376039608454,0.04756792708357686,0.003912826885841786,0.0005087967184242955,1.3478250595554658e-06,0.0,0.6726189182296984
2020-09-30,2020,4625,2.1664920632968414,0.08201126459282017,0.017176474392325478,0.001265182000332978,5.767347011934542e-06,3.6354929520140453e-11,0.69840157400049
