date,fold,n_cells,mse_mm2,mae_mm,crps_mm,brier_7.5,brier_64.5,brier_115.6,brier_204.5,hits_7.5,misses_7.5,false_alarms_7.5,correct_negatives_7.5,hits_64.5,misses_64.5,false_alarms_64.5,correct_negatives_64.5,hits_115.6,misses_115.6,false_alarms_115.6,correct_negatives_115.6,hits_204.5,misses_204.5,false_alarms_204.5,correct_negatives_204.5
2018-06-02,2018,4625.0,72.38701622948196,5.059516742524966,3.5373445662722953,0.12818049556756755,0.0014101016216216216,1.0740756756756757e-05,7.117837837837839e-07,292.0,443.0,807.0,3083.0,0.0,6.0,0.0,4619.0,0.0,0.0,0.0,4625.0,0.0,0.0,0.0,4625.0
2018-06-03,2018,4625.0,55.64323643091774,4.4079003963816366,3.4383748318321867,0.10044987329729729,0.0005855290810810811,1.0668108108108108e-05,6.408648648648649e-07,252.0,304.0,705.0,3364.0,0.0,2.0,0.0,4623.0,0.0,0.0,0.0,4625.0,0.0,0.0,0.0,4625.0
2018-06-04,2018,4625.0,52.345844777191495,3.905822279444133,3.1350361659447015,0.08250693275675676,0.0026042585945945944,0.00022333491891891885,4.834594594594594e-07,227.0,272.0,447.0,3679.0,0.0,12.0,0.0,4613.0,0.0,1.0,0.0,4624.0,0.0,0.0,0.0,4625.0
2018-06-05,2018,4625.0,33.72096324958433,3.896424959463923,3.311595184451873,0.06733912475675677,0.000334284972972973,9.515243243243245e-06,5.448648648648648e-07,187.0,159.0,567.0,3712.0,0.0,1.0,0.0,4624.0,0.0,0.0,0.0,4625.0,0.0,0.0,0.0,4625.0
2018-06-06,2018,4625.0,56.87449550801206,4.943172782899856,3.752894347158385,0.10845299978378377,0.0014848034594594594,1.644281081081081e-05,9.115675675675676e-07,287.0,283.0,788.0,3267.0,0.0,6.0,0.0,4619.0,0.0,0.0,0.0,4625.0,0.0,0.0,0.0,4625.0
2018-06-07,2018,4625.0,86.14257880906264,5.743917387071331,4.15246818423835,0.11577114983783786,0.0030487757837837836,4.476367567567567e-05,2.1163243243243244e-06,511.0,223.0,977.0,2914.0,0.0,12.0,0.0,4613.0,0.0,0.0,0.0,4625.0,0.0,0.0,0.0,4625.0
2018-06-08,2018,4625.0,181.976798339181,7.459782424486236,4.961654224229856,0.12230361427027027,0.011071816648648649,0.0029004575135135138,4.665945945945945e-05,654.0,119.0,1338.0,2514.0,4.0,47.0,21.0,4553.0,0.0,13.0,2.0,4610.0,0.0,0.0,0.0,4625.0
2018-06-09,2018,4625.0,123.84036986253561,6.985840094688562,4.823981435178559,0.13455959697297296,0.00720889945945946,0.0007637396756756757,1.471654054054054e-05,609.0,250.0,1278.0,2488.0,2.0,32.0,16.0,4575.0,0.0,3.0,0.0,4622.0,0.0,0.0,0.0,4625.0
2018-06-10,2018,4625.0,144.00006105315552,7.444959037678704,4.290717669819991,0.16068765318918918,0.00915947589189189,0.0014692834594594595,4.232648648648649e-06,600.0,460.0,1047.0,2518.0,0.0,49.0,0.0,4576.0,0.0,7.0,0.0,4618.0,0.0,0.0,0.0,4625.0
2018-06-11,2018,4625.0,209.05430078983235,7.892402920098745,4.004465075289056,0.16312115718918918,0.012179062486486486,0.002491832216216216,0.00022773189189189186,420.0,494.0,1022.0,2689.0,0.0,56.0,3.0,4566.0,0.0,11.0,0.0,4614.0,0.0,1.0,0.0,4624.0
2018-06-12,2018,4625.0,206.22973449379165,6.528389951594636,3.4455776591007723,0.12610432605405406,0.016191743135135137,0.004311435243243244,1.6467891891891894e-05,469.0,442.0,516.0,3198.0,0.0,85.0,7.0,4533.0,0.0,21.0,0.0,4604.0,0.0,0.0,0.0,4625.0
2018-06-13,2018,4625.0,148.7201716571563,5.099226968400613,2.831567715768072,0.10875588064864865,0.011893894054054053,0.0026857305945945944,9.798054054054052e-06,402.0,464.0,150.0,3609.0,0.0,57.0,3.0,4565.0,0.0,12.0,0.0,4613.0,0.0,0.0,0.0,4625.0
2018-06-14,2018,4625.0,173.90514370799437,4.590900116923509,2.7592287977280754,0.063603616,0.015862460540540538,0.00405500454054054,1.7392432432432438e-06,448.0,203.0,85.0,3889.0,0.0,80.0,0.0,4545.0,0.0,19.0,0.0,4606.0,0.0,0.0,0.0,4625.0
2018-06-15,2018,4625.0,143.27964621461334,4.184298776518812,2.822533927584436,0.049844489513513515,0.014401863783783784,0.001805416648648649,5.548108108108108e-06,351.0,140.0,171.0,3963.0,0.0,73.0,1.0,4551.0,0.0,8.0,0.0,4617.0,0.0,0.0,0.0,4625.0
2018-06-16,2018,4625.0,51.011791827828304,3.2409629819146883,2.8406472234524625,0.07005388627027027,0.006234831567567568,8.119697297297297e-05,5.069837837837838e-06,364.0,250.0,154.0,3857.0,0.0,33.0,1.0,4591.0,0.0,0.0,0.0,4625.0,0.0,0.0,0.0,4625.0
2018-06-17,2018,4625.0,71.41741309165484,3.5303989724178972,2.690065413323098,0.05968650464864864,0.006842790918918918,0.0006431282162162162,1.1796756756756757e-06,283.0,208.0,167.0,3967.0,0.0,34.0,0.0,4591.0,0.0,3.0,0.0,4622.0,0.0,0.0,0.0,4625.0
2018-06-18,2018,4625.0,42.177971532321294,3.341249745159133,2.6501847881024223,0.059660216216216214,0.001888939243243243,0.0004306291891891892,7.705945945945944e-07,220.0,199.0,169.0,4037.0,0.0,9.0,0.0,4616.0,0.0,2.0,0.0,4623.0,0.0,0.0,0.0,4625.0
2018-06-19,2018,4625.0,28.29643210631732,3.2469848534816985,2.775270672175738,0.05913400302702703,0.0011526330810810812,2.3257081081081083e-05,1.1468108108108109e-06,179.0,177.0,330.0,3939.0,0.0,6.0,0.0,4619.0,0.0,0.0,0.0,4625.0,0.0,0.0,0.0,4625.0
2018-06-20,2018,4625.0,62.8457871301484,4.7053312681866215,3.386469500266095,0.0839728121081081,0.002638764972972973,0.00023203200000000004,3.918702702702702e-06,180.0,235.0,706.0,3504.0,1.0,11.0,0.0,4613.0,0.0,1.0,0.0,4624.0,0.0,0.0,0.0,4625.0
2018-06-21,2018,4625.0,84.42686699402043,5.410214604960258,3.989167808035476,0.08905057556756757,0.0036392285405405403,0.0003888492972972974,1.688648648648649e-05,388.0,142.0,891.0,3204.0,2.0,14.0,5.0,4604.0,0.0,2.0,0.0,4623.0,0.0,0.0,0.0,4625.0
2018-06-22,2018,4625.0,105.37191045934458,5.801954745503431,4.060471182255948,0.11818302443243243,0.005914511567567566,0.000663737081081081,2.246054054054054e-06,585.0,281.0,786.0,2973.0,0.0,28.0,0.0,4597.0,0.0,3.0,0.0,4622.0,0.0,0.0,0.0,4625.0
2018-06-23,2018,4625.0,142.1599837519332,6.1935845622470085,4.108315503403474,0.11656789708108109,0.008239458594594594,0.0014873063783783784,0.00021693059459459464,632.0,263.0,771.0,2959.0,0.0,40.0,0.0,4585.0,0.0,7.0,0.0,4618.0,0.0,1.0,0.0,4624.0
2018-06-24,2018,4625.0,116.7360255775135,5.8001674150346645,4.1527776979379345,0.10681008605405405,0.007003190486486486,0.0008876523243243244,0.00043637102702702706,563.0,201.0,827.0,3034.0,0.0,34.0,2.0,4589.0,0.0,4.0,0.0,4621.0,0.0,2.0,0.0,4623.0
2018-06-25,2018,4625.0,136.982217096978,6.697414305471673,4.536596843518247,0.10552685491891892,0.008938575567567568,0.002739532108108108,0.00021979675675675678,604.0,139.0,1107.0,2775.0,0.0,45.0,0.0,4580.0,0.0,13.0,0.0,4612.0,0.0,1.0,0.0,4624.0
2018-06-26,2018,4625.0,358.86395395460494,9.73621585672154,5.171334947579442,0.14934021016216217,0.028349702054054057,0.008990227027027026,0.0006488562162162162,959.0,192.0,1399.0,2075.0,0.0,138.0,2.0,4485.0,0.0,42.0,0.0,4583.0,0.0,3.0,0.0,4622.0
2018-06-27,2018,4625.0,182.13634261955164,9.03462501277198,5.651182838363135,0.1930938170810811,0.012190433729729729,0.0009348505945945946,4.4869189189189185e-06,1270.0,231.0,1500.0,1624.0,0.0,56.0,0.0,4569.0,0.0,4.0,0.0,4621.0,0.0,0.0,0.0,4625.0
2018-06-28,2018,4625.0,257.62673722965275,9.687388158758937,5.475328149349661,0.22776439005405405,0.01690390227027027,0.0025076281081081076,0.00021685016216216218,1536.0,542.0,920.0,1627.0,0.0,83.0,0.0,4542.0,0.0,12.0,0.0,4613.0,0.0,1.0,0.0,4624.0
2018-06-29,2018,4625.0,228.6534710251631,8.937829672209924,4.0070789779001625,0.23025713729729733,0.0168788307027027,0.0006881677837837837,2.6577297297297296e-06,774.0,929.0,574.0,2348.0,0.0,81.0,0.0,4544.0,0.0,3.0,0.0,4622.0,0.0,0.0,0.0,4625.0
2018-06-30,2018,4625.0,85.22937075866228,6.268873904968236,3.323720101142147,0.17825695394594593,0.0013461535135135137,2.166227027027027e-05,1.1537297297297297e-06,320.0,747.0,648.0,2910.0,0.0,5.0,0.0,4620.0,0.0,0.0,0.0,4625.0,0.0,0.0,0.0,4625.0
2018-07-01,2018,4625.0,176.1899866065266,6.988249544186338,4.023880570609441,0.11474254183783784,0.013757582702702704,0.004308266378378379,0.00043554940540540545,490.0,265.0,1036.0,2834.0,5.0,74.0,0.0,4546.0,0.0,22.0,0.0,4603.0,0.0,2.0,0.0,4623.0
2018-07-02,2018,4625.0,323.60732046248285,8.81815705483025,4.506054439823086,0.14503739762162166,0.021574998486486485,0.008499978378378377,0.000878374054054054,871.0,321.0,925.0,2508.0,10.0,107.0,2.0,4506.0,0.0,41.0,0.0,4584.0,0.0,4.0,0.0,4621.0
2018-07-03,2018,4625.0,249.52028202874328,9.150471846407111,4.785784781663355,0.17436182745945947,0.019622387027027028,0.002058297945945946,9.567135135135136e-06,929.0,487.0,1005.0,2204.0,2.0,94.0,3.0,4526.0,0.0,9.0,0.0,4616.0,0.0,0.0,0.0,4625.0
2018-07-04,2018,4625.0,235.37380614495368,7.7188984988291836,4.577940778729784,0.1629189189189189,0.012011753513513515,0.005426994162162161,0.0010177228108108108,752.0,482.0,1136.0,2255.0,4.0,62.0,0.0,4559.0,0.0,28.0,0.0,4597.0,0.0,5.0,0.0,4620.0
2018-07-05,2018,4625.0,178.25409055582665,7.196759025519009,4.50474327379149,0.15103323416216216,0.01159205708108108,0.0035417063783783785,3.660972972972972e-06,730.0,403.0,1035.0,2457.0,0.0,60.0,0.0,4565.0,0.0,17.0,0.0,4608.0,0.0,0.0,0.0,4625.0
2018-07-06,2018,4625.0,129.3233855411727,6.3489032036758175,4.57482809261223,0.12298577989189188,0.009917011027027028,0.001741701189189189,5.620756756756756e-06,693.0,255.0,1046.0,2631.0,1.0,48.0,1.0,4575.0,0.0,8.0,0.0,4617.0,0.0,0.0,0.0,4625.0
2018-07-07,2018,4625.0,281.16849341567837,7.538123750935051,4.628125562291024,0.12251887827027029,0.018151903135135136,0.007868665945945947,0.0006468834594594595,843.0,158.0,987.0,2637.0,0.0,95.0,0.0,4530.0,0.0,38.0,0.0,4587.0,0.0,3.0,0.0,4622.0
2018-07-08,2018,4625.0,182.78633218919475,6.797891514372922,4.7012375435492535,0.13044409427027026,0.010136465297297297,0.0037767532972972978,0.0004337176216216215,993.0,214.0,835.0,2583.0,0.0,52.0,0.0,4573.0,0.0,18.0,0.0,4607.0,0.0,2.0,0.0,4623.0
2018-07-09,2018,4625.0,134.4838674026903,6.632849891734347,4.843477700268826,0.10956243978378377,0.011424364972972972,0.0013181725405405405,0.00022212497297297297,962.0,118.0,940.0,2605.0,2.0,56.0,1.0,4566.0,0.0,6.0,0.0,4619.0,0.0,1.0,0.0,4624.0
2018-07-10,2018,4625.0,188.52189974395185,8.282191608333958,5.30917529743694,0.14985448302702703,0.015600247351351348,0.0021569375135135137,0.00022196583783783778,1040.0,206.0,1281.0,2098.0,0.0,79.0,1.0,4545.0,0.0,10.0,0.0,4615.0,0.0,1.0,0.0,4624.0
2018-07-11,2018,4625.0,218.74048441753447,9.280844068790522,6.096020382008494,0.1637744518918919,0.019867857297297294,0.002961792864864865,4.572540540540541e-06,1092.0,177.0,1834.0,1522.0,0.0,103.0,0.0,4522.0,0.0,14.0,0.0,4611.0,0.0,0.0,0.0,4625.0
2018-07-12,2018,4625.0,259.63360150613477,10.10181178804915,6.1630668756282905,0.1829114412972973,0.02066397664864865,0.0021535593513513514,4.822486486486486e-06,1420.0,154.0,1548.0,1503.0,0.0,106.0,0.0,4519.0,0.0,10.0,0.0,4615.0,0.0,0.0,0.0,4625.0
2018-07-13,2018,4625.0,286.7572927952895,9.762164731746202,6.170833714544844,0.20458596151351352,0.0255212652972973,0.00484473772972973,6.1517837837837836e-06,1564.0,288.0,1371.0,1402.0,0.0,133.0,0.0,4492.0,0.0,23.0,0.0,4602.0,0.0,0.0,0.0,4625.0
2018-07-14,2018,4625.0,179.26601318141132,8.480960802725855,5.8955406444791665,0.18087480043243245,0.014390803027027029,0.0023110789189189187,7.433513513513514e-06,1224.0,279.0,1450.0,1672.0,3.0,74.0,2.0,4546.0,0.0,11.0,0.0,4614.0,0.0,0.0,0.0,4625.0
2018-07-15,2018,4625.0,224.9550453656665,9.054915876501765,6.381827001771329,0.1730207974054054,0.016436368432432433,0.0038693958918918914,0.0004949163243243243,1391.0,226.0,1290.0,1718.0,27.0,67.0,42.0,4489.0,0.0,17.0,0.0,4608.0,0.0,2.0,0.0,4623.0
2018-07-16,2018,4625.0,346.31021587044734,10.662696517876226,6.254826193045558,0.16969895264864868,0.03259144043243243,0.009066685405405403,0.0006052246486486488,1305.0,265.0,1398.0,1657.0,25.0,166.0,14.0,4420.0,0.0,48.0,0.0,4577.0,0.0,3.0,0.0,4622.0
2018-07-17,2018,4625.0,347.72873846209706,10.32719036456568,5.467413141573591,0.201810636972973,0.02937657254054054,0.005129258378378379,0.0006396445405405406,1377.0,493.0,971.0,1784.0,3.0,155.0,0.0,4467.0,0.0,25.0,0.0,4600.0,0.0,3.0,0.0,4622.0
2018-07-18,2018,4625.0,294.2757693633192,8.716547278180736,4.791728927854291,0.1748551472432433,0.018862955243243246,0.004609235891891892,0.0010673582702702702,885.0,442.0,1044.0,2254.0,0.0,94.0,0.0,4531.0,0.0,22.0,0.0,4603.0,0.0,5.0,0.0,4620.0
2018-07-19,2018,4625.0,146.69042878431878,8.019711837875079,5.212146118472071,0.1484676436756757,0.009181222918918918,6.955675675675676e-05,3.871135135135134e-06,765.0,210.0,1387.0,2263.0,0.0,42.0,0.0,4583.0,0.0,0.0,0.0,4625.0,0.0,0.0,0.0,4625.0
2018-07-20,2018,4625.0,182.4377911108044,9.29978829735154,6.08014538093651,0.16467399956756756,0.014226611027027028,0.00022204021621621625,1.2873513513513513e-05,1016.0,152.0,1847.0,1610.0,0.0,66.0,6.0,4553.0,0.0,0.0,0.0,4625.0,0.0,0.0,0.0,4625.0
2018-07-21,2018,4625.0,299.1659076546289,10.194035330649227,6.513047371785571,0.1642918278918919,0.0252262547027027,0.00493143264864865,0.00045547243243243253,1355.0,130.0,1745.0,1395.0,0.0,129.0,14.0,4482.0,0.0,23.0,0.0,4602.0,0.0,2.0,0.0,4623.0
2018-07-22,2018,4625.0,495.11489259803034,10.913083313172121,6.191758492589476,0.18616066767567566,0.03193811372972973,0.005907371243243244,0.0021940799999999997,1525.0,236.0,1317.0,1547.0,12.0,166.0,10.0,4437.0,0.0,32.0,0.0,4593.0,0.0,11.0,0.0,4614.0
2018-07-23,2018,4625.0,168.39947445853662,8.561273437565985,5.317598398654178,0.19766905772972976,0.008850518486486486,6.60281081081081e-05,3.7448648648648655e-06,1381.0,388.0,1035.0,1821.0,0.0,40.0,0.0,4585.0,0.0,0.0,0.0,4625.0,0.0,0.0,0.0,4625.0
2018-07-24,2018,4625.0,169.2984722448586,8.042707074578665,4.926176193300118,0.16985572843243243,0.013648270702702702,6.200562162162162e-05,3.5476756756756764e-06,1098.0,343.0,1038.0,2146.0,0.0,65.0,0.0,4560.0,0.0,0.0,0.0,4625.0,0.0,0.0,0.0,4625.0
2018-07-25,2018,4625.0,149.97537592057998,7.494220753990611,4.973136076265576,0.16712053362162163,0.011180437621621622,0.0011351584864864866,6.4639999999999994e-06,1058.0,298.0,1225.0,2044.0,0.0,53.0,2.0,4570.0,0.0,5.0,0.0,4620.0,0.0,0.0,0.0,4625.0
2018-07-26,2018,4625.0,252.65978811545338,8.349383658324648,4.688759315309676,0.1717593781621622,0.022014157837837837,0.0035999974054054047,0.00022069967567567566,1537.0,318.0,527.0,2243.0,0.0,111.0,0.0,4514.0,0.0,17.0,0.0,4608.0,0.0,1.0,0.0,4624.0
2018-07-27,2018,4625.0,164.01166261857108,6.398433712331364,4.293531124030756,0.1412337427027027,0.010986444108108106,0.002149181405405406,0.00021812237837837836,1025.0,246.0,745.0,2609.0,0.0,53.0,0.0,4572.0,0.0,10.0,0.0,4615.0,0.0,1.0,0.0,4624.0
2018-07-28,2018,4625.0,150.5504737556244,6.225546021508559,4.025338512037461,0.11232874637837839,0.010232392648648649,0.0019311403243243242,3.7993513513513508e-06,771.0,153.0,875.0,2826.0,0.0,49.0,2.0,4574.0,0.0,9.0,0.0,4616.0,0.0,0.0,0.0,4625.0
2018-07-29,2018,4625.0,128.05781540101768,6.026834885781654,3.9039144631766467,0.10686618983783784,0.010739434378378378,0.0013091321081081077,2.6750270270270272e-06,796.0,144.0,779.0,2906.0,0.0,52.0,0.0,4573.0,0.0,6.0,0.0,4619.0,0.0,0.0,0.0,4625.0
2018-07-30,2018,4625.0,151.76034774379053,5.955506727198779,3.91095066152983,0.09826872216216216,0.012965537729729729,0.001966791783783784,3.3228108108108102e-06,929.0,97.0,622.0,2977.0,0.0,62.0,0.0,4563.0,0.0,9.0,0.0,4616.0,0.0,0.0,0.0,4625.0
2018-07-31,2018,4625.0,132.9553239342443,5.94613586594765,3.8554142847117743,0.10244322162162163,0.009431116972972973,0.0019433721081081083,3.8806486486486485e-06,904.0,127.0,572.0,3022.0,0.0,45.0,0.0,4580.0,0.0,9.0,0.0,4616.0,0.0,0.0,0.0,4625.0
2018-08-01,2018,4625.0,112.86103007718503,5.599734413477284,3.6544600925439563,0.11736474291891891,0.008669027459459458,0.0009068272432432432,2.7200000000000002e-06,819.0,240.0,516.0,3050.0,0.0,41.0,0.0,4584.0,0.0,4.0,0.0,4621.0,0.0,0.0,0.0,4625.0
2018-08-02,2018,4625.0,115.74686789550843,5.6492075268757445,3.5089234976566326,0.12851879264864866,0.010344757621621624,0.0006817107027027026,3.0927567567567567e-06,769.0,326.0,469.0,3061.0,0.0,50.0,0.0,4575.0,0.0,3.0,0.0,4622.0,0.0,0.0,0.0,4625.0
2018-08-03,2018,4625.0,92.22464330621844,4.915873971343445,3.3303821120670154,0.10434423351351352,0.006376012972972973,0.00044226508108108104,1.8041081081081079e-06,546.0,262.0,523.0,3294.0,0.0,31.0,0.0,4594.0,0.0,2.0,0.0,4623.0,0.0,0.0,0.0,4625.0
2018-08-04,2018,4625.0,52.8739987340279,4.3383894261789875,3.402252563612717,0.0944898490810811,0.0017638045405405406,2.3072864864864867e-05,1.3621621621621622e-06,479.0,174.0,669.0,3303.0,0.0,7.0,0.0,4618.0,0.0,0.0,0.0,4625.0,0.0,0.0,0.0,4625.0
2018-08-05,2018,4625.0,131.5804272368548,6.077281974189171,3.8304456518319383,0.10229925448648648,0.008213696864864865,0.0006280562162162161,2.59052972972973e-05,539.0,156.0,797.0,3133.0,0.0,36.0,13.0,4576.0,0.0,2.0,0.0,4623.0,0.0,0.0,0.0,4625.0
2018-08-06,2018,4625.0,159.65231185772595,6.500163348519019,4.339950506281316,0.10865854529729728,0.008400141837837837,0.0019234854054054054,0.0006487135135135137,758.0,91.0,994.0,2782.0,0.0,41.0,0.0,4584.0,0.0,9.0,0.0,4616.0,0.0,3.0,0.0,4622.0
2018-08-07,2018,4625.0,116.45695673270309,6.830531494230034,5.082901086159584,0.14250359524324327,0.005808269837837838,0.0004903109189189189,3.9705945945945945e-06,1029.0,153.0,1230.0,2213.0,0.0,25.0,0.0,4600.0,0.0,2.0,0.0,4623.0,0.0,0.0,0.0,4625.0
2018-08-08,2018,4625.0,219.62814096523576,9.27989711999948,4.436615379462611,0.22865046918918921,0.014100271567567565,0.0006664198918918918,1.991783783783783e-06,863.0,833.0,883.0,2046.0,0.0,68.0,0.0,4557.0,0.0,3.0,0.0,4622.0,0.0,0.0,0.0,4625.0
2018-08-09,2018,4625.0,229.52849969034793,7.019806583241269,3.2741244892297625,0.17783704562162164,0.01035299372972973,0.0032091286486486486,0.0012948497297297298,449.0,771.0,478.0,2927.0,0.0,50.0,0.0,4575.0,0.0,15.0,0.0,4610.0,0.0,6.0,0.0,4619.0
2018-08-10,2018,4625.0,86.8883912336055,6.277739741086494,3.7806579496543313,0.12692304259459458,0.004275922162162162,0.00044066075675675676,1.1623783783783783e-06,299.0,364.0,1078.0,2884.0,0.0,20.0,0.0,4605.0,0.0,2.0,0.0,4623.0,0.0,0.0,0.0,4625.0
2018-08-11,2018,4625.0,147.23098368324435,8.06014412511755,5.11662190051392,0.1508615991351351,0.010568031135135136,0.0004825331891891892,3.4317837837837838e-06,704.0,190.0,1640.0,2091.0,0.0,51.0,0.0,4574.0,0.0,2.0,0.0,4623.0,0.0,0.0,0.0,4625.0
2018-08-12,2018,4625.0,407.80728692751364,9.874805019941046,5.3663115469412075,0.1483583065945946,0.030781201297297292,0.008583429189189189,0.0013032311351351353,1350.0,121.0,1106.0,2048.0,0.0,153.0,3.0,4469.0,0.0,40.0,0.0,4585.0,0.0,6.0,0.0,4619.0
2018-08-13,2018,4625.0,334.5969861958977,8.940144327141306,5.0877232819352525,0.14633767091891892,0.02765830227027027,0.007254201945945947,0.0008738655135135135,1315.0,156.0,860.0,2294.0,13.0,138.0,0.0,4474.0,0.0,36.0,0.0,4589.0,0.0,4.0,0.0,4621.0
2018-08-14,2018,4625.0,150.0522269749386,6.9347281326235155,5.224547565932946,0.1407359282162162,0.012204326918918918,0.002928576,0.0007938750270270271,982.0,209.0,1252.0,2182.0,15.0,63.0,2.0,4545.0,0.0,18.0,0.0,4607.0,0.0,4.0,0.0,4621.0
2018-08-15,2018,4625.0,270.0706112003049,9.633891643202471,6.340646459656635,0.17064815740540543,0.014771001081081083,0.007690815135135133,0.0015235822702702705,769.0,227.0,2047.0,1582.0,12.0,82.0,6.0,4525.0,2.0,40.0,0.0,4583.0,0.0,7.0,0.0,4618.0
2018-08-16,2018,4625.0,614.7030718312928,12.002361084275664,5.422425719728854,0.20981510486486488,0.03605375481081081,0.012157266162162162,0.0034232856216216212,1159.0,650.0,824.0,1992.0,4.0,186.0,2.0,4433.0,0.0,59.0,0.0,4566.0,0.0,16.0,0.0,4609.0
2018-08-17,2018,4625.0,442.638052609696,9.728556488267913,4.161349757034934,0.1392272614054054,0.042913281729729726,0.012157337081081082,0.00022835805405405408,761.0,414.0,587.0,2863.0,0.0,225.0,9.0,4391.0,0.0,58.0,0.0,4567.0,0.0,1.0,0.0,4624.0
2018-08-18,2018,4625.0,135.11287560930734,7.1096697840579,4.3725958287991205,0.1395012730810811,0.008514999351351351,0.0002472138378378378,1.8257297297297298e-06,556.0,368.0,1124.0,2577.0,0.0,40.0,0.0,4585.0,0.0,1.0,0.0,4624.0,0.0,0.0,0.0,4625.0
2018-08-19,2018,4625.0,148.26886832101243,8.615547922314493,5.331316374597649,0.17559731805405404,0.006142139675675676,0.00026894529729729733,3.2787027027027027e-06,698.0,340.0,1769.0,1818.0,0.0,28.0,0.0,4597.0,0.0,1.0,0.0,4624.0,0.0,0.0,0.0,4625.0
2018-08-20,2018,4625.0,313.22847705990773,9.71797195646471,5.767478968658757,0.16570912086486486,0.025559663567567566,0.006356333837837838,0.00021822875675675668,1337.0,180.0,1364.0,1744.0,0.0,129.0,0.0,4496.0,0.0,30.0,0.0,4595.0,0.0,1.0,0.0,4624.0
2018-08-21,2018,4625.0,388.3763757314225,10.62285326944174,4.88557913762625,0.20664520562162164,0.03586147545945945,0.005650641297297298,0.00022214572972972967,1262.0,652.0,714.0,1997.0,0.0,172.0,0.0,4453.0,0.0,26.0,0.0,4599.0,0.0,1.0,0.0,4624.0
2018-08-22,2018,4625.0,268.0688462347841,8.37839101196869,4.509414874039432,0.16145320735135135,0.023160101189189188,0.0038188955675675677,1.6250810810810812e-06,724.0,411.0,1191.0,2299.0,0.0,114.0,0.0,4511.0,0.0,18.0,0.0,4607.0,0.0,0.0,0.0,4625.0
2018-08-23,2018,4625.0,115.11249009929084,6.808825771484418,4.5596111583072805,0.14439833772972974,0.005548981621621623,0.00024992951351351353,1.8724324324324323e-06,873.0,223.0,1191.0,2338.0,0.0,26.0,0.0,4599.0,0.0,1.0,0.0,4624.0,0.0,0.0,0.0,4625.0
2018-08-24,2018,4625.0,256.93296545358646,8.064001202675794,4.694018253078531,0.14904065297297295,0.013850018594594594,0.0036586698378378384,0.0006485094054054054,813.0,210.0,1283.0,2319.0,0.0,65.0,0.0,4560.0,0.0,17.0,0.0,4608.0,0.0,3.0,0.0,4622.0
2018-08-25,2018,4625.0,150.44446069203633,7.197678123746984,4.5957710330198465,0.14085393210810812,0.011679864216216215,0.000729145945945946,8.871783783783783e-06,1095.0,173.0,909.0,2448.0,0.0,55.0,3.0,4567.0,0.0,3.0,0.0,4622.0,0.0,0.0,0.0,4625.0
2018-08-26,2018,4625.0,152.57258561033711,6.904282045779673,4.479716194481976,0.14678490983783785,0.010325375999999999,0.0015480769729729728,2.894702702702703e-06,1019.0,271.0,881.0,2454.0,0.0,49.0,0.0,4576.0,0.0,7.0,0.0,4618.0,0.0,0.0,0.0,4625.0
2018-08-27,2018,4625.0,172.88852745758757,6.890011832062319,4.43293173630202,0.13959512735135132,0.014736347675675675,0.004319187027027028,4.290594594594596e-06,946.0,326.0,847.0,2506.0,0.0,79.0,0.0,4546.0,0.0,21.0,0.0,4604.0,0.0,0.0,0.0,4625.0
2018-08-28,2018,4625.0,146.81931542883024,7.490352959718423,5.042404082884925,0.15334988713513514,0.008890694054054056,0.001328313081081081,3.4620540540540545e-06,836.0,241.0,1380.0,2168.0,0.0,41.0,0.0,4584.0,0.0,6.0,0.0,4619.0,0.0,0.0,0.0,4625.0
2018-08-29,2018,4625.0,108.12270820316917,6.366104078388322,4.372316842246981,0.1779923987027027,0.0032473859459459468,0.0006719109189189188,1.7945945945945943e-06,769.0,508.0,906.0,2442.0,0.0,14.0,0.0,4611.0,0.0,3.0,0.0,4622.0,0.0,0.0,0.0,4625.0
2018-08-30,2018,4625.0,84.48220375653027,5.785889938425593,3.9368115807032145,0.14214559481081082,0.003404185945945946,0.00043102616216216216,1.3535135135135133e-06,496.0,404.0,1008.0,2717.0,0.0,16.0,0.0,4609.0,0.0,2.0,0.0,4623.0,0.0,0.0,0.0,4625.0
2018-08-31,2018,4625.0,115.56926933273277,6.432165675869636,4.472945878257725,0.14489883416216215,0.005559267459459459,0.0002376942702702703,1.2748108108108107e-06,894.0,221.0,1068.0,2442.0,0.0,25.0,0.0,4600.0,0.0,1.0,0.0,4624.0,0.0,0.0,0.0,4625.0
2018-09-01,2018,4625.0,201.75715117883595,7.179201503749994,4.5489760434641315,0.1533256838918919,0.013361555027027025,0.0032275831351351353,1.529945945945946e-06,1062.0,222.0,944.0,2397.0,0.0,65.0,0.0,4560.0,0.0,15.0,0.0,4610.0,0.0,0.0,0.0,4625.0
2018-09-02,2018,4625.0,179.2846409186503,6.668719390897154,4.515500200272848,0.14651408864864868,0.011323832216216217,0.0025694434594594594,0.00043302140540540544,944.0,274.0,981.0,2426.0,0.0,55.0,0.0,4570.0,0.0,12.0,0.0,4613.0,0.0,2.0,0.0,4623.0
2018-09-03,2018,4625.0,105.14992976321406,5.548457272594724,4.175127709281334,0.14410933967567569,0.004578093837837837,0.0006550149189189189,0.0002174036756756757,852.0,269.0,806.0,2698.0,0.0,21.0,0.0,4604.0,0.0,3.0,0.0,4622.0,0.0,1.0,0.0,4624.0
2018-09-04,2018,4625.0,65.5246923609208,4.946743038981678,3.959844232018236,0.13266060454054054,0.0014748307027027032,1.4335135135135135e-05,7.913513513513513e-07,671.0,277.0,832.0,2845.0,0.0,6.0,0.0,4619.0,0.0,0.0,0.0,4625.0,0.0,0.0,0.0,4625.0
2018-09-05,2018,4625.0,72.12707625971146,5.567417967232134,4.170411065685001,0.12269902356756757,0.0017348644324324323,4.132583783783784e-05,2.232216216216216e-06,500.0,207.0,1176.0,2742.0,0.0,6.0,0.0,4619.0,0.0,0.0,0.0,4625.0,0.0,0.0,0.0,4625.0
2018-09-06,2018,4625.0,228.854847715953,6.614552211081554,4.345665195160515,0.10701107632432433,0.011636783567567565,0.0032014668108108105,0.0015081305945945946,951.0,101.0,850.0,2723.0,0.0,56.0,0.0,4569.0,0.0,15.0,0.0,4610.0,0.0,7.0,0.0,4618.0
2018-09-07,2018,4625.0,230.08674672907023,7.305235727727401,3.8900697222532803,0.16805334227027027,0.01756165189189189,0.0026108964324324324,1.2142702702702701e-06,730.0,598.0,537.0,2760.0,0.0,82.0,0.0,4543.0,0.0,12.0,0.0,4613.0,0.0,0.0,0.0,4625.0
2018-09-08,2018,4625.0,179.76607819095378,6.146907890310178,2.9829866563881535,0.12808216043243242,0.01218057945945946,0.003197660540540541,1.05772972972973e-06,319.0,515.0,320.0,3471.0,0.0,59.0,0.0,4566.0,0.0,15.0,0.0,4610.0,0.0,0.0,0.0,4625.0
2018-09-09,2018,4625.0,85.40338496181022,4.406925449937324,2.880638241874889,0.08641420627027026,0.006326131027027026,0.00024365318918918922,1.5230270270270273e-06,248.0,309.0,366.0,3702.0,0.0,30.0,0.0,4595.0,0.0,1.0,0.0,4624.0,0.0,0.0,0.0,4625.0
2018-09-10,2018,4625.0,166.13460580957215,4.708294320088429,3.0271588158588445,0.05827789318918919,0.008342443243243245,0.0032002352432432433,0.0016284445405405407,354.0,139.0,339.0,3793.0,7.0,41.0,8.0,4569.0,0.0,17.0,0.0,4608.0,0.0,8.0,0.0,4617.0
2018-09-11,2018,4625.0,67.11399877738612,4.2510460732258,2.819251668522303,0.07568230227027027,0.00563269881081081,8.972281081081082e-05,4.703135135135136e-06,329.0,256.0,262.0,3778.0,0.0,26.0,1.0,4598.0,0.0,0.0,0.0,4625.0,0.0,0.0,0.0,4625.0
2018-09-12,2018,4625.0,89.32889765483074,4.573003957086649,2.7735892032221017,0.08635224735135134,0.008929938162162164,0.00034886313513513505,6.432864864864866e-06,317.0,333.0,190.0,3785.0,0.0,46.0,3.0,4576.0,0.0,1.0,0.0,4624.0,0.0,0.0,0.0,4625.0
2018-09-13,2018,4625.0,83.0180882444564,4.223301654078871,2.925632850326385,0.0812413612972973,0.008387722378378377,0.0005129591351351352,4.675459459459459e-06,362.0,266.0,286.0,3711.0,0.0,43.0,1.0,4581.0,0.0,2.0,0.0,4623.0,0.0,0.0,0.0,4625.0
2018-09-14,2018,4625.0,98.69334207622163,4.277196084491615,2.6595271995815652,0.08087792345945947,0.00709212972972973,0.0006534815135135133,5.517837837837839e-07,219.0,319.0,259.0,3828.0,0.0,34.0,0.0,4591.0,0.0,3.0,0.0,4622.0,0.0,0.0,0.0,4625.0
2018-09-15,2018,4625.0,50.796788446102056,3.5216249785805145,2.7268757832067583,0.06212503091891892,0.00239423654054054,5.443459459459459e-06,3.5286486486486486e-07,128.0,203.0,368.0,3926.0,0.0,11.0,0.0,4614.0,0.0,0.0,0.0,4625.0,0.0,0.0,0.0,4625.0
2018-09-16,2018,4625.0,34.92003533406008,3.2987354294445757,2.5179102568969784,0.05799642810810811,0.0006730672432432431,2.7684324324324323e-06,1.824864864864865e-07,81.0,222.0,196.0,4126.0,0.0,3.0,0.0,4622.0,0.0,0.0,0.0,4625.0,0.0,0.0,0.0,4625.0
2018-09-17,2018,4625.0,36.666403964900276,3.2103229232553434,2.7948352218451493,0.0705601452972973,0.0006921798918918917,4.667675675675675e-06,3.001081081081081e-07,243.0,238.0,185.0,3959.0,0.0,3.0,0.0,4622.0,0.0,0.0,0.0,4625.0,0.0,0.0,0.0,4625.0
2018-09-18,2018,4625.0,28.118177550442056,2.7187927411279693,2.445080824462101,0.06615361124324325,0.00024355113513513515,2.098162162162162e-06,1.392432432432432e-07,87.0,306.0,99.0,4133.0,0.0,1.0,0.0,4624.0,0.0,0.0,0.0,4625.0,0.0,0.0,0.0,4625.0
2018-09-19,2018,4625.0,25.543888367684698,2.8147358333880703,2.492661336817958,0.06616948497297297,4.2169945945945945e-05,2.9759999999999995e-06,1.643243243243243e-07,51.0,285.0,240.0,4049.0,0.0,0.0,0.0,4625.0,0.0,0.0,0.0,4625.0,0.0,0.0,0.0,4625.0
2018-09-20,2018,4625.0,82.45594993953863,5.433632253378511,3.9006418147969124,0.08931166616216217,0.002308231783783784,0.00013024518918918916,6.896432432432433e-06,247.0,131.0,1124.0,3123.0,0.0,6.0,10.0,4609.0,0.0,0.0,0.0,4625.0,0.0,0.0,0.0,4625.0
2018-09-21,2018,4625.0,287.6317554360652,9.044371968038401,4.8977434602484875,0.1529205336216216,0.01630427416216216,0.0051777608648648655,0.0006516730810810812,637.0,287.0,1490.0,2211.0,0.0,76.0,5.0,4544.0,0.0,24.0,0.0,4601.0,0.0,3.0,0.0,4622.0
2018-09-22,2018,4625.0,253.34290343884894,8.972915556186587,4.1642768371375185,0.21050360821621622,0.016563315891891892,0.0014903334054054054,2.9567999999999995e-05,641.0,823.0,737.0,2424.0,3.0,72.0,11.0,4539.0,0.0,6.0,0.0,4619.0,0.0,0.0,0.0,4625.0
2018-09-23,2018,4625.0,255.70709223508194,7.236103295519463,4.40239621598412,0.12751110313513514,0.027589441729729727,0.005502813405405405,0.000308569945945946,746.0,393.0,398.0,3088.0,49.0,115.0,47.0,4414.0,3.0,19.0,13.0,4590.0,0.0,0.0,1.0,4624.0
2018-09-24,2018,4625.0,350.62355602642856,8.057746480004656,3.224945612402339,0.14369892237837836,0.025174947459459456,0.006508908108108109,0.0006625245405405407,590.0,541.0,213.0,3281.0,0.0,121.0,5.0,4499.0,0.0,30.0,0.0,4595.0,0.0,3.0,0.0,4622.0
2018-09-25,2018,4625.0,187.4289595918066,5.901911884165967,2.7735558094757184,0.11946370508108108,0.014239394594594596,0.0023661145945945944,5.509189189189189e-07,196.0,500.0,318.0,3611.0,0.0,67.0,0.0,4558.0,0.0,11.0,0.0,4614.0,0.0,0.0,0.0,4625.0
2018-09-26,2018,4625.0,83.68140739207138,3.6179131950504275,3.066505490013101,0.06971846832432432,0.005405708108108109,0.001294675027027027,6.858378378378379e-07,309.0,198.0,311.0,3807.0,0.0,25.0,0.0,4600.0,0.0,6.0,0.0,4619.0,0.0,0.0,0.0,4625.0
2018-09-27,2018,4625.0,47.063360665885746,3.567921065838906,2.8896529673161906,0.07590745254054054,0.0018667995675675675,1.286572972972973e-05,6.028108108108108e-07,235.0,262.0,275.0,3853.0,0.0,8.0,0.0,4617.0,0.0,0.0,0.0,4625.0,0.0,0.0,0.0,4625.0
2018-09-28,2018,4625.0,31.351859724611597,3.2279406879902557,2.830357616772641,0.06020734183783784,0.0003753305945945946,1.1968864864864864e-05,5.457297297297298e-07,154.0,185.0,314.0,3972.0,0.0,1.0,0.0,4624.0,0.0,0.0,0.0,4625.0,0.0,0.0,0.0,4625.0
2018-09-29,2018,4625.0,38.74280902532726,3.008807199227774,2.644118996661987,0.06392894962162161,0.001546745945945946,7.334918918918918e-06,4.16e-07,174.0,223.0,170.0,4058.0,0.0,7.0,0.0,4618.0,0.0,0.0,0.0,4625.0,0.0,0.0,0.0,4625.0
2018-09-30,2018,4625.0,26.318615002586142,2.4334324961657208,2.4605184320491658,0.04052119783783784,0.0009264787027027026,5.476324324324323e-06,3.001081081081081e-07,59.0,141.0,186.0,4239.0,0.0,4.0,0.0,4621.0,0.0,0.0,0.0,4625.0,0.0,0.0,0.0,4625.0
2020-06-02,2020,4625.0,115.98431475250489,5.8647386274394515,4.276219674679521,0.14601669967567568,0.007394092108108108,0.0002730516756756757,4.543135135135135e-06,489.0,514.0,680.0,2942.0,0.0,36.0,0.0,4589.0,0.0,1.0,0.0,4624.0,0.0,0.0,0.0,4625.0
2020-06-03,2020,4625.0,205.43792532204463,7.133480745230336,4.395538748185528,0.12107876583783783,0.012508938378378376,0.001713971891891892,0.00010172367567567568,569.0,316.0,672.0,3068.0,3.0,43.0,76.0,4503.0,0.0,4.0,0.0,4621.0,0.0,0.0,0.0,4625.0
2020-06-04,2020,4625.0,229.85346919986097,8.134081596355555,4.486135665646321,0.15129379113513514,0.014264536216216215,0.0018039221621621619,9.418378378378377e-06,616.0,414.0,745.0,2850.0,0.0,65.0,0.0,4560.0,0.0,8.0,0.0,4617.0,0.0,0.0,0.0,4625.0
2020-06-05,2020,4625.0,212.89117912117104,7.149738153305487,3.8037135512877738,0.18163491545945948,0.014348884756756755,0.0005987027027027027,1.8816864864864862e-05,421.0,783.0,366.0,3055.0,0.0,63.0,9.0,4553.0,0.0,2.0,0.0,4623.0,0.0,0.0,0.0,4625.0
2020-06-06,2020,4625.0,157.86309855675273,5.746733864326464,3.3437410781040917,0.13625462313513512,0.009738628324324324,0.0017291814054054054,6.036756756756757e-07,344.0,588.0,127.0,3566.0,0.0,46.0,0.0,4579.0,0.0,8.0,0.0,4617.0,0.0,0.0,0.0,4625.0
2020-06-07,2020,4625.0,68.04006468235063,3.7886710660678657,3.125122361395892,0.0817998374054054,0.005547398918918918,0.00022506637837837833,5.068108108108109e-07,186.0,346.0,113.0,3980.0,0.0,27.0,0.0,4598.0,0.0,1.0,0.0,4624.0,0.0,0.0,0.0,4625.0
2020-06-08,2020,4625.0,41.07704805049676,3.1543791805475836,3.108462183041538,0.08381089643243242,0.0011132825945945946,3.5260540540540534e-06,2.1016216216216216e-07,97.0,378.0,182.0,3968.0,0.0,5.0,0.0,4620.0,0.0,0.0,0.0,4625.0,0.0,0.0,0.0,4625.0
2020-06-09,2020,4625.0,54.28583686423979,3.5576924999844697,3.2124882116316362,0.06777800908108109,0.0011350235675675678,0.00022098335135135137,3.355675675675675e-07,80.0,261.0,321.0,3963.0,0.0,5.0,0.0,4620.0,0.0,1.0,0.0,4624.0,0.0,0.0,0.0,4625.0
2020-06-10,2020,4625.0,46.23417146550173,4.654083932551582,4.092743996785093,0.07902312216216216,0.00035625340540540543,2.6353297297297295e-05,1.5048648648648651e-06,210.0,118.0,979.0,3318.0,0.0,0.0,0.0,4625.0,0.0,0.0,0.0,4625.0,0.0,0.0,0.0,4625.0
2020-06-11,2020,4625.0,127.84515063382479,6.675881785074148,4.76911521717,0.13564068843243243,0.00905417772972973,0.0005483027027027027,9.14335135135135e-06,854.0,267.0,896.0,2608.0,0.0,42.0,0.0,4583.0,0.0,2.0,0.0,4623.0,0.0,0.0,0.0,4625.0
2020-06-12,2020,4625.0,115.85382648687704,6.764139946188246,5.13490943167728,0.14858322421621623,0.005249433081081081,0.00048355978378378375,2.3048648648648645e-05,933.0,242.0,1087.0,2363.0,1.0,17.0,12.0,4595.0,0.0,1.0,0.0,4624.0,0.0,0.0,0.0,4625.0
2020-06-13,2020,4625.0,112.03312151760308,6.373768246783701,4.9755410548748396,0.15091425470270273,0.004101387243243243,0.0009199852972972974,1.068454054054054e-05,1048.0,228.0,869.0,2480.0,0.0,18.0,0.0,4607.0,0.0,4.0,0.0,4621.0,0.0,0.0,0.0,4625.0
2020-06-14,2020,4625.0,89.39688788922282,6.087428589224493,5.061510992261967,0.1322174313513514,0.003924555243243243,0.00030528864864864865,7.987027027027026e-06,857.0,186.0,1121.0,2461.0,0.0,17.0,0.0,4608.0,0.0,1.0,0.0,4624.0,0.0,0.0,0.0,4625.0
2020-06-15,2020,4625.0,107.51315102618165,6.6466720646082065,5.1955489018506835,0.16346310400000005,0.0037374036756756754,0.00011724021621621623,9.186594594594594e-06,944.0,289.0,1177.0,2215.0,0.0,13.0,0.0,4612.0,0.0,0.0,0.0,4625.0,0.0,0.0,0.0,4625.0
2020-06-16,2020,4625.0,136.0801674911397,6.636853203081747,4.969227157688601,0.15606808908108108,0.007707314162162161,0.0008306317837837838,2.185254054054054e-05,1240.0,315.0,655.0,2415.0,4.0,35.0,2.0,4584.0,0.0,3.0,0.0,4622.0,0.0,0.0,0.0,4625.0
2020-06-17,2020,4625.0,190.21943213980396,7.2177383336126,4.808807775643468,0.16291852194594594,0.014634041945945947,0.0020386508108108108,0.00024247178378378377,1075.0,438.0,550.0,2562.0,0.0,71.0,11.0,4543.0,0.0,9.0,0.0,4616.0,0.0,1.0,0.0,4624.0
2020-06-18,2020,4625.0,178.3368139756737,6.006257039653739,4.371569413998395,0.12608612151351353,0.014576014702702703,0.003612045837837838,0.00022351221621621617,886.0,319.0,485.0,2935.0,0.0,75.0,0.0,4550.0,0.0,17.0,0.0,4608.0,0.0,1.0,0.0,4624.0
2020-06-19,2020,4625.0,142.6477246578246,6.007028356100086,4.240686421884454,0.1416217747027027,0.009957009297297297,0.0015280648648648648,2.105945945945946e-06,714.0,419.0,566.0,2926.0,0.0,47.0,0.0,4578.0,0.0,7.0,0.0,4618.0,0.0,0.0,0.0,4625.0
2020-06-20,2020,4625.0,103.87188347684089,5.74802495698971,4.37748239118455,0.13325880043243243,0.005904034594594594,0.00024911567567567557,2.3852972972972972e-06,728.0,300.0,733.0,2864.0,0.0,28.0,0.0,4597.0,0.0,1.0,0.0,4624.0,0.0,0.0,0.0,4625.0
2020-06-21,2020,4625.0,115.33553528984949,5.749981944633734,4.548527277929908,0.1316917050810811,0.00798595891891892,0.0009427355675675676,6.655135135135136e-06,820.0,290.0,694.0,2821.0,1.0,36.0,1.0,4587.0,0.0,4.0,0.0,4621.0,0.0,0.0,0.0,4625.0
2020-06-22,2020,4625.0,169.7681198256958,6.488590789826343,4.515399034943216,0.13215369081081083,0.015347086702702701,0.0028566045405405403,3.481081081081081e-06,770.0,303.0,782.0,2770.0,0.0,83.0,0.0,4542.0,0.0,14.0,0.0,4611.0,0.0,0.0,0.0,4625.0
2020-06-23,2020,4625.0,128.96676766341864,6.135352040468402,4.395805714385839,0.16102597275675676,0.009003296864864865,0.0008818283243243243,1.3785945945945946e-06,683.0,512.0,735.0,2695.0,0.0,42.0,0.0,4583.0,0.0,4.0,0.0,4621.0,0.0,0.0,0.0,4625.0
2020-06-24,2020,4625.0,145.87605090193108,6.7169780521240305,4.626270780159346,0.14103097945945947,0.007151690378378379,0.002503591783783784,0.00043445189189189175,657.0,335.0,919.0,2714.0,0.0,36.0,0.0,4589.0,0.0,12.0,0.0,4613.0,0.0,2.0,0.0,4623.0
2020-06-25,2020,4625.0,239.93275597148852,7.994951123207482,4.942573813933522,0.14237773405405404,0.01517827027027027,0.00661039827027027,0.0006232778378378379,629.0,409.0,1024.0,2563.0,8.0,76.0,0.0,4541.0,0.0,35.0,0.0,4590.0,0.0,3.0,0.0,4622.0
2020-06-26,2020,4625.0,247.23756593082675,7.988426718718505,5.027316622161905,0.15702025772972972,0.020228034594594595,0.003961139891891892,0.0006576276756756758,1023.0,427.0,532.0,2643.0,7.0,103.0,2.0,4513.0,0.0,19.0,0.0,4606.0,0.0,3.0,0.0,4622.0
2020-06-27,2020,4625.0,413.73634252059543,8.528491467104303,4.868994175348371,0.16501158745945946,0.01842444454054054,0.008464435027027028,0.0021508514594594597,809.0,477.0,883.0,2456.0,1.0,96.0,0.0,4528.0,0.0,41.0,0.0,4584.0,0.0,10.0,0.0,4615.0
2020-06-28,2020,4625.0,240.70545947178604,7.4020188948576955,5.001338637033383,0.15363781621621622,0.009737152864864864,0.001312262918918919,0.0006499658378378379,982.0,288.0,979.0,2376.0,0.0,47.0,0.0,4578.0,0.0,6.0,0.0,4619.0,0.0,3.0,0.0,4622.0
2020-06-29,2020,4625.0,157.39224125866633,7.660443057049275,5.1651147335011425,0.17513106075675677,0.00963524064864865,0.00010017643243243243,7.6194594594594595e-06,896.0,377.0,1236.0,2116.0,0.0,43.0,0.0,4582.0,0.0,0.0,0.0,4625.0,0.0,0.0,0.0,4625.0
2020-06-30,2020,4625.0,142.0146273028698,7.127221992634573,4.6736802786018234,0.17347972151351354,0.006378525405405404,0.0007531130810810811,9.63372972972973e-06,684.0,513.0,1038.0,2390.0,0.0,28.0,0.0,4597.0,0.0,3.0,0.0,4622.0,0.0,0.0,0.0,4625.0
2020-07-01,2020,4625.0,93.22568826851757,5.995311151200627,4.184619196960144,0.14896460886486487,0.002759493189189189,4.777686486486486e-05,3.2934054054054058e-06,413.0,545.0,795.0,2872.0,0.0,11.0,0.0,4614.0,0.0,0.0,0.0,4625.0,0.0,0.0,0.0,4625.0
2020-07-02,2020,4625.0,178.5988202570302,7.024423471279188,4.393111197620737,0.12606200043243246,0.011407539891891891,0.0029647654054054053,0.00022433643243243242,505.0,307.0,973.0,2840.0,1.0,55.0,0.0,4569.0,0.0,14.0,0.0,4611.0,0.0,1.0,0.0,4624.0
2020-07-03,2020,4625.0,146.29872347608884,7.405211106842629,5.4755470708058205,0.1415375878918919,0.007389004108108108,0.0018205647567567566,5.719697297297298e-05,756.0,176.0,1544.0,2149.0,5.0,30.0,16.0,4574.0,0.0,7.0,0.0,4618.0,0.0,0.0,0.0,4625.0
2020-07-04,2020,4625.0,224.74420803394008,10.014913133411499,6.282295671359935,0.19129151913513515,0.012995171459459458,0.000912576,7.512821621621621e-05,1117.0,247.0,1846.0,1415.0,8.0,45.0,49.0,4523.0,0.0,1.0,0.0,4624.0,0.0,0.0,0.0,4625.0
2020-07-05,2020,4625.0,808.6860815510753,10.658199175140501,6.496957242658664,0.2131072908108108,0.01249629664864865,0.003371938594594594,0.0006933578378378378,1390.0,363.0,1598.0,1274.0,0.0,57.0,27.0,4541.0,0.0,14.0,6.0,4605.0,0.0,1.0,3.0,4621.0
2020-07-06,2020,4625.0,358.79547430450924,9.512511874656703,6.140067877771174,0.20837567827027026,0.022344811243243244,0.004012836324324323,0.0017040345945945946,1495.0,434.0,1042.0,1654.0,8.0,108.0,0.0,4509.0,4.0,16.0,1.0,4604.0,0.0,8.0,0.0,4617.0
2020-07-07,2020,4625.0,374.1850631291737,9.196878128911935,5.376494701333826,0.1911976908108108,0.022740384864864866,0.006340358054054053,0.0020583117837837833,1128.0,549.0,690.0,2258.0,5.0,110.0,8.0,4502.0,1.0,29.0,2.0,4593.0,0.0,10.0,0.0,4615.0
2020-07-08,2020,4625.0,354.0252769630474,8.794867703745677,5.214035034159279,0.16862005621621623,0.019567190486486485,0.006033842162162162,0.0017196480000000003,880.0,362.0,1197.0,2186.0,0.0,98.0,0.0,4527.0,0.0,29.0,0.0,4596.0,0.0,8.0,0.0,4617.0
2020-07-09,2020,4625.0,225.16694905128642,8.97976742510585,5.7460731291631095,0.20483379632432433,0.018409388108108108,0.0023779883243243245,1.9156756756756757e-05,1061.0,557.0,1299.0,1708.0,4.0,92.0,4.0,4525.0,0.0,11.0,0.0,4614.0,0.0,0.0,0.0,4625.0
2020-07-10,2020,4625.0,403.4950104440639,10.145645138080289,5.1162232551950995,0.19739061275675673,0.03354757794594594,0.005727905729729731,0.000904057945945946,933.0,735.0,670.0,2287.0,9.0,175.0,10.0,4431.0,0.0,26.0,0.0,4599.0,0.0,4.0,0.0,4621.0
2020-07-11,2020,4625.0,294.2648444608916,7.706061288000915,4.801991723020036,0.16292940713513515,0.019189687351351355,0.005215444756756758,0.0006980428108108108,805.0,601.0,517.0,2702.0,10.0,93.0,13.0,4509.0,1.0,24.0,2.0,4598.0,0.0,3.0,0.0,4622.0
2020-07-12,2020,4625.0,281.957188895058,7.814704777945059,4.704257994966752,0.1597249530810811,0.013998905081081084,0.006017547243243242,0.001083859891891892,823.0,488.0,733.0,2581.0,13.0,69.0,2.0,4541.0,0.0,33.0,0.0,4592.0,0.0,5.0,0.0,4620.0
2020-07-13,2020,4625.0,156.30987762780902,7.2859366753488715,4.945994654694486,0.16922447394594595,0.009576883027027028,0.0017370663783783783,0.0002211494054054054,830.0,430.0,1048.0,2317.0,0.0,47.0,0.0,4578.0,0.0,8.0,0.0,4617.0,0.0,1.0,0.0,4624.0
2020-07-14,2020,4625.0,139.97999944701976,7.8804764814662,5.578864379277564,0.15668127913513516,0.006857073297297297,0.0001108998918918919,8.92972972972973e-06,942.0,165.0,1551.0,1967.0,0.0,29.0,0.0,4596.0,0.0,0.0,0.0,4625.0,0.0,0.0,0.0,4625.0
2020-07-15,2020,4625.0,199.9389447543604,9.226330918426108,5.775652088213318,0.19623543005405406,0.008509332756756756,0.0006021024864864866,7.028583783783783e-05,1132.0,362.0,1395.0,1736.0,5.0,27.0,29.0,4564.0,0.0,0.0,0.0,4625.0,0.0,0.0,0.0,4625.0
2020-07-16,2020,4625.0,152.42141034924512,7.558922080291681,5.295415644613222,0.20328893405405404,0.009976494702702702,0.0008714188108108107,2.7512216216216216e-05,1059.0,576.0,815.0,2175.0,2.0,47.0,7.0,4569.0,0.0,3.0,0.0,4622.0,0.0,0.0,0.0,4625.0
2020-07-17,2020,4625.0,76.99538375307635,5.525528548141031,4.01534030407715,0.1511825401081081,0.004951355675675675,0.000475424,8.67545945945946e-06,495.0,592.0,493.0,3045.0,0.0,29.0,0.0,4596.0,0.0,2.0,0.0,4623.0,0.0,0.0,0.0,4625.0
2020-07-18,2020,4625.0,102.3069999910697,6.347739796626007,4.457738575311838,0.11033653881081082,0.006649519567567567,0.00045588324324324323,1.8049729729729733e-06,433.0,256.0,917.0,3019.0,0.0,33.0,0.0,4592.0,0.0,2.0,0.0,4623.0,0.0,0.0,0.0,4625.0
2020-07-19,2020,4625.0,196.87121910802767,8.461863001855322,5.666449428630469,0.15678650724324325,0.013098272,0.0025005050810810807,0.0008874603243243244,662.0,326.0,1553.0,2084.0,8.0,62.0,16.0,4539.0,0.0,11.0,0.0,4614.0,0.0,4.0,0.0,4621.0
2020-07-20,2020,4625.0,410.26508095730884,10.46495326700645,6.111625976780359,0.1923717145945946,0.02630942183783784,0.012736940972972973,0.001349516972972973,1331.0,355.0,1269.0,1670.0,16.0,131.0,14.0,4464.0,0.0,62.0,0.0,4563.0,0.0,6.0,0.0,4619.0
2020-07-21,2020,4625.0,328.37037016976484,9.8402662763499,5.553777234389967,0.2302100211891892,0.01938024475675676,0.003964021621621622,0.0008608302702702703,1374.0,706.0,984.0,1561.0,0.0,98.0,0.0,4527.0,0.0,19.0,0.0,4606.0,0.0,4.0,0.0,4621.0
2020-07-22,2020,4625.0,166.63388932801618,7.838947038265024,4.984295197391102,0.2129098525405405,0.0073633885405405405,0.0021081063783783783,1.9528648648648647e-06,943.0,645.0,1003.0,2034.0,0.0,35.0,0.0,4590.0,0.0,10.0,0.0,4615.0,0.0,0.0,0.0,4625.0
2020-07-23,2020,4625.0,136.2207310101111,7.3492570593253665,5.441430773115805,0.16182793340540538,0.009928349405405403,0.0002782192432432432,3.991351351351352e-06,1185.0,237.0,1199.0,2004.0,0.0,46.0,0.0,4579.0,0.0,1.0,0.0,4624.0,0.0,0.0,0.0,4625.0
2020-07-24,2020,4625.0,178.8511898727048,7.8978644467244425,5.593573528534856,0.19887664086486487,0.013338411243243241,0.001390355027027027,9.003243243243244e-06,1269.0,397.0,1153.0,1806.0,0.0,64.0,0.0,4561.0,0.0,6.0,0.0,4619.0,0.0,0.0,0.0,4625.0
2020-07-25,2020,4625.0,144.22953740098646,7.243848821346724,4.5309359187085825,0.19165105643243244,0.00718742054054054,0.00024694054054054057,2.8358918918918915e-06,605.0,693.0,855.0,2472.0,0.0,33.0,0.0,4592.0,0.0,1.0,0.0,4624.0,0.0,0.0,0.0,4625.0
2020-07-26,2020,4625.0,69.96245866896885,5.256324484189396,3.635476626910514,0.14815955113513515,0.0015323814054054052,0.0002444168648648648,2.3948108108108104e-06,309.0,600.0,450.0,3266.0,0.0,6.0,0.0,4619.0,0.0,1.0,0.0,4624.0,0.0,0.0,0.0,4625.0
2020-07-27,2020,4625.0,58.24555672786346,5.351224138186367,4.16733442944665,0.09957808086486489,0.0008589223783783782,1.802291891891892e-05,8.96e-07,257.0,217.0,974.0,3177.0,0.0,3.0,0.0,4622.0,0.0,0.0,0.0,4625.0,0.0,0.0,0.0,4625.0
2020-07-28,2020,4625.0,110.59019897190615,7.300262925499926,5.504789392415536,0.13754086659459458,0.0058786352432432425,0.0006594603243243243,2.9889729729729727e-06,653.0,136.0,1826.0,2010.0,2.0,28.0,0.0,4595.0,0.0,3.0,0.0,4622.0,0.0,0.0,0.0,4625.0
2020-07-29,2020,4625.0,246.86166254055308,9.397820993089963,5.733710643772616,0.2142801530810811,0.014756869189189187,0.0016179935135135135,0.00022701491891891892,1371.0,481.0,1251.0,1522.0,0.0,67.0,2.0,4556.0,0.0,7.0,0.0,4618.0,0.0,1.0,0.0,4624.0
2020-07-30,2020,4625.0,200.3442985841163,8.476563473985848,5.145850514217066,0.18476858464864862,0.015066293621621618,0.001782539243243243,1.2365837837837838e-05,1179.0,437.0,863.0,2146.0,1.0,73.0,2.0,4549.0,0.0,8.0,0.0,4617.0,0.0,0.0,0.0,4625.0
2020-07-31,2020,4625.0,153.00207639771605,7.816115722490212,5.479745527104632,0.16289464475675675,0.008244742054054056,0.002370500324324324,5.558486486486487e-06,725.0,317.0,1658.0,1925.0,0.0,39.0,0.0,4586.0,0.0,11.0,0.0,4614.0,0.0,0.0,0.0,4625.0
2020-08-01,2020,4625.0,139.28967941502987,7.849413183709616,4.874785735790889,0.1923945271351351,0.006113880216216216,0.00010097037837837838,9.08972972972973e-06,517.0,663.0,1413.0,2032.0,0.0,26.0,1.0,4598.0,0.0,0.0,0.0,4625.0,0.0,0.0,0.0,4625.0
2020-08-02,2020,4625.0,146.2999493857552,7.453751090396749,4.760066650387405,0.16478322854054056,0.0063544752432432424,0.00036454572972972974,3.7961513513513515e-05,481.0,518.0,1249.0,2377.0,1.0,21.0,22.0,4581.0,0.0,0.0,0.0,4625.0,0.0,0.0,0.0,4625.0
2020-08-03,2020,4625.0,127.24776654975474,7.426043532716245,5.340982256586007,0.1616973465945946,0.004622388756756756,0.0006572713513513514,3.988756756756757e-05,758.0,279.0,1419.0,2169.0,2.0,10.0,30.0,4583.0,0.0,1.0,0.0,4624.0,0.0,0.0,0.0,4625.0
2020-08-04,2020,4625.0,232.1155750617009,9.114272295309489,6.241586695014059,0.1589479411891892,0.012739078918918918,0.004229754810810811,0.00012991913513513514,733.0,237.0,1702.0,1953.0,38.0,35.0,57.0,4495.0,0.0,20.0,0.0,4605.0,0.0,0.0,0.0,4625.0
2020-08-05,2020,4625.0,388.65878983451375,10.73325685611509,6.832954734797784,0.1707849228108108,0.02635229145945946,0.009404857945945947,0.002348870054054054,1458.0,185.0,1446.0,1536.0,81.0,101.0,28.0,4415.0,0.0,58.0,0.0,4567.0,0.0,12.0,0.0,4613.0
2020-08-06,2020,4625.0,298.67705380547517,8.938512634595705,5.811033448392939,0.19628816172972974,0.01629615048648649,0.008289452108108109,0.002051270918918919,1398.0,412.0,863.0,1952.0,35.0,73.0,28.0,4489.0,0.0,49.0,2.0,4574.0,0.0,10.0,0.0,4615.0
2020-08-07,2020,4625.0,267.5296520062668,7.690104547528484,4.598614972067643,0.19402353902702701,0.015294051459459456,0.006973275675675675,0.0006284194594594594,772.0,702.0,713.0,2438.0,8.0,89.0,1.0,4527.0,0.0,38.0,0.0,4587.0,0.0,3.0,0.0,4622.0
2020-08-08,2020,4625.0,166.23739460192635,8.070557649229915,5.527000267518238,0.1590513107027027,0.009891690378378377,0.0035771615135135135,0.0002545738378378378,649.0,333.0,1714.0,1929.0,11.0,51.0,4.0,4559.0,0.0,21.0,0.0,4604.0,0.0,1.0,0.0,4624.0
2020-08-09,2020,4625.0,161.76549938220882,8.693904452827274,5.9836575922699,0.18930612324324325,0.011077765189189188,0.0005247602162162162,3.409297297297297e-05,1040.0,385.0,1708.0,1492.0,5.0,51.0,10.0,4559.0,0.0,1.0,0.0,4624.0,0.0,0.0,0.0,4625.0
2020-08-10,2020,4625.0,291.8499076970186,10.108245862937617,5.4358933041819295,0.22036620194594597,0.024717870702702704,0.0017146983783783783,1.2750702702702702e-05,1229.0,610.0,1116.0,1670.0,0.0,122.0,0.0,4503.0,0.0,8.0,0.0,4617.0,0.0,0.0,0.0,4625.0
2020-08-11,2020,4625.0,178.75655764147552,9.059559172676904,5.63290608906727,0.19904985686486484,0.010286353297297296,0.0004907519999999999,4.300972972972973e-06,1026.0,423.0,1526.0,1650.0,0.0,50.0,0.0,4575.0,0.0,2.0,0.0,4623.0,0.0,0.0,0.0,4625.0
2020-08-12,2020,4625.0,258.4349930689061,10.051550411887789,6.082475968920833,0.1974106438918919,0.01942080691891892,0.003065945081081081,8.430702702702705e-06,1366.0,296.0,1542.0,1421.0,0.0,93.0,0.0,4532.0,0.0,14.0,0.0,4611.0,0.0,0.0,0.0,4625.0
2020-08-13,2020,4625.0,361.258955942475,10.740381151020625,6.1961168713819195,0.1878688242162162,0.03441604497297298,0.0056465340540540546,0.0002291096216216216,1962.0,209.0,1046.0,1408.0,0.0,177.0,0.0,4448.0,0.0,27.0,0.0,4598.0,0.0,1.0,0.0,4624.0
2020-08-14,2020,4625.0,361.4748189650824,10.413520606317393,6.328079487972377,0.2121730378378378,0.031779711135135134,0.005805279135135136,0.0004701137297297295,1859.0,246.0,1007.0,1513.0,7.0,156.0,3.0,4459.0,0.0,28.0,0.0,4597.0,0.0,2.0,0.0,4623.0
2020-08-15,2020,4625.0,402.38740947050974,10.287059602774686,6.39954866548372,0.17700125145945947,0.030493059459459463,0.010481582702702705,0.001351385945945946,1474.0,176.0,1367.0,1608.0,9.0,150.0,20.0,4446.0,0.0,50.0,0.0,4575.0,0.0,6.0,0.0,4619.0
2020-08-16,2020,4625.0,408.39164202338975,10.719084937593605,6.00802331701401,0.19661897859459457,0.030759085837837832,0.008550424216216216,0.0015196030270270271,1520.0,312.0,1196.0,1597.0,11.0,157.0,0.0,4457.0,0.0,44.0,0.0,4581.0,0.0,7.0,0.0,4618.0
2020-08-17,2020,4625.0,295.74295651639125,9.881922570669806,5.621257657844142,0.21340799221621623,0.026077271351351353,0.004290323891891892,5.636324324324324e-06,1284.0,534.0,1038.0,1769.0,0.0,134.0,0.0,4491.0,0.0,21.0,0.0,4604.0,0.0,0.0,0.0,4625.0
2020-08-18,2020,4625.0,249.13355596017803,9.580175213303079,6.085117427025522,0.19610735308108107,0.019845440864864866,0.002823434378378378,0.00022057513513513513,1021.0,352.0,1789.0,1463.0,0.0,100.0,0.0,4525.0,0.0,13.0,0.0,4612.0,0.0,1.0,0.0,4624.0
2020-08-19,2020,4625.0,185.35705310725584,8.965358542325124,6.079313818381776,0.19143788367567569,0.012381763459459459,0.00034118227027027034,7.395459459459459e-06,1255.0,245.0,1568.0,1557.0,0.0,58.0,0.0,4567.0,0.0,1.0,0.0,4624.0,0.0,0.0,0.0,4625.0
2020-08-20,2020,4625.0,374.5208773385249,11.43771060819187,6.396501109088658,0.19502688778378374,0.030684477405405405,0.0056164955675675685,0.00022687135135135135,1723.0,181.0,1352.0,1369.0,0.0,151.0,0.0,4474.0,0.0,26.0,0.0,4599.0,0.0,1.0,0.0,4624.0
2020-08-21,2020,4625.0,377.9429097924138,11.092845692449682,6.318538600018187,0.2399007014054054,0.030996633081081075,0.005661734918918918,0.00023310356756756756,1518.0,601.0,1070.0,1436.0,0.0,156.0,0.0,4469.0,0.0,26.0,0.0,4599.0,0.0,1.0,0.0,4624.0
2020-08-22,2020,4625.0,378.81455987386124,9.342832210049778,6.1430842938953205,0.20205952432432434,0.027014227891891892,0.009830186378378378,0.0016535204324324322,1079.0,592.0,819.0,2135.0,36.0,123.0,6.0,4460.0,1.0,54.0,1.0,4569.0,0.0,8.0,0.0,4617.0
2020-08-23,2020,4625.0,3531.754175307563,8.722006317767683,6.525698166475222,0.15817589794594597,0.02157656648648649,0.006283014918918919,0.0006257435675675675,912.0,408.0,949.0,2356.0,17.0,103.0,6.0,4499.0,2.0,28.0,10.0,4585.0,0.0,2.0,1.0,4622.0
2020-08-24,2020,4625.0,381.3135161522787,8.714873619388632,5.655295111872431,0.16269951394594592,0.026939971459459457,0.010622548756756757,0.000839609081081081,767.0,511.0,747.0,2600.0,26.0,125.0,13.0,4461.0,0.0,54.0,4.0,4567.0,0.0,4.0,0.0,4621.0
2020-08-25,2020,4625.0,374.5635805364936,8.936881609444924,4.729441491649925,0.1550281894054054,0.02212253751351351,0.00806635762162162,4.265427027027027e-05,521.0,428.0,1039.0,2637.0,0.0,97.0,20.0,4508.0,0.0,36.0,0.0,4589.0,0.0,0.0,0.0,4625.0
2020-08-26,2020,4625.0,276.3942170718177,8.372134939792858,5.416531876477226,0.12848701837837836,0.02313029535135135,0.009848461837837838,3.532454054054054e-05,650.0,298.0,1198.0,2479.0,27.0,116.0,10.0,4472.0,0.0,51.0,0.0,4574.0,0.0,0.0,0.0,4625.0
2020-08-27,2020,4625.0,2543.6675531458163,10.8095823005307,5.407016075183089,0.17518732713513513,0.029997782486486487,0.007782740756756757,0.00024085794594594592,1066.0,483.0,837.0,2239.0,8.0,149.0,27.0,4441.0,0.0,35.0,1.0,4589.0,0.0,0.0,1.0,4624.0
2020-08-28,2020,4625.0,374.7383560839357,9.514109977778393,5.076624776715518,0.16407269621621623,0.036927288216216214,0.008137645837837838,0.0008844134054054053,943.0,454.0,892.0,2336.0,4.0,201.0,0.0,4420.0,0.0,39.0,0.0,4586.0,0.0,4.0,0.0,4621.0
2020-08-29,2020,4625.0,352.8055863487808,8.339533703778953,4.665436891500482,0.13712096691891892,0.028545872432432434,0.010358530594594594,0.0015697574054054054,801.0,431.0,590.0,2803.0,4.0,156.0,2.0,4463.0,0.0,54.0,0.0,4571.0,0.0,8.0,0.0,4617.0
2020-08-30,2020,4625.0,551.443074176187,9.371408870059254,4.408975947738896,0.14823690897297295,0.03371667891891892,0.01319981318918919,0.0019488484324324325,794.0,446.0,483.0,2902.0,0.0,167.0,0.0,4458.0,0.0,62.0,0.0,4563.0,0.0,9.0,0.0,4616.0
2020-08-31,2020,4625.0,404.08531118313675,8.64890159705897,4.15521353563209,0.1419876730810811,0.02943053664864865,0.0076973085405405385,0.00043467675675675687,531.0,466.0,657.0,2971.0,0.0,142.0,0.0,4483.0,0.0,36.0,0.0,4589.0,0.0,2.0,0.0,4623.0
2020-09-01,2020,4625.0,112.9505906987642,6.4637804436703465,4.41239644285966,0.1406173612972973,0.0037041279999999997,0.00045864648648648646,1.7349189189189189e-06,418.0,364.0,1048.0,2795.0,0.0,16.0,0.0,4609.0,0.0,2.0,0.0,4623.0,0.0,0.0,0.0,4625.0
2020-09-02,2020,4625.0,124.01354134244698,7.099651547744579,4.669291259792005,0.14110226854054053,0.006299461189189189,0.0002644549189189189,3.1878918918918917e-06,632.0,316.0,1174.0,2503.0,0.0,28.0,0.0,4597.0,0.0,1.0,0.0,4624.0,0.0,0.0,0.0,4625.0
2020-09-03,2020,4625.0,90.00748274143596,6.2794579872586445,4.498963905010668,0.14176122983783784,0.003225210810810811,2.8825081081081078e-05,1.9286486486486484e-06,436.0,439.0,991.0,2759.0,0.0,14.0,0.0,4611.0,0.0,0.0,0.0,4625.0,0.0,0.0,0.0,4625.0
2020-09-04,2020,4625.0,83.3537483779005,5.536821294658343,4.296249550385941,0.1376443174054054,0.004529723675675676,0.0002337081081081081,1.2877837837837839e-06,503.0,394.0,667.0,3061.0,0.0,21.0,0.0,4604.0,0.0,1.0,0.0,4624.0,0.0,0.0,0.0,4625.0
2020-09-05,2020,4625.0,81.94924228266402,5.675645204424356,3.851379931435377,0.11398894183783784,0.0031448268108108107,2.1408e-05,1.1027027027027029e-06,337.0,363.0,546.0,3379.0,0.0,14.0,0.0,4611.0,0.0,0.0,0.0,4625.0,0.0,0.0,0.0,4625.0
2020-09-06,2020,4625.0,102.8442191844092,6.868871681068273,4.599003346036912,0.12310923762162163,0.003946004756756757,8.89651891891892e-05,6.598054054054053e-06,350.0,285.0,1171.0,2819.0,0.0,16.0,0.0,4609.0,0.0,0.0,0.0,4625.0,0.0,0.0,0.0,4625.0
2020-09-07,2020,4625.0,143.95427204984588,6.533359903648096,4.103096626030246,0.1675073228108108,0.009397961513513513,0.002128401297297297,2.598918918918919e-06,558.0,594.0,558.0,2915.0,0.0,46.0,0.0,4579.0,0.0,10.0,0.0,4615.0,0.0,0.0,0.0,4625.0
2020-09-08,2020,4625.0,171.70157576519813,6.20133595339487,4.07353390212546,0.1293297643243243,0.00921380583783784,0.004221557621621621,2.7779459459459463e-06,427.0,394.0,683.0,3121.0,0.0,45.0,0.0,4580.0,0.0,20.0,0.0,4605.0,0.0,0.0,0.0,4625.0
2020-09-09,2020,4625.0,76.12212823369265,5.531671330905286,4.586382958977545,0.10679700583783786,0.003842073945945946,3.854356756756756e-05,3.084108108108108e-06,410.0,188.0,1186.0,2841.0,0.0,17.0,0.0,4608.0,0.0,0.0,0.0,4625.0,0.0,0.0,0.0,4625.0
2020-09-10,2020,4625.0,101.38979574102713,6.383212527692862,5.189019771094605,0.14886751740540538,0.0034160484324324324,0.0002821785945945946,5.703783783783783e-06,698.0,268.0,1453.0,2206.0,0.0,14.0,0.0,4611.0,0.0,1.0,0.0,4624.0,0.0,0.0,0.0,4625.0
2020-09-11,2020,4625.0,117.10881828880925,6.778133989649083,5.071355931318688,0.15014481643243244,0.0047564134054054056,0.00023575610810810813,2.1163243243243243e-05,818.0,288.0,1165.0,2354.0,0.0,18.0,6.0,4601.0,0.0,0.0,0.0,4625.0,0.0,0.0,0.0,4625.0
2020-09-12,2020,4625.0,100.30508402845287,5.89372715991525,4.860798395036989,0.1216906508108108,0.006956599351351352,0.000580505945945946,2.177902702702703e-05,655.0,247.0,1041.0,2682.0,0.0,32.0,5.0,4588.0,0.0,2.0,0.0,4623.0,0.0,0.0,0.0,4625.0
2020-09-13,2020,4625.0,134.01288761032882,6.267063482281191,4.883749298464276,0.12507111783783784,0.009742700108108108,0.0013373145945945945,3.6428108108108114e-06,930.0,189.0,795.0,2711.0,0.0,47.0,0.0,4578.0,0.0,6.0,0.0,4619.0,0.0,0.0,0.0,4625.0
2020-09-14,2020,4625.0,141.12072563130258,6.562684226254809,4.513660016862965,0.13146673297297298,0.01158192172972973,0.0002640873513513513,3.1757837837837836e-06,846.0,306.0,654.0,2819.0,0.0,56.0,0.0,4569.0,0.0,1.0,0.0,4624.0,0.0,0.0,0.0,4625.0
2020-09-15,2020,4625.0,168.6799323672484,6.630284863327625,4.54656571352434,0.1149432864864865,0.014339782918918919,0.002168994594594595,0.0002217046486486487,726.0,222.0,832.0,2845.0,0.0,70.0,0.0,4555.0,0.0,10.0,0.0,4615.0,0.0,1.0,0.0,4624.0
2020-09-16,2020,4625.0,141.3650103330332,6.482993105856999,4.425479874247485,0.14059844151351353,0.008521110486486487,0.001556620108108108,4.952216216216217e-06,656.0,407.0,746.0,2816.0,0.0,41.0,0.0,4584.0,0.0,7.0,0.0,4618.0,0.0,0.0,0.0,4625.0
2020-09-17,2020,4625.0,125.78062684112246,6.1106805355013245,4.420314250550556,0.12517288475675675,0.007601307675675675,0.0017597310270270272,6.330810810810811e-06,659.0,282.0,814.0,2870.0,0.0,36.0,0.0,4589.0,0.0,8.0,0.0,4617.0,0.0,0.0,0.0,4625.0
2020-09-18,2020,4625.0,132.80027086185817,6.637812700622866,4.82037949700121,0.1273877811891892,0.006637072432432433,0.0008988177297297298,3.929081081081081e-06,628.0,233.0,1182.0,2582.0,0.0,31.0,0.0,4594.0,0.0,4.0,0.0,4621.0,0.0,0.0,0.0,4625.0
2020-09-19,2020,4625.0,153.94248869075335,6.65835683358623,4.59775646964303,0.1221518503783784,0.007975931675675675,0.0016096735135135137,3.411459459459459e-05,549.0,223.0,952.0,2901.0,0.0,30.0,17.0,4578.0,0.0,6.0,0.0,4619.0,0.0,0.0,0.0,4625.0
2020-09-20,2020,4625.0,149.60785394013647,7.138175414112751,5.128693918784349,0.13287381448648647,0.007457484108108109,0.0021679827027027026,7.697556756756758e-05,658.0,200.0,1256.0,2511.0,18.0,21.0,33.0,4553.0,0.0,12.0,0.0,4613.0,0.0,0.0,0.0,4625.0
2020-09-21,2020,4625.0,147.7013217731006,7.767724634146626,5.596918478129893,0.1717685820540541,0.009071334054054053,0.001245529945945946,0.00023946551351351352,1119.0,244.0,1252.0,2010.0,7.0,43.0,6.0,4569.0,0.0,6.0,0.0,4619.0,0.0,1.0,0.0,4624.0
2020-09-22,2020,4625.0,263.2426664213275,9.043717291314085,5.527721765947418,0.18983403675675678,0.014921457297297299,0.0023427156756756756,0.0001320588108108108,1219.0,411.0,902.0,2093.0,2.0,56.0,57.0,4510.0,0.0,7.0,0.0,4618.0,0.0,0.0,0.0,4625.0
2020-09-23,2020,4625.0,242.73044471450544,7.6630378987635295,5.224312032688004,0.14865109275675673,0.014554198486486487,0.0037190927567567564,0.0004951835675675675,1322.0,293.0,452.0,2558.0,24.0,52.0,45.0,4504.0,0.0,17.0,1.0,4607.0,0.0,2.0,0.0,4623.0
2020-09-24,2020,4625.0,295.95468686948965,7.906741634920645,4.304370733698498,0.15818714205405407,0.025741344864864867,0.005045878486486486,0.00026839005405405406,745.0,671.0,312.0,2897.0,28.0,124.0,4.0,4469.0,0.0,23.0,0.0,4602.0,0.0,1.0,0.0,4624.0
2020-09-25,2020,4625.0,456.31448510149283,8.972324269277564,4.607060761933654,0.1325951065945946,0.030839047783783782,0.009238650810810812,0.000870263351351351,468.0,360.0,978.0,2819.0,0.0,152.0,9.0,4464.0,0.0,43.0,0.0,4582.0,0.0,4.0,0.0,4621.0
2020-09-26,2020,4625.0,336.3389794852453,8.33917859761471,3.7522729137893553,0.1491401383783784,0.03102345167567567,0.005265609513513513,2.746810810810811e-06,686.0,609.0,152.0,3178.0,0.0,158.0,0.0,4467.0,0.0,25.0,0.0,4600.0,0.0,0.0,0.0,4625.0
2020-09-27,2020,4625.0,96.85461682850493,4.248008641242006,3.1862467946255277,0.10890003113513513,0.006134700108108107,0.0006535948108108108,5.647567567567567e-07,235.0,473.0,131.0,3786.0,0.0,30.0,0.0,4595.0,0.0,3.0,0.0,4622.0,0.0,0.0,0.0,4625.0
2020-09-28,2020,4625.0,25.42569322910679,2.3412132312391707,2.955616234540929,0.04808569427027028,0.0008918010810810812,2.5963243243243244e-06,2.041081081081081e-07,91.0,209.0,69.0,4256.0,0.0,4.0,0.0,4621.0,0.0,0.0,0.0,4625.0,0.0,0.0,0.0,4625.0
2020-09-29,2020,4625.0,24.95411314074597,2.709894287557179,3.2227862393188955,0.04158927567567568,0.0004954508108108108,5.232432432432432e-06,3.2605405405405407e-07,53.0,108.0,371.0,4093.0,0.0,2.0,0.0,4623.0,0.0,0.0,0.0,4625.0,0.0,0.0,0.0,4625.0
2020-09-30,2020,4625.0,60.217271622685416,3.7683947410647463,3.553352498715385,0.08558863308108107,0.0012571061621621622,1.402118918918919e-05,7.68e-07,238.0,292.0,461.0,3634.0,0.0,5.0,0.0,4620.0,0.0,0.0,0.0,4625.0,0.0,0.0,0.0,4625.0
