date,fold,n_cells,mse_mm2,mae_mm,crps_mm,hits_7.5,misses_7.5,false_alarms_7.5,correct_negatives_7.5,hits_64.5,misses_64.5,false_alarms_64.5,correct_negatives_64.5,hits_115.6,misses_115.6,false_alarms_115.6,correct_negatives_115.6,hits_204.5,misses_204.5,false_alarms_204.5,correct_negatives_204.5
2018-06-02,2018,4625.0,71.65204024245655,4.938921667684271,2.928783564313211,276.0,459.0,784.0,3106.0,0.0,6.0,0.0,4619.0,0.0,0.0,0.0,4625.0,0.0,0.0,0.0,4625.0
2018-06-03,2018,4625.0,54.61318925078354,4.34749965887867,2.3458119824326555,251.0,305.0,705.0,3364.0,0.0,2.0,0.0,4623.0,0.0,0.0,0.0,4625.0,0.0,0.0,0.0,4625.0
2018-06-04,2018,4625.0,52.60084454898577,3.9308627067563435,2.101822862501457,227.0,272.0,489.0,3637.0,0.0,12.0,0.0,4613.0,0.0,1.0,0.0,4624.0,0.0,0.0,0.0,4625.0
2018-06-05,2018,4625.0,33.49812671312184,3.8876488469085566,1.6001359356748261,200.0,146.0,651.0,3628.0,0.0,1.0,0.0,4624.0,0.0,0.0,0.0,4625.0,0.0,0.0,0.0,4625.0
2018-06-06,2018,4625.0,54.696506769575066,4.830918182036685,2.513403519823658,289.0,281.0,835.0,3220.0,0.0,6.0,0.0,4619.0,0.0,0.0,0.0,4625.0,0.0,0.0,0.0,4625.0
2018-06-07,2018,4625.0,79.77219220632065,5.530716236795135,2.9594047356957285,520.0,214.0,988.0,2903.0,0.0,12.0,0.0,4613.0,0.0,0.0,0.0,4625.0,0.0,0.0,0.0,4625.0
2018-06-08,2018,4625.0,163.15327878581027,7.081169349056045,3.906714108482037,654.0,119.0,1346.0,2506.0,1.0,50.0,14.0,4560.0,0.0,13.0,0.0,4612.0,0.0,0.0,0.0,4625.0
2018-06-09,2018,4625.0,121.17942529150977,6.950053356207805,3.8403810146734836,608.0,251.0,1324.0,2442.0,1.0,33.0,3.0,4588.0,0.0,3.0,0.0,4622.0,0.0,0.0,0.0,4625.0
2018-06-10,2018,4625.0,151.7229995878062,7.481709471068956,4.474141123252257,619.0,441.0,1089.0,2476.0,0.0,49.0,4.0,4572.0,0.0,7.0,0.0,4618.0,0.0,0.0,0.0,4625.0
2018-06-11,2018,4625.0,216.2466250585831,7.80280856027972,4.85867167183636,425.0,489.0,1035.0,2676.0,0.0,56.0,27.0,4542.0,0.0,11.0,0.0,4614.0,0.0,1.0,0.0,4624.0
2018-06-12,2018,4625.0,206.6154076245702,6.588176751270093,4.415855168336581,479.0,432.0,518.0,3196.0,8.0,77.0,21.0,4519.0,0.0,21.0,0.0,4604.0,0.0,0.0,0.0,4625.0
2018-06-13,2018,4625.0,152.67785744223522,5.302190770797414,3.7589426373026957,407.0,459.0,165.0,3594.0,0.0,57.0,19.0,4549.0,0.0,12.0,1.0,4612.0,0.0,0.0,0.0,4625.0
2018-06-14,2018,4625.0,173.12600970123984,4.626841837762874,3.2000883846579895,450.0,201.0,100.0,3874.0,0.0,80.0,0.0,4545.0,0.0,19.0,0.0,4606.0,0.0,0.0,0.0,4625.0
2018-06-15,2018,4625.0,146.70869964144396,4.228917904228235,2.56849885129331,380.0,111.0,167.0,3967.0,0.0,73.0,8.0,4544.0,0.0,8.0,0.0,4617.0,0.0,0.0,0.0,4625.0
2018-06-16,2018,4625.0,58.646301841310425,3.4045181653052534,2.0563391071814405,368.0,246.0,167.0,3844.0,1.0,32.0,6.0,4586.0,0.0,0.0,0.0,4625.0,0.0,0.0,0.0,4625.0
2018-06-17,2018,4625.0,75.94545069356765,3.5739528210344567,2.130148514158007,285.0,206.0,181.0,3953.0,0.0,34.0,0.0,4591.0,0.0,3.0,0.0,4622.0,0.0,0.0,0.0,4625.0
2018-06-18,2018,4625.0,44.66500024563688,3.310126272786239,1.7510607267946938,218.0,201.0,179.0,4027.0,0.0,9.0,0.0,4616.0,0.0,2.0,0.0,4623.0,0.0,0.0,0.0,4625.0
2018-06-19,2018,4625.0,28.147094954209283,3.204797944159738,1.4770559211221186,173.0,183.0,306.0,3963.0,0.0,6.0,0.0,4619.0,0.0,0.0,0.0,4625.0,0.0,0.0,0.0,4625.0
2018-06-20,2018,4625.0,55.767431137165126,4.456819662668082,2.0800236057243167,176.0,239.0,703.0,3507.0,0.0,12.0,0.0,4613.0,0.0,1.0,0.0,4624.0,0.0,0.0,0.0,4625.0
2018-06-21,2018,4625.0,79.1790888919599,5.336363071974195,2.5637966519799478,400.0,130.0,931.0,3164.0,0.0,16.0,1.0,4608.0,0.0,2.0,0.0,4623.0,0.0,0.0,0.0,4625.0
2018-06-22,2018,4625.0,106.86133321525345,5.675943275426437,3.4151285510844867,605.0,261.0,810.0,2949.0,0.0,28.0,1.0,4596.0,0.0,3.0,0.0,4622.0,0.0,0.0,0.0,4625.0
2018-06-23,2018,4625.0,145.28891860379647,6.2010066704829585,3.8133554136366223,656.0,239.0,840.0,2890.0,0.0,40.0,1.0,4584.0,0.0,7.0,0.0,4618.0,0.0,1.0,0.0,4624.0
2018-06-24,2018,4625.0,119.44442300525307,5.905866284258497,3.2931982413724974,587.0,177.0,978.0,2883.0,0.0,34.0,2.0,4589.0,0.0,4.0,0.0,4621.0,0.0,2.0,0.0,4623.0
2018-06-25,2018,4625.0,139.94622184934005,6.6629281669540665,3.538851831032455,611.0,132.0,1268.0,2614.0,0.0,45.0,0.0,4580.0,0.0,13.0,0.0,4612.0,0.0,1.0,0.0,4624.0
2018-06-26,2018,4625.0,375.67644742255254,10.105598051864218,6.580627407731835,951.0,200.0,1456.0,2018.0,0.0,138.0,0.0,4487.0,0.0,42.0,0.0,4583.0,0.0,3.0,0.0,4622.0
2018-06-27,2018,4625.0,192.5143703448994,9.358541433981134,5.730274920108917,1271.0,230.0,1509.0,1615.0,0.0,56.0,0.0,4569.0,0.0,4.0,0.0,4621.0,0.0,0.0,0.0,4625.0
2018-06-28,2018,4625.0,260.4533028286642,9.653434663268659,7.116978551141799,1586.0,492.0,935.0,1612.0,0.0,83.0,0.0,4542.0,0.0,12.0,0.0,4613.0,0.0,1.0,0.0,4624.0
2018-06-29,2018,4625.0,231.10391498845988,8.904109141645673,6.753880153148584,776.0,927.0,610.0,2312.0,0.0,81.0,0.0,4544.0,0.0,3.0,0.0,4622.0,0.0,0.0,0.0,4625.0
2018-06-30,2018,4625.0,87.7180647697488,6.299750175499371,4.09096692280215,316.0,751.0,709.0,2849.0,0.0,5.0,0.0,4620.0,0.0,0.0,0.0,4625.0,0.0,0.0,0.0,4625.0
2018-07-01,2018,4625.0,176.3288157137525,6.8931710485411415,4.062731790082616,480.0,275.0,1060.0,2810.0,2.0,77.0,1.0,4545.0,0.0,22.0,0.0,4603.0,0.0,2.0,0.0,4623.0
2018-07-02,2018,4625.0,308.3861349262038,8.519664940556074,5.617996953751836,880.0,312.0,922.0,2511.0,10.0,107.0,2.0,4506.0,0.0,41.0,0.0,4584.0,0.0,4.0,0.0,4621.0
2018-07-03,2018,4625.0,253.2102347723015,9.12454809058858,6.300653812293446,959.0,457.0,1100.0,2109.0,1.0,95.0,4.0,4525.0,0.0,9.0,0.0,4616.0,0.0,0.0,0.0,4625.0
2018-07-04,2018,4625.0,244.78154696984777,7.829732207233489,5.248077688170749,735.0,499.0,1186.0,2205.0,0.0,66.0,0.0,4559.0,0.0,28.0,0.0,4597.0,0.0,5.0,0.0,4620.0
2018-07-05,2018,4625.0,185.81307142370653,7.093390837150034,4.7388335807091435,728.0,405.0,1039.0,2453.0,0.0,60.0,0.0,4565.0,0.0,17.0,0.0,4608.0,0.0,0.0,0.0,4625.0
2018-07-06,2018,4625.0,132.84733882782876,6.401685792958569,3.8116571921076683,689.0,259.0,1134.0,2543.0,0.0,49.0,0.0,4576.0,0.0,8.0,0.0,4617.0,0.0,0.0,0.0,4625.0
2018-07-07,2018,4625.0,302.5352739635781,7.718049309866562,4.900466412465477,836.0,165.0,1035.0,2589.0,0.0,95.0,0.0,4530.0,0.0,38.0,0.0,4587.0,0.0,3.0,0.0,4622.0
2018-07-08,2018,4625.0,195.44255709628547,6.807321001707358,4.404472293422807,1009.0,198.0,849.0,2569.0,0.0,52.0,0.0,4573.0,0.0,18.0,0.0,4607.0,0.0,2.0,0.0,4623.0
2018-07-09,2018,4625.0,139.89601397130315,6.7131550594427125,3.954479317753399,969.0,111.0,989.0,2556.0,2.0,56.0,0.0,4567.0,0.0,6.0,0.0,4619.0,0.0,1.0,0.0,4624.0
2018-07-10,2018,4625.0,187.39580284918628,8.204159866150066,4.956975900147384,1053.0,193.0,1307.0,2072.0,0.0,79.0,0.0,4546.0,0.0,10.0,0.0,4615.0,0.0,1.0,0.0,4624.0
2018-07-11,2018,4625.0,232.57368766595664,9.598899803489306,5.677702475291739,1100.0,169.0,1838.0,1518.0,0.0,103.0,0.0,4522.0,0.0,14.0,0.0,4611.0,0.0,0.0,0.0,4625.0
2018-07-12,2018,4625.0,266.68783945546954,10.230552413313989,6.5139106756930865,1426.0,148.0,1556.0,1495.0,0.0,106.0,0.0,4519.0,0.0,10.0,0.0,4615.0,0.0,0.0,0.0,4625.0
2018-07-13,2018,4625.0,288.4573049397945,9.633136877560101,6.837062509205777,1550.0,302.0,1361.0,1412.0,0.0,133.0,0.0,4492.0,0.0,23.0,0.0,4602.0,0.0,0.0,0.0,4625.0
2018-07-14,2018,4625.0,183.4141860938129,8.476471511870974,5.487235133096592,1226.0,277.0,1486.0,1636.0,0.0,77.0,0.0,4548.0,0.0,11.0,0.0,4614.0,0.0,0.0,0.0,4625.0
2018-07-15,2018,4625.0,224.8033901066003,9.042031363061833,5.664015608678306,1402.0,215.0,1312.0,1696.0,14.0,80.0,17.0,4514.0,0.0,17.0,0.0,4608.0,0.0,2.0,0.0,4623.0
2018-07-16,2018,4625.0,353.0631038619828,10.55229393031916,6.891901385812966,1318.0,252.0,1434.0,1621.0,6.0,185.0,13.0,4421.0,0.0,48.0,0.0,4577.0,0.0,3.0,0.0,4622.0
2018-07-17,2018,4625.0,351.77499472584543,10.175816644910874,7.64995788717021,1385.0,485.0,980.0,1775.0,0.0,158.0,0.0,4467.0,0.0,25.0,0.0,4600.0,0.0,3.0,0.0,4622.0
2018-07-18,2018,4625.0,282.85635036474025,8.421939030469508,5.710657775682644,909.0,418.0,1090.0,2208.0,0.0,94.0,0.0,4531.0,0.0,22.0,0.0,4603.0,0.0,5.0,0.0,4620.0
2018-07-19,2018,4625.0,141.8009213137304,7.766301466191122,4.338949265488687,812.0,163.0,1453.0,2197.0,0.0,42.0,0.0,4583.0,0.0,0.0,0.0,4625.0,0.0,0.0,0.0,4625.0
2018-07-20,2018,4625.0,191.610399051738,9.385474734483072,5.301097270904004,996.0,172.0,1872.0,1585.0,0.0,66.0,4.0,4555.0,0.0,0.0,0.0,4625.0,0.0,0.0,0.0,4625.0
2018-07-21,2018,4625.0,297.30476817608354,10.351167532731266,6.431270137806841,1347.0,138.0,1794.0,1346.0,2.0,127.0,8.0,4488.0,0.0,23.0,0.0,4602.0,0.0,2.0,0.0,4623.0
2018-07-22,2018,4625.0,509.47657756561864,11.16057347024664,7.832787669552587,1516.0,245.0,1368.0,1496.0,2.0,176.0,1.0,4446.0,0.0,32.0,0.0,4593.0,0.0,11.0,0.0,4614.0
2018-07-23,2018,4625.0,168.17204414509138,8.515243471966542,5.814373861044943,1393.0,376.0,1048.0,1808.0,0.0,40.0,0.0,4585.0,0.0,0.0,0.0,4625.0,0.0,0.0,0.0,4625.0
2018-07-24,2018,4625.0,167.45502039148124,7.927510641671736,5.315916947907946,1135.0,306.0,1090.0,2094.0,0.0,65.0,0.0,4560.0,0.0,0.0,0.0,4625.0,0.0,0.0,0.0,4625.0
2018-07-25,2018,4625.0,159.03473033316126,7.736812935136432,4.887199055500968,1060.0,296.0,1262.0,2007.0,0.0,53.0,0.0,4572.0,0.0,5.0,0.0,4620.0,0.0,0.0,0.0,4625.0
2018-07-26,2018,4625.0,242.7333356146869,8.364434654103496,6.370261271875808,1547.0,308.0,575.0,2195.0,0.0,111.0,0.0,4514.0,0.0,17.0,0.0,4608.0,0.0,1.0,0.0,4624.0
2018-07-27,2018,4625.0,153.6172750284794,6.11774870355866,4.2602649505572385,1053.0,218.0,763.0,2591.0,0.0,53.0,0.0,4572.0,0.0,10.0,0.0,4615.0,0.0,1.0,0.0,4624.0
2018-07-28,2018,4625.0,145.72389109535843,6.168196674717249,3.7695375763831573,776.0,148.0,866.0,2835.0,0.0,49.0,0.0,4576.0,0.0,9.0,0.0,4616.0,0.0,0.0,0.0,4625.0
2018-07-29,2018,4625.0,132.13900205727703,5.988789165835746,3.6362175629006375,797.0,143.0,765.0,2920.0,0.0,52.0,0.0,4573.0,0.0,6.0,0.0,4619.0,0.0,0.0,0.0,4625.0
2018-07-30,2018,4625.0,149.93768456661965,5.8955411179050365,3.6573925649623633,932.0,94.0,619.0,2980.0,0.0,62.0,0.0,4563.0,0.0,9.0,0.0,4616.0,0.0,0.0,0.0,4625.0
2018-07-31,2018,4625.0,132.4321601692045,5.932753104345751,3.6690780879814553,913.0,118.0,580.0,3014.0,0.0,45.0,0.0,4580.0,0.0,9.0,0.0,4616.0,0.0,0.0,0.0,4625.0
2018-08-01,2018,4625.0,120.75777567493475,5.718315274851741,3.73191288513099,820.0,239.0,503.0,3063.0,0.0,41.0,0.0,4584.0,0.0,4.0,0.0,4621.0,0.0,0.0,0.0,4625.0
2018-08-02,2018,4625.0,119.01000574264594,5.653063504095465,3.818217057413732,759.0,336.0,473.0,3057.0,0.0,50.0,0.0,4575.0,0.0,3.0,0.0,4622.0,0.0,0.0,0.0,4625.0
2018-08-03,2018,4625.0,90.00651209829265,4.652640524295568,2.9997115097680354,537.0,271.0,494.0,3323.0,0.0,31.0,0.0,4594.0,0.0,2.0,0.0,4623.0,0.0,0.0,0.0,4625.0
2018-08-04,2018,4625.0,50.64743767213954,4.053593028045751,2.2176363447154572,481.0,172.0,624.0,3348.0,0.0,7.0,0.0,4618.0,0.0,0.0,0.0,4625.0,0.0,0.0,0.0,4625.0
2018-08-05,2018,4625.0,117.99702492099983,5.672539845731001,3.120285835246852,542.0,153.0,806.0,3124.0,0.0,36.0,6.0,4583.0,0.0,2.0,0.0,4623.0,0.0,0.0,0.0,4625.0
2018-08-06,2018,4625.0,174.43799901782182,6.661306599787071,3.807500176185275,748.0,101.0,1008.0,2768.0,0.0,41.0,0.0,4584.0,0.0,9.0,0.0,4616.0,0.0,3.0,0.0,4622.0
2018-08-07,2018,4625.0,123.30757174938661,6.868373654176059,3.991480770462395,1057.0,125.0,1279.0,2164.0,0.0,25.0,0.0,4600.0,0.0,2.0,0.0,4623.0,0.0,0.0,0.0,4625.0
2018-08-08,2018,4625.0,228.1841553335349,9.408903865749561,6.671903315353264,840.0,856.0,915.0,2014.0,0.0,68.0,0.0,4557.0,0.0,3.0,0.0,4622.0,0.0,0.0,0.0,4625.0
2018-08-09,2018,4625.0,231.03325186563887,6.8354819631810075,5.066313269503322,446.0,774.0,451.0,2954.0,0.0,50.0,0.0,4575.0,0.0,15.0,0.0,4610.0,0.0,6.0,0.0,4619.0
2018-08-10,2018,4625.0,85.73383880938763,6.010907995423773,3.1623183609116374,292.0,371.0,1059.0,2903.0,0.0,20.0,0.0,4605.0,0.0,2.0,0.0,4623.0,0.0,0.0,0.0,4625.0
2018-08-11,2018,4625.0,152.95935786736587,7.991485376971358,4.382133319116394,712.0,182.0,1622.0,2109.0,0.0,51.0,0.0,4574.0,0.0,2.0,0.0,4623.0,0.0,0.0,0.0,4625.0
2018-08-12,2018,4625.0,425.8803315681502,9.964876346447127,6.886563082873907,1328.0,143.0,1129.0,2025.0,0.0,153.0,3.0,4469.0,0.0,40.0,0.0,4585.0,0.0,6.0,0.0,4619.0
2018-08-13,2018,4625.0,332.54417007257496,8.932901352064501,6.374019201659203,1298.0,173.0,930.0,2224.0,0.0,151.0,0.0,4474.0,0.0,36.0,0.0,4589.0,0.0,4.0,0.0,4621.0
2018-08-14,2018,4625.0,160.0095432922243,6.916004401171057,4.319513295133138,1000.0,191.0,1292.0,2142.0,7.0,71.0,1.0,4546.0,0.0,18.0,0.0,4607.0,0.0,4.0,0.0,4621.0
2018-08-15,2018,4625.0,266.03575990743013,9.654918323994687,5.3257511217152675,769.0,227.0,2068.0,1561.0,23.0,71.0,12.0,4519.0,0.0,42.0,0.0,4583.0,0.0,7.0,0.0,4618.0
2018-08-16,2018,4625.0,597.4646021902618,11.818006288650162,8.773758795107632,1194.0,615.0,881.0,1935.0,2.0,188.0,0.0,4435.0,0.0,59.0,0.0,4566.0,0.0,16.0,0.0,4609.0
2018-08-17,2018,4625.0,470.72880610881435,10.004300391130545,7.3484970793420565,725.0,450.0,661.0,2789.0,0.0,225.0,0.0,4400.0,0.0,58.0,0.0,4567.0,0.0,1.0,0.0,4624.0
2018-08-18,2018,4625.0,133.50318987374752,6.918119560744526,4.149481860026597,565.0,359.0,1152.0,2549.0,0.0,40.0,0.0,4585.0,0.0,1.0,0.0,4624.0,0.0,0.0,0.0,4625.0
2018-08-19,2018,4625.0,142.2036399492098,8.363958133036132,4.677538990282472,695.0,343.0,1783.0,1804.0,0.0,28.0,0.0,4597.0,0.0,1.0,0.0,4624.0,0.0,0.0,0.0,4625.0
2018-08-20,2018,4625.0,310.22406999034456,9.749396406688762,6.2919440460905305,1362.0,155.0,1400.0,1708.0,0.0,129.0,0.0,4496.0,0.0,30.0,0.0,4595.0,0.0,1.0,0.0,4624.0
2018-08-21,2018,4625.0,384.60150915587735,10.52008694027122,8.193853568836921,1298.0,616.0,749.0,1962.0,0.0,172.0,0.0,4453.0,0.0,26.0,0.0,4599.0,0.0,1.0,0.0,4624.0
2018-08-22,2018,4625.0,288.8599230983243,8.608849639185987,5.960888675615307,728.0,407.0,1203.0,2287.0,0.0,114.0,0.0,4511.0,0.0,18.0,0.0,4607.0,0.0,0.0,0.0,4625.0
2018-08-23,2018,4625.0,120.11192114199895,6.84003472193984,4.106233576498236,839.0,257.0,1181.0,2348.0,0.0,26.0,0.0,4599.0,0.0,1.0,0.0,4624.0,0.0,0.0,0.0,4625.0
2018-08-24,2018,4625.0,252.59939224462076,7.901084461095437,4.962189693718479,814.0,209.0,1304.0,2298.0,0.0,65.0,0.0,4560.0,0.0,17.0,0.0,4608.0,0.0,3.0,0.0,4622.0
2018-08-25,2018,4625.0,148.58985715308052,7.141266706156686,4.5694656913908505,1094.0,174.0,912.0,2445.0,0.0,55.0,0.0,4570.0,0.0,3.0,0.0,4622.0,0.0,0.0,0.0,4625.0
2018-08-26,2018,4625.0,152.4402817817905,6.862314188148148,4.549286380570377,1011.0,279.0,906.0,2429.0,0.0,49.0,0.0,4576.0,0.0,7.0,0.0,4618.0,0.0,0.0,0.0,4625.0
2018-08-27,2018,4625.0,172.41797857124857,6.9017486211636205,4.41988838951272,962.0,310.0,885.0,2468.0,0.0,79.0,0.0,4546.0,0.0,21.0,0.0,4604.0,0.0,0.0,0.0,4625.0
2018-08-28,2018,4625.0,155.78710019800747,7.648297945807252,4.5624557702637105,829.0,248.0,1419.0,2129.0,0.0,41.0,0.0,4584.0,0.0,6.0,0.0,4619.0,0.0,0.0,0.0,4625.0
2018-08-29,2018,4625.0,106.0563925467068,6.2297473668004075,4.158742280932536,807.0,470.0,975.0,2373.0,0.0,14.0,0.0,4611.0,0.0,3.0,0.0,4622.0,0.0,0.0,0.0,4625.0
2018-08-30,2018,4625.0,89.77231235803926,5.83166557006473,3.48799561128115,505.0,395.0,1052.0,2673.0,0.0,16.0,0.0,4609.0,0.0,2.0,0.0,4623.0,0.0,0.0,0.0,4625.0
2018-08-31,2018,4625.0,112.31275396751462,6.303131580400913,3.9588176594580426,894.0,221.0,1060.0,2450.0,0.0,25.0,0.0,4600.0,0.0,1.0,0.0,4624.0,0.0,0.0,0.0,4625.0
2018-09-01,2018,4625.0,197.48952084932432,7.1179929137471465,4.828583250123982,1059.0,225.0,951.0,2390.0,0.0,65.0,0.0,4560.0,0.0,15.0,0.0,4610.0,0.0,0.0,0.0,4625.0
2018-09-02,2018,4625.0,183.54568237027786,6.670310717257966,4.46943049100667,971.0,247.0,1026.0,2381.0,0.0,55.0,0.0,4570.0,0.0,12.0,0.0,4613.0,0.0,2.0,0.0,4623.0
2018-09-03,2018,4625.0,104.73465229631708,5.443093339343473,3.6893719273269068,860.0,261.0,844.0,2660.0,0.0,21.0,0.0,4604.0,0.0,3.0,0.0,4622.0,0.0,1.0,0.0,4624.0
2018-09-04,2018,4625.0,67.5893721141098,4.960962630372075,3.0483412003742663,677.0,271.0,862.0,2815.0,0.0,6.0,0.0,4619.0,0.0,0.0,0.0,4625.0,0.0,0.0,0.0,4625.0
2018-09-05,2018,4625.0,75.06585727954833,5.572379871528882,2.939309186879014,519.0,188.0,1205.0,2713.0,0.0,6.0,0.0,4619.0,0.0,0.0,0.0,4625.0,0.0,0.0,0.0,4625.0
2018-09-06,2018,4625.0,227.2708580086427,6.494728297207854,4.094546492991362,963.0,89.0,890.0,2683.0,0.0,56.0,0.0,4569.0,0.0,15.0,0.0,4610.0,0.0,7.0,0.0,4618.0
2018-09-07,2018,4625.0,229.35561369936138,7.37902152472367,5.313643003443889,788.0,540.0,637.0,2660.0,0.0,82.0,0.0,4543.0,0.0,12.0,0.0,4613.0,0.0,0.0,0.0,4625.0
2018-09-08,2018,4625.0,178.86818909831467,6.093028417132505,4.361473920173346,323.0,511.0,337.0,3454.0,0.0,59.0,0.0,4566.0,0.0,15.0,0.0,4610.0,0.0,0.0,0.0,4625.0
2018-09-09,2018,4625.0,91.36228936269359,4.3963648190154725,2.637740537018856,249.0,308.0,374.0,3694.0,0.0,30.0,2.0,4593.0,0.0,1.0,0.0,4624.0,0.0,0.0,0.0,4625.0
2018-09-10,2018,4625.0,174.90812177624554,4.541684762215057,2.5705026228959476,357.0,136.0,360.0,3772.0,5.0,43.0,11.0,4566.0,0.0,17.0,1.0,4607.0,0.0,8.0,0.0,4617.0
2018-09-11,2018,4625.0,68.31315603910271,4.124218621444089,2.3661778072647617,328.0,257.0,271.0,3769.0,0.0,26.0,9.0,4590.0,0.0,0.0,0.0,4625.0,0.0,0.0,0.0,4625.0
2018-09-12,2018,4625.0,92.22740132664197,4.526731371060312,2.836068346006062,323.0,327.0,209.0,3766.0,3.0,43.0,16.0,4563.0,0.0,1.0,1.0,4623.0,0.0,0.0,0.0,4625.0
2018-09-13,2018,4625.0,87.50039319249169,4.177965143004759,2.4947192769079805,373.0,255.0,322.0,3675.0,4.0,39.0,12.0,4570.0,0.0,2.0,0.0,4623.0,0.0,0.0,0.0,4625.0
2018-09-14,2018,4625.0,102.13682429172103,4.21226963743045,2.691611742343726,214.0,324.0,261.0,3826.0,0.0,34.0,0.0,4591.0,0.0,3.0,0.0,4622.0,0.0,0.0,0.0,4625.0
2018-09-15,2018,4625.0,50.75484133558196,3.301988804551684,1.693378892434603,117.0,214.0,354.0,3940.0,0.0,11.0,0.0,4614.0,0.0,0.0,0.0,4625.0,0.0,0.0,0.0,4625.0
2018-09-16,2018,4625.0,34.26987598160627,3.127987277971737,1.4881223816975293,85.0,218.0,226.0,4096.0,0.0,3.0,0.0,4622.0,0.0,0.0,0.0,4625.0,0.0,0.0,0.0,4625.0
2018-09-17,2018,4625.0,35.35762239546504,3.01748948649994,1.6595999477661019,272.0,209.0,187.0,3957.0,0.0,3.0,0.0,4622.0,0.0,0.0,0.0,4625.0,0.0,0.0,0.0,4625.0
2018-09-18,2018,4625.0,27.28006444388372,2.5862637030949274,1.4493799041822149,93.0,300.0,107.0,4125.0,0.0,1.0,0.0,4624.0,0.0,0.0,0.0,4625.0,0.0,0.0,0.0,4625.0
2018-09-19,2018,4625.0,24.41065096455241,2.761707212893707,1.363711694252993,53.0,283.0,268.0,4021.0,0.0,0.0,0.0,4625.0,0.0,0.0,0.0,4625.0,0.0,0.0,0.0,4625.0
2018-09-20,2018,4625.0,85.63902546217228,5.466457398898739,2.365087171893091,251.0,127.0,1162.0,3085.0,0.0,6.0,7.0,4612.0,0.0,0.0,0.0,4625.0,0.0,0.0,0.0,4625.0
2018-09-21,2018,4625.0,296.07898900735665,9.254607553874543,5.60187687674501,645.0,279.0,1507.0,2194.0,0.0,76.0,0.0,4549.0,0.0,24.0,0.0,4601.0,0.0,3.0,0.0,4622.0
2018-09-22,2018,4625.0,265.2880178064504,9.205219934316633,6.593149264532539,636.0,828.0,729.0,2432.0,0.0,75.0,13.0,4537.0,0.0,6.0,0.0,4619.0,0.0,0.0,0.0,4625.0
2018-09-23,2018,4625.0,205.57842349987013,6.719420494532136,4.745691500811369,747.0,392.0,368.0,3118.0,66.0,98.0,18.0,4443.0,0.0,22.0,6.0,4597.0,0.0,0.0,0.0,4625.0
2018-09-24,2018,4625.0,359.73538216940784,7.989996866321977,6.125515370352534,570.0,561.0,242.0,3252.0,0.0,121.0,0.0,4504.0,0.0,30.0,0.0,4595.0,0.0,3.0,0.0,4622.0
2018-09-25,2018,4625.0,193.3034343316172,5.90860132675927,4.098400558180968,195.0,501.0,338.0,3591.0,0.0,67.0,0.0,4558.0,0.0,11.0,0.0,4614.0,0.0,0.0,0.0,4625.0
2018-09-26,2018,4625.0,88.73674980158192,3.6643795248074715,2.1431897727234266,311.0,196.0,347.0,3771.0,0.0,25.0,1.0,4599.0,0.0,6.0,0.0,4619.0,0.0,0.0,0.0,4625.0
2018-09-27,2018,4625.0,51.337557185021645,3.5412695799705163,1.9382707863169104,232.0,265.0,274.0,3854.0,0.0,8.0,1.0,4616.0,0.0,0.0,0.0,4625.0,0.0,0.0,0.0,4625.0
2018-09-28,2018,4625.0,31.726559772920254,3.1042528069937716,1.4446727622479387,156.0,183.0,311.0,3975.0,0.0,1.0,1.0,4623.0,0.0,0.0,0.0,4625.0,0.0,0.0,0.0,4625.0
2018-09-29,2018,4625.0,38.959015998269706,2.9141786697185976,1.5705592446707637,178.0,219.0,169.0,4059.0,0.0,7.0,0.0,4618.0,0.0,0.0,0.0,4625.0,0.0,0.0,0.0,4625.0
2018-09-30,2018,4625.0,26.52049842404451,2.381019364174257,1.0674074173509867,62.0,138.0,191.0,4234.0,0.0,4.0,0.0,4621.0,0.0,0.0,0.0,4625.0,0.0,0.0,0.0,4625.0
2020-06-02,2020,4625.0,106.53217748165062,5.698136597199934,3.8439228651202297,501.0,502.0,728.0,2894.0,2.0,34.0,0.0,4589.0,0.0,1.0,0.0,4624.0,0.0,0.0,0.0,4625.0
2020-06-03,2020,4625.0,152.31237753101396,6.540749399184358,3.9109602779490915,564.0,321.0,682.0,3058.0,0.0,46.0,0.0,4579.0,0.0,4.0,0.0,4621.0,0.0,0.0,0.0,4625.0
2020-06-04,2020,4625.0,253.74393363280987,8.616318249855293,5.775708130401028,629.0,401.0,802.0,2793.0,0.0,65.0,0.0,4560.0,0.0,8.0,0.0,4617.0,0.0,0.0,0.0,4625.0
2020-06-05,2020,4625.0,210.96406039517183,7.209785930572046,5.559492735540369,428.0,776.0,378.0,3043.0,0.0,63.0,0.0,4562.0,0.0,2.0,0.0,4623.0,0.0,0.0,0.0,4625.0
2020-06-06,2020,4625.0,158.50723886528644,5.686103121424851,4.422036242743969,340.0,592.0,146.0,3547.0,0.0,46.0,0.0,4579.0,0.0,8.0,0.0,4617.0,0.0,0.0,0.0,4625.0
2020-06-07,2020,4625.0,68.43168037080198,3.6444787608214924,2.37068368126488,178.0,354.0,116.0,3977.0,0.0,27.0,0.0,4598.0,0.0,1.0,0.0,4624.0,0.0,0.0,0.0,4625.0
2020-06-08,2020,4625.0,41.967318744802164,3.118964221454431,2.0191209569380155,95.0,380.0,199.0,3951.0,0.0,5.0,0.0,4620.0,0.0,0.0,0.0,4625.0,0.0,0.0,0.0,4625.0
2020-06-09,2020,4625.0,55.99881533508606,3.5551994301779386,1.9051317678029904,75.0,266.0,321.0,3963.0,0.0,5.0,0.0,4620.0,0.0,1.0,0.0,4624.0,0.0,0.0,0.0,4625.0
2020-06-10,2020,4625.0,44.86535279153807,4.543893196437961,1.9043644117761231,210.0,118.0,992.0,3305.0,0.0,0.0,0.0,4625.0,0.0,0.0,0.0,4625.0,0.0,0.0,0.0,4625.0
2020-06-11,2020,4625.0,127.96431649160048,6.629964638732294,4.1678105392846625,848.0,273.0,892.0,2612.0,0.0,42.0,0.0,4583.0,0.0,2.0,0.0,4623.0,0.0,0.0,0.0,4625.0
2020-06-12,2020,4625.0,92.934412993708,6.111666752124512,3.712164726279179,938.0,237.0,1075.0,2375.0,0.0,18.0,0.0,4607.0,0.0,1.0,0.0,4624.0,0.0,0.0,0.0,4625.0
2020-06-13,2020,4625.0,104.49644070243971,5.961969287360423,3.877348663665644,1033.0,243.0,820.0,2529.0,0.0,18.0,0.0,4607.0,0.0,4.0,0.0,4621.0,0.0,0.0,0.0,4625.0
2020-06-14,2020,4625.0,93.56457311311779,6.053307672534712,3.664403725486019,842.0,201.0,1100.0,2482.0,0.0,17.0,0.0,4608.0,0.0,1.0,0.0,4624.0,0.0,0.0,0.0,4625.0
2020-06-15,2020,4625.0,102.72662569364314,6.449383419610114,4.042451838367348,930.0,303.0,1163.0,2229.0,0.0,13.0,0.0,4612.0,0.0,0.0,0.0,4625.0,0.0,0.0,0.0,4625.0
2020-06-16,2020,4625.0,145.35258381399328,6.912440919171537,4.934386157512202,1220.0,335.0,667.0,2403.0,0.0,39.0,0.0,4586.0,0.0,3.0,0.0,4622.0,0.0,0.0,0.0,4625.0
2020-06-17,2020,4625.0,193.2705120753,7.40539907635377,5.219080892410996,1112.0,401.0,589.0,2523.0,0.0,71.0,0.0,4554.0,0.0,9.0,0.0,4616.0,0.0,1.0,0.0,4624.0
2020-06-18,2020,4625.0,173.55273285813445,5.990863530415871,4.196399481684389,889.0,316.0,498.0,2922.0,0.0,75.0,0.0,4550.0,0.0,17.0,0.0,4608.0,0.0,1.0,0.0,4624.0
2020-06-19,2020,4625.0,151.5118295060293,6.191482674992107,4.2358290782706804,704.0,429.0,574.0,2918.0,0.0,47.0,0.0,4578.0,0.0,7.0,0.0,4618.0,0.0,0.0,0.0,4625.0
2020-06-20,2020,4625.0,102.6234992305807,5.76286930503862,3.6761072212866273,709.0,319.0,709.0,2888.0,0.0,28.0,0.0,4597.0,0.0,1.0,0.0,4624.0,0.0,0.0,0.0,4625.0
2020-06-21,2020,4625.0,119.32169902734418,5.830429474137947,3.7840317967750265,817.0,293.0,699.0,2816.0,0.0,37.0,0.0,4588.0,0.0,4.0,0.0,4621.0,0.0,0.0,0.0,4625.0
2020-06-22,2020,4625.0,183.9982460116227,6.664398874429146,4.403581723572237,757.0,316.0,802.0,2750.0,0.0,83.0,0.0,4542.0,0.0,14.0,0.0,4611.0,0.0,0.0,0.0,4625.0
2020-06-23,2020,4625.0,130.40786892433118,6.201058635309184,4.267807258764949,690.0,505.0,734.0,2696.0,0.0,42.0,0.0,4583.0,0.0,4.0,0.0,4621.0,0.0,0.0,0.0,4625.0
2020-06-24,2020,4625.0,141.46256261729357,6.690858224110407,3.9632156426897374,662.0,330.0,925.0,2708.0,0.0,36.0,0.0,4589.0,0.0,12.0,0.0,4613.0,0.0,2.0,0.0,4623.0
2020-06-25,2020,4625.0,242.3501994437123,7.94332519836227,5.000146654317578,621.0,417.0,1020.0,2567.0,7.0,77.0,8.0,4533.0,0.0,35.0,0.0,4590.0,0.0,3.0,0.0,4622.0
2020-06-26,2020,4625.0,236.4951101006773,7.917940429617215,5.830121616869736,1010.0,440.0,569.0,2606.0,8.0,102.0,9.0,4506.0,0.0,19.0,0.0,4606.0,0.0,3.0,0.0,4622.0
2020-06-27,2020,4625.0,376.0927063808598,8.246689274782142,5.8391513323850495,820.0,466.0,907.0,2432.0,1.0,96.0,0.0,4528.0,0.0,41.0,0.0,4584.0,0.0,10.0,0.0,4615.0
2020-06-28,2020,4625.0,233.37129732618396,7.165767784902278,4.80529273426271,959.0,311.0,983.0,2372.0,0.0,47.0,0.0,4578.0,0.0,6.0,0.0,4619.0,0.0,3.0,0.0,4622.0
2020-06-29,2020,4625.0,147.902598251942,7.174758189987672,4.704733584972549,877.0,396.0,1198.0,2154.0,0.0,43.0,0.0,4582.0,0.0,0.0,0.0,4625.0,0.0,0.0,0.0,4625.0
2020-06-30,2020,4625.0,140.72872813366513,6.853862139721969,4.622028579738035,643.0,554.0,955.0,2473.0,0.0,28.0,0.0,4597.0,0.0,3.0,0.0,4622.0,0.0,0.0,0.0,4625.0
2020-07-01,2020,4625.0,89.93020255562121,5.838289923698374,3.6168866006259215,381.0,577.0,780.0,2887.0,0.0,11.0,0.0,4614.0,0.0,0.0,0.0,4625.0,0.0,0.0,0.0,4625.0
2020-07-02,2020,4625.0,168.1756138465563,6.630089007640709,3.9018314414673188,500.0,312.0,940.0,2873.0,0.0,56.0,0.0,4569.0,0.0,14.0,0.0,4611.0,0.0,1.0,0.0,4624.0
2020-07-03,2020,4625.0,117.25148294535586,6.744972355067738,3.603810861493322,762.0,170.0,1546.0,2147.0,0.0,35.0,0.0,4590.0,0.0,7.0,0.0,4618.0,0.0,0.0,0.0,4625.0
2020-07-04,2020,4625.0,182.475403902931,9.24675476937253,5.518555224685143,1105.0,259.0,1819.0,1442.0,0.0,53.0,0.0,4572.0,0.0,1.0,0.0,4624.0,0.0,0.0,0.0,4625.0
2020-07-05,2020,4625.0,239.93516606561997,10.114224101498321,6.525328011659852,1388.0,365.0,1631.0,1241.0,0.0,57.0,3.0,4565.0,0.0,14.0,0.0,4611.0,0.0,1.0,0.0,4624.0
2020-07-06,2020,4625.0,338.10225459728207,9.732532794844088,7.08616698452396,1485.0,444.0,1051.0,1645.0,15.0,101.0,0.0,4509.0,0.0,20.0,0.0,4605.0,0.0,8.0,0.0,4617.0
2020-07-07,2020,4625.0,330.05235597426923,8.895946704102586,6.627721293898018,1156.0,521.0,679.0,2269.0,11.0,104.0,4.0,4506.0,1.0,29.0,0.0,4595.0,0.0,10.0,0.0,4615.0
2020-07-08,2020,4625.0,375.0394002380884,8.972540303365214,6.017362079393817,877.0,365.0,1301.0,2082.0,0.0,98.0,0.0,4527.0,0.0,29.0,0.0,4596.0,0.0,8.0,0.0,4617.0
2020-07-09,2020,4625.0,220.59815485111704,9.111643539852308,6.197197149168024,1061.0,557.0,1329.0,1678.0,8.0,88.0,7.0,4522.0,0.0,11.0,0.0,4614.0,0.0,0.0,0.0,4625.0
2020-07-10,2020,4625.0,358.55415578744226,9.825659449454252,7.396895972906455,924.0,744.0,671.0,2286.0,24.0,160.0,3.0,4438.0,0.0,26.0,0.0,4599.0,0.0,4.0,0.0,4621.0
2020-07-11,2020,4625.0,261.3488503788045,7.5562258786025716,5.534044420729717,821.0,585.0,534.0,2685.0,17.0,86.0,8.0,4514.0,0.0,25.0,0.0,4600.0,0.0,3.0,0.0,4622.0
2020-07-12,2020,4625.0,286.9802764145469,7.767668990090634,5.289909306526494,811.0,500.0,733.0,2581.0,1.0,81.0,0.0,4543.0,0.0,33.0,0.0,4592.0,0.0,5.0,0.0,4620.0
2020-07-13,2020,4625.0,158.153674615554,7.18595047062421,4.708036243310123,832.0,428.0,1064.0,2301.0,0.0,47.0,0.0,4578.0,0.0,8.0,0.0,4617.0,0.0,1.0,0.0,4624.0
2020-07-14,2020,4625.0,133.63884808211301,7.569661404481806,4.324732368440422,926.0,181.0,1517.0,2001.0,0.0,29.0,0.0,4596.0,0.0,0.0,0.0,4625.0,0.0,0.0,0.0,4625.0
2020-07-15,2020,4625.0,158.93284809425666,8.568334129782397,5.357455025845006,1122.0,372.0,1387.0,1744.0,0.0,32.0,0.0,4593.0,0.0,0.0,0.0,4625.0,0.0,0.0,0.0,4625.0
2020-07-16,2020,4625.0,139.98940446036733,7.232158642218489,5.1092654554745875,1194.0,441.0,881.0,2109.0,0.0,49.0,0.0,4576.0,0.0,3.0,0.0,4622.0,0.0,0.0,0.0,4625.0
2020-07-17,2020,4625.0,84.39499650971855,5.644316749465493,3.6020920152976483,518.0,569.0,538.0,3000.0,0.0,29.0,0.0,4596.0,0.0,2.0,0.0,4623.0,0.0,0.0,0.0,4625.0
2020-07-18,2020,4625.0,105.24064936333052,6.4677350063923935,3.335653577086216,462.0,227.0,1005.0,2931.0,0.0,33.0,1.0,4591.0,0.0,2.0,0.0,4623.0,0.0,0.0,0.0,4625.0
2020-07-19,2020,4625.0,181.8220458948127,8.25184036278467,4.5745071498875065,663.0,325.0,1551.0,2086.0,9.0,61.0,8.0,4547.0,0.0,11.0,0.0,4614.0,0.0,4.0,0.0,4621.0
2020-07-20,2020,4625.0,389.1111943901873,10.521330592462744,7.265864326435588,1314.0,372.0,1249.0,1690.0,6.0,141.0,2.0,4476.0,0.0,62.0,0.0,4563.0,0.0,6.0,0.0,4619.0
2020-07-21,2020,4625.0,315.59146344295834,9.846965873089264,7.445250367645595,1362.0,718.0,986.0,1559.0,0.0,98.0,0.0,4527.0,0.0,19.0,0.0,4606.0,0.0,4.0,0.0,4621.0
2020-07-22,2020,4625.0,164.04561533622294,7.812792541755395,5.455386957865645,942.0,646.0,1029.0,2008.0,0.0,35.0,0.0,4590.0,0.0,10.0,0.0,4615.0,0.0,0.0,0.0,4625.0
2020-07-23,2020,4625.0,136.68496084500356,7.2472396625733735,4.721853782845875,1188.0,234.0,1184.0,2019.0,0.0,46.0,0.0,4579.0,0.0,1.0,0.0,4624.0,0.0,0.0,0.0,4625.0
2020-07-24,2020,4625.0,186.5887516356941,7.843979549851311,5.627519650937313,1245.0,421.0,1136.0,1823.0,0.0,64.0,0.0,4561.0,0.0,6.0,0.0,4619.0,0.0,0.0,0.0,4625.0
2020-07-25,2020,4625.0,143.89211671090754,7.026285118664192,4.908092247195831,581.0,717.0,795.0,2532.0,0.0,33.0,0.0,4592.0,0.0,1.0,0.0,4624.0,0.0,0.0,0.0,4625.0
2020-07-26,2020,4625.0,68.54410045355817,5.065418215875722,3.344131242615752,289.0,620.0,408.0,3308.0,0.0,6.0,0.0,4619.0,0.0,1.0,0.0,4624.0,0.0,0.0,0.0,4625.0
2020-07-27,2020,4625.0,59.458315518665934,5.335830517148958,2.4729983938581483,264.0,210.0,965.0,3186.0,0.0,3.0,0.0,4622.0,0.0,0.0,0.0,4625.0,0.0,0.0,0.0,4625.0
2020-07-28,2020,4625.0,108.45432138388473,7.215901155554035,3.6445202658352445,653.0,136.0,1815.0,2021.0,0.0,30.0,0.0,4595.0,0.0,3.0,0.0,4622.0,0.0,0.0,0.0,4625.0
2020-07-29,2020,4625.0,240.96459262521566,9.157445157965697,6.538764107799776,1365.0,487.0,1243.0,1530.0,0.0,67.0,0.0,4558.0,0.0,7.0,0.0,4618.0,0.0,1.0,0.0,4624.0
2020-07-30,2020,4625.0,191.53795875778437,8.119115956735858,5.8698005562709135,1136.0,480.0,865.0,2144.0,0.0,74.0,0.0,4551.0,0.0,8.0,0.0,4617.0,0.0,0.0,0.0,4625.0
2020-07-31,2020,4625.0,137.7276197156358,7.308060986309331,4.175040334846654,701.0,341.0,1667.0,1916.0,0.0,39.0,0.0,4586.0,0.0,11.0,0.0,4614.0,0.0,0.0,0.0,4625.0
2020-08-01,2020,4625.0,127.3868779417541,7.331803832614291,4.63480264136735,504.0,676.0,1345.0,2100.0,0.0,26.0,0.0,4599.0,0.0,0.0,0.0,4625.0,0.0,0.0,0.0,4625.0
2020-08-02,2020,4625.0,119.96873516033861,6.87110280857987,4.1529539698179905,460.0,539.0,1186.0,2440.0,0.0,22.0,0.0,4603.0,0.0,0.0,0.0,4625.0,0.0,0.0,0.0,4625.0
2020-08-03,2020,4625.0,96.18553368375339,6.706875500763583,3.8440290423749546,761.0,276.0,1394.0,2194.0,0.0,12.0,0.0,4613.0,0.0,1.0,0.0,4624.0,0.0,0.0,0.0,4625.0
2020-08-04,2020,4625.0,152.75684910013962,8.295744513004514,4.3507119431963845,772.0,198.0,1792.0,1863.0,22.0,51.0,6.0,4546.0,0.0,20.0,0.0,4605.0,0.0,0.0,0.0,4625.0
2020-08-05,2020,4625.0,415.1776980664498,10.933560254889933,7.179005060968111,1499.0,144.0,1525.0,1457.0,23.0,159.0,6.0,4437.0,0.0,58.0,0.0,4567.0,0.0,12.0,0.0,4613.0
2020-08-06,2020,4625.0,344.3089975400427,9.094926149912041,6.823871493524264,1385.0,425.0,843.0,1972.0,1.0,107.0,1.0,4516.0,0.0,49.0,0.0,4576.0,0.0,10.0,0.0,4615.0
2020-08-07,2020,4625.0,304.23215349069864,8.115396250093132,5.990025144692397,714.0,760.0,783.0,2368.0,0.0,97.0,0.0,4528.0,0.0,38.0,0.0,4587.0,0.0,3.0,0.0,4622.0
2020-08-08,2020,4625.0,180.19267268753356,8.390208556610155,4.635459688955737,634.0,348.0,1731.0,1912.0,0.0,62.0,0.0,4563.0,0.0,21.0,0.0,4604.0,0.0,1.0,0.0,4624.0
2020-08-09,2020,4625.0,163.23859247999044,8.882091685229646,5.347827793808849,1056.0,369.0,1701.0,1499.0,0.0,56.0,0.0,4569.0,0.0,1.0,0.0,4624.0,0.0,0.0,0.0,4625.0
2020-08-10,2020,4625.0,293.10736694841125,9.952296895617508,7.425057225249636,1204.0,635.0,1086.0,1700.0,0.0,122.0,0.0,4503.0,0.0,8.0,0.0,4617.0,0.0,0.0,0.0,4625.0
2020-08-11,2020,4625.0,186.16324724503167,9.039711679395248,5.86781785879704,994.0,455.0,1492.0,1684.0,0.0,50.0,0.0,4575.0,0.0,2.0,0.0,4623.0,0.0,0.0,0.0,4625.0
2020-08-12,2020,4625.0,270.89993680430103,10.377545411257996,6.743219826092357,1364.0,298.0,1530.0,1433.0,0.0,93.0,0.0,4532.0,0.0,14.0,0.0,4611.0,0.0,0.0,0.0,4625.0
2020-08-13,2020,4625.0,375.52487980972836,11.000240642648476,8.071282397908476,1921.0,250.0,1044.0,1410.0,0.0,177.0,0.0,4448.0,0.0,27.0,0.0,4598.0,0.0,1.0,0.0,4624.0
2020-08-14,2020,4625.0,366.3845245840476,10.580268775481073,7.916294764191186,1861.0,244.0,983.0,1537.0,0.0,163.0,0.0,4462.0,0.0,28.0,0.0,4597.0,0.0,2.0,0.0,4623.0
2020-08-15,2020,4625.0,397.50922955887705,10.339395253568258,6.903130174239698,1443.0,207.0,1294.0,1681.0,0.0,159.0,0.0,4466.0,0.0,50.0,0.0,4575.0,0.0,6.0,0.0,4619.0
2020-08-16,2020,4625.0,437.9672427877613,11.057059004869835,7.96116511116566,1493.0,339.0,1169.0,1624.0,0.0,168.0,0.0,4457.0,0.0,44.0,0.0,4581.0,0.0,7.0,0.0,4618.0
2020-08-17,2020,4625.0,309.31643899929725,9.960170166277798,7.252063666898543,1327.0,491.0,1042.0,1765.0,0.0,134.0,0.0,4491.0,0.0,21.0,0.0,4604.0,0.0,0.0,0.0,4625.0
2020-08-18,2020,4625.0,261.0517747437647,9.792042506208452,6.23295542474296,1054.0,319.0,1768.0,1484.0,0.0,100.0,0.0,4525.0,0.0,13.0,0.0,4612.0,0.0,1.0,0.0,4624.0
2020-08-19,2020,4625.0,194.86178343064844,9.149045488022878,5.733976768433181,1250.0,250.0,1571.0,1554.0,0.0,58.0,0.0,4567.0,0.0,1.0,0.0,4624.0,0.0,0.0,0.0,4625.0
2020-08-20,2020,4625.0,363.73543906904024,11.20010947443316,7.843548151285372,1701.0,203.0,1348.0,1373.0,0.0,151.0,0.0,4474.0,0.0,26.0,0.0,4599.0,0.0,1.0,0.0,4624.0
2020-08-21,2020,4625.0,377.03900355047097,11.134094537483275,8.414294758495107,1542.0,577.0,1058.0,1448.0,0.0,156.0,0.0,4469.0,0.0,26.0,0.0,4599.0,0.0,1.0,0.0,4624.0
2020-08-22,2020,4625.0,316.55100051105654,9.09170994316444,6.763982191179212,1088.0,583.0,799.0,2155.0,28.0,131.0,0.0,4466.0,0.0,55.0,0.0,4570.0,0.0,8.0,0.0,4617.0
2020-08-23,2020,4625.0,227.8056841305019,7.814489338832167,5.286102412598033,917.0,403.0,913.0,2392.0,24.0,96.0,7.0,4498.0,0.0,30.0,0.0,4595.0,0.0,2.0,0.0,4623.0
2020-08-24,2020,4625.0,390.68986488486456,8.947760463356403,6.599180775694821,758.0,520.0,737.0,2610.0,0.0,151.0,7.0,4467.0,0.0,54.0,0.0,4571.0,0.0,4.0,0.0,4621.0
2020-08-25,2020,4625.0,373.6910864698411,9.121903423485065,6.194105920088405,503.0,446.0,1059.0,2617.0,0.0,97.0,0.0,4528.0,0.0,36.0,0.0,4589.0,0.0,0.0,0.0,4625.0
2020-08-26,2020,4625.0,297.38868701555975,8.821012394498442,5.407242522363343,630.0,318.0,1196.0,2481.0,9.0,134.0,6.0,4476.0,0.0,51.0,0.0,4574.0,0.0,0.0,0.0,4625.0
2020-08-27,2020,4625.0,353.376595020145,10.185061575307884,7.199059334318521,1026.0,523.0,800.0,2276.0,0.0,157.0,3.0,4465.0,0.0,35.0,0.0,4590.0,0.0,0.0,0.0,4625.0
2020-08-28,2020,4625.0,340.07501793529474,9.218293215012762,6.55098793479126,906.0,491.0,857.0,2371.0,0.0,205.0,0.0,4420.0,0.0,39.0,0.0,4586.0,0.0,4.0,0.0,4621.0
2020-08-29,2020,4625.0,331.3522217693174,8.20127605364713,5.875394261710586,798.0,434.0,559.0,2834.0,1.0,159.0,0.0,4465.0,0.0,54.0,0.0,4571.0,0.0,8.0,0.0,4617.0
2020-08-30,2020,4625.0,543.0085139038347,9.266754952012324,7.175915257015388,787.0,453.0,419.0,2966.0,0.0,167.0,0.0,4458.0,0.0,62.0,0.0,4563.0,0.0,9.0,0.0,4616.0
2020-08-31,2020,4625.0,401.39565264080557,8.404282156928506,6.423844983871841,499.0,498.0,597.0,3031.0,0.0,142.0,0.0,4483.0,0.0,36.0,0.0,4589.0,0.0,2.0,0.0,4623.0
2020-09-01,2020,4625.0,110.56746654437762,6.22256358990891,3.7269368712795337,393.0,389.0,1038.0,2805.0,0.0,16.0,0.0,4609.0,0.0,2.0,0.0,4623.0,0.0,0.0,0.0,4625.0
2020-09-02,2020,4625.0,121.01573317872814,6.7298658182827396,4.022257639545103,620.0,328.0,1067.0,2610.0,0.0,28.0,0.0,4597.0,0.0,1.0,0.0,4624.0,0.0,0.0,0.0,4625.0
2020-09-03,2020,4625.0,94.81218949265353,6.339123930221494,3.6490693201974373,427.0,448.0,975.0,2775.0,0.0,14.0,0.0,4611.0,0.0,0.0,0.0,4625.0,0.0,0.0,0.0,4625.0
2020-09-04,2020,4625.0,84.18400865378219,5.3766027387246655,3.325743139605862,503.0,394.0,671.0,3057.0,0.0,21.0,0.0,4604.0,0.0,1.0,0.0,4624.0,0.0,0.0,0.0,4625.0
2020-09-05,2020,4625.0,89.73432233074848,5.746545947467314,3.179852788453431,292.0,408.0,543.0,3382.0,0.0,14.0,1.0,4610.0,0.0,0.0,0.0,4625.0,0.0,0.0,0.0,4625.0
2020-09-06,2020,4625.0,78.1382411223872,5.983796896631254,2.946753803632681,351.0,284.0,1147.0,2843.0,0.0,16.0,1.0,4608.0,0.0,0.0,0.0,4625.0,0.0,0.0,0.0,4625.0
2020-09-07,2020,4625.0,150.72954789694987,6.53759696590092,4.511770259142245,554.0,598.0,562.0,2911.0,0.0,46.0,0.0,4579.0,0.0,10.0,0.0,4615.0,0.0,0.0,0.0,4625.0
2020-09-08,2020,4625.0,167.41608612537948,5.866890398725483,3.8089037189513713,418.0,403.0,695.0,3109.0,0.0,45.0,0.0,4580.0,0.0,20.0,0.0,4605.0,0.0,0.0,0.0,4625.0
2020-09-09,2020,4625.0,72.71282081303167,5.206877443545448,2.6690325073022265,414.0,184.0,1157.0,2870.0,0.0,17.0,0.0,4608.0,0.0,0.0,0.0,4625.0,0.0,0.0,0.0,4625.0
2020-09-10,2020,4625.0,93.48081789317519,5.980444021234701,3.5079762423750322,679.0,287.0,1430.0,2229.0,0.0,14.0,0.0,4611.0,0.0,1.0,0.0,4624.0,0.0,0.0,0.0,4625.0
2020-09-11,2020,4625.0,93.23829797372869,6.0416681575738895,3.6652467723420616,792.0,314.0,1120.0,2399.0,0.0,18.0,0.0,4607.0,0.0,0.0,0.0,4625.0,0.0,0.0,0.0,4625.0
2020-09-12,2020,4625.0,99.77667453376115,5.794624908550188,3.407764868565682,657.0,245.0,1069.0,2654.0,0.0,32.0,0.0,4593.0,0.0,2.0,0.0,4623.0,0.0,0.0,0.0,4625.0
2020-09-13,2020,4625.0,133.56118548563754,6.148314919858455,3.91720859459247,955.0,164.0,835.0,2671.0,0.0,47.0,0.0,4578.0,0.0,6.0,0.0,4619.0,0.0,0.0,0.0,4625.0
2020-09-14,2020,4625.0,142.45498409436468,6.4651698878645885,4.382783574790588,841.0,311.0,650.0,2823.0,0.0,56.0,0.0,4569.0,0.0,1.0,0.0,4624.0,0.0,0.0,0.0,4625.0
2020-09-15,2020,4625.0,169.46506995801985,6.416669526482931,4.051591535894677,717.0,231.0,816.0,2861.0,0.0,70.0,0.0,4555.0,0.0,10.0,0.0,4615.0,0.0,1.0,0.0,4624.0
2020-09-16,2020,4625.0,127.71995296204551,5.9404173787085846,3.9300278202254737,669.0,394.0,726.0,2836.0,0.0,41.0,0.0,4584.0,0.0,7.0,0.0,4618.0,0.0,0.0,0.0,4625.0
2020-09-17,2020,4625.0,121.98730840863186,5.687887536598738,3.67290118657031,644.0,297.0,786.0,2898.0,0.0,36.0,0.0,4589.0,0.0,8.0,0.0,4617.0,0.0,0.0,0.0,4625.0
2020-09-18,2020,4625.0,133.20874209109618,6.302372476509969,3.764945690445901,629.0,232.0,1160.0,2604.0,0.0,31.0,0.0,4594.0,0.0,4.0,0.0,4621.0,0.0,0.0,0.0,4625.0
2020-09-19,2020,4625.0,122.88899117634594,5.777981322545932,3.335222196354707,566.0,206.0,974.0,2879.0,0.0,30.0,0.0,4595.0,0.0,6.0,0.0,4619.0,0.0,0.0,0.0,4625.0
2020-09-20,2020,4625.0,110.9256821740423,6.1019046863805135,3.464010110804273,648.0,210.0,1247.0,2520.0,3.0,36.0,0.0,4586.0,0.0,12.0,0.0,4613.0,0.0,0.0,0.0,4625.0
2020-09-21,2020,4625.0,150.0604642542461,7.672117013191675,4.793008852974624,1120.0,243.0,1300.0,1962.0,0.0,50.0,0.0,4575.0,0.0,6.0,0.0,4619.0,0.0,1.0,0.0,4624.0
2020-09-22,2020,4625.0,203.06916352295477,8.48753388257994,5.6975071593101685,1240.0,390.0,887.0,2108.0,0.0,58.0,1.0,4566.0,0.0,7.0,0.0,4618.0,0.0,0.0,0.0,4625.0
2020-09-23,2020,4625.0,228.01838049012886,7.381985860115732,5.491595892155908,1310.0,305.0,433.0,2577.0,0.0,76.0,4.0,4545.0,0.0,17.0,0.0,4608.0,0.0,2.0,0.0,4623.0
2020-09-24,2020,4625.0,285.1378656255427,7.730983257359136,6.0888139950980396,750.0,666.0,306.0,2903.0,9.0,143.0,0.0,4473.0,0.0,23.0,0.0,4602.0,0.0,1.0,0.0,4624.0
2020-09-25,2020,4625.0,444.5563275420917,8.581076353058153,5.941635325863375,445.0,383.0,988.0,2809.0,0.0,152.0,1.0,4472.0,0.0,43.0,0.0,4582.0,0.0,4.0,0.0,4621.0
2020-09-26,2020,4625.0,329.2586729484141,8.25428111986022,6.631023101671724,673.0,622.0,144.0,3186.0,0.0,158.0,0.0,4467.0,0.0,25.0,0.0,4600.0,0.0,0.0,0.0,4625.0
2020-09-27,2020,4625.0,100.6901845918241,4.2265671877970625,3.1544668163288603,221.0,487.0,149.0,3768.0,0.0,30.0,0.0,4595.0,0.0,3.0,0.0,4622.0,0.0,0.0,0.0,4625.0
2020-09-28,2020,4625.0,25.169756961772343,2.158092542211013,1.304407120956787,93.0,207.0,70.0,4255.0,0.0,4.0,0.0,4621.0,0.0,0.0,0.0,4625.0,0.0,0.0,0.0,4625.0
2020-09-29,2020,4625.0,24.966119950844178,2.5489890916288696,1.1053903781583598,50.0,111.0,364.0,4100.0,0.0,2.0,0.0,4623.0,0.0,0.0,0.0,4625.0,0.0,0.0,0.0,4625.0
2020-09-30,2020,4625.0,62.48176468459656,3.784512148260421,2.2879777246162347,239.0,291.0,472.0,3623.0,0.0,5.0,0.0,4620.0,0.0,0.0,0.0,4625.0,0.0,0.0,0.0,4625.0
